customer_id,name,email,phone,plan_type,monthly_charge,tenure_months,total_charges,contract_type,payment_method,num_tickets,avg_satisfaction,churn_status
1,Cliente 1,cliente1@example.com,0968803846,Combo TV+Internet,56.94,37,1919.21,one-year,cash,4,2.51,0
2,Cliente 2,cliente2@example.com,0940537813,Fibra 200MB,38.94,33,1185.35,two-year,credit_card,5,4.54,0
3,Cliente 3,cliente3@example.com,0936359504,Fibra 200MB,45.65,5,233.87,one-year,bank_transfer,0,3.66,0
4,Cliente 4,cliente4@example.com,0984992411,Fibra 500MB,25.31,8,186.64,month-to-month,credit_card,2,4.05,0
5,Cliente 5,cliente5@example.com,0934371487,Plan Prepago Movil,20.8,43,856.38,two-year,credit_card,2,2.3,0
6,Cliente 6,cliente6@example.com,0922958845,Fibra 200MB,18.02,41,696.13,month-to-month,bank_transfer,1,4.49,1
7,Cliente 7,cliente7@example.com,0936668713,Fibra 200MB,56.69,40,2123.65,two-year,credit_card,1,5.0,0
8,Cliente 8,cliente8@example.com,0956848314,Fibra 1GB,38.92,11,386.96,month-to-month,bank_transfer,1,2.21,0
9,Cliente 9,cliente9@example.com,0914206715,Plan Ilimitado,15.0,37,546.64,month-to-month,bank_transfer,2,3.99,0
10,Cliente 10,cliente10@example.com,0951628615,Plan Ilimitado,43.86,4,168.46,month-to-month,credit_card,2,2.74,0
11,Cliente 11,cliente11@example.com,0917246850,Fibra 200MB,22.52,10,221.31,month-to-month,credit_card,0,5.0,0
12,Cliente 12,cliente12@example.com,0926033399,Plan Familiar,74.89,36,2549.58,two-year,bank_transfer,1,4.96,0
13,Cliente 13,cliente13@example.com,0988813078,Plan Ilimitado,34.58,45,1620.24,month-to-month,cash,1,3.91,0
14,Cliente 14,cliente14@example.com,0901197204,Plan Ilimitado,57.27,47,2661.28,one-year,credit_card,1,2.25,0
15,Cliente 15,cliente15@example.com,0950459114,Plan Ilimitado,64.6,71,4789.24,month-to-month,cash,0,2.52,0
16,Cliente 16,cliente16@example.com,0939723682,Fibra 200MB,27.81,62,1642.32,two-year,cash,1,4.42,0
17,Cliente 17,cliente17@example.com,0926824647,Fibra 1GB,46.37,27,1127.22,month-to-month,bank_transfer,1,2.1,1
18,Cliente 18,cliente18@example.com,0958698281,Combo TV+Internet,54.96,57,3186.57,month-to-month,credit_card,1,2.14,0
19,Cliente 19,cliente19@example.com,0920171148,Fibra 500MB,47.08,6,289.29,month-to-month,bank_transfer,4,3.61,0
20,Cliente 20,cliente20@example.com,0989013205,Fibra 1GB,51.5,62,2901.82,one-year,cash,1,3.75,0
21,Cliente 21,cliente21@example.com,0944044278,Internet Hogar 100MB,21.07,28,586.31,two-year,credit_card,1,4.02,0
22,Cliente 22,cliente22@example.com,0996613057,Fibra 500MB,54.97,55,3020.79,two-year,cash,1,3.12,0
23,Cliente 23,cliente23@example.com,0960581529,Fibra 1GB,36.25,70,2339.22,month-to-month,cash,1,4.61,0
24,Cliente 24,cliente24@example.com,0957582745,Fibra 500MB,51.29,51,2571.0,month-to-month,bank_transfer,1,2.65,0
25,Cliente 25,cliente25@example.com,0961874564,Fibra 200MB,61.56,67,3862.53,month-to-month,bank_transfer,2,4.29,0
26,Cliente 26,cliente26@example.com,0965720481,Combo TV+Internet,57.04,0,0.0,month-to-month,bank_transfer,3,3.84,0
27,Cliente 27,cliente27@example.com,0984248865,Internet Hogar 100MB,51.28,12,633.84,one-year,bank_transfer,1,4.26,0
28,Cliente 28,cliente28@example.com,0989798005,Fibra 500MB,56.56,45,2478.4,month-to-month,cash,2,4.9,0
29,Cliente 29,cliente29@example.com,0992981420,Fibra 200MB,57.39,39,2276.83,one-year,credit_card,0,3.1,0
30,Cliente 30,cliente30@example.com,0962564003,Fibra 500MB,71.92,8,580.21,two-year,credit_card,1,2.87,0
31,Cliente 31,cliente31@example.com,0908101656,Fibra 1GB,44.39,52,2421.51,month-to-month,credit_card,2,1.74,0
32,Cliente 32,cliente32@example.com,0933613149,Combo TV+Internet,47.95,4,185.22,month-to-month,cash,1,1.38,0
33,Cliente 33,cliente33@example.com,0986637851,Plan Prepago Movil,61.78,72,4288.62,month-to-month,credit_card,0,3.41,0
34,Cliente 34,cliente34@example.com,0961310764,Plan Ilimitado,36.17,11,374.9,month-to-month,cash,2,3.48,0
35,Cliente 35,cliente35@example.com,0936524758,Plan Ilimitado,20.97,32,666.86,month-to-month,bank_transfer,2,2.41,0
36,Cliente 36,cliente36@example.com,0954726622,Fibra 500MB,53.88,60,3145.25,one-year,credit_card,1,,0
37,Cliente 37,cliente37@example.com,0901061517,Fibra 1GB,41.29,37,1541.96,month-to-month,cash,0,5.0,1
38,Cliente 38,cliente38@example.com,0962726647,Plan Prepago Movil,23.26,54,1197.6,one-year,bank_transfer,2,4.56,0
39,Cliente 39,cliente39@example.com,0994245194,Plan Ilimitado,54.01,51,2533.12,two-year,credit_card,1,2.21,0
40,Cliente 40,cliente40@example.com,0999011530,Fibra 200MB,70.76,69,5025.81,two-year,credit_card,1,3.11,0
41,Cliente 41,cliente41@example.com,0953878560,Plan Prepago Movil,15.66,33,529.29,one-year,credit_card,0,4.05,0
42,Cliente 42,cliente42@example.com,0974003327,Internet Hogar 100MB,63.4,71,4288.26,month-to-month,credit_card,2,,0
43,Cliente 43,cliente43@example.com,0942647578,Fibra 500MB,15.0,37,556.97,month-to-month,credit_card,1,2.71,0
44,Cliente 44,cliente44@example.com,0901752090,Combo TV+Internet,37.79,65,2392.14,month-to-month,bank_transfer,2,3.23,0
45,Cliente 45,cliente45@example.com,0942375009,Plan Prepago Movil,78.13,53,4199.47,two-year,credit_card,2,4.8,0
46,Cliente 46,cliente46@example.com,0924782243,Plan Ilimitado,39.09,9,337.22,two-year,credit_card,1,4.9,0
47,Cliente 47,cliente47@example.com,0977237558,Fibra 200MB,46.62,46,2102.37,month-to-month,credit_card,0,2.79,1
48,Cliente 48,cliente48@example.com,0966480066,Plan Ilimitado,58.73,64,3415.45,month-to-month,credit_card,0,4.11,0
49,Cliente 49,cliente49@example.com,0926163537,Fibra 1GB,15.0,9,125.04,month-to-month,cash,0,3.59,0
50,Cliente 50,cliente50@example.com,0918429150,Combo TV+Internet,46.3,61,2873.06,month-to-month,credit_card,1,,0
51,Cliente 51,cliente51@example.com,0981268423,Internet Hogar 100MB,46.16,7,309.3,two-year,credit_card,1,3.27,0
52,Cliente 52,cliente52@example.com,0999198524,Combo TV+Internet,78.52,63,4478.13,month-to-month,bank_transfer,0,2.21,0
53,Cliente 53,cliente53@example.com,0972340410,Fibra 500MB,22.76,57,1200.21,month-to-month,cash,1,4.88,0
54,Cliente 54,cliente54@example.com,0937947266,Plan Prepago Movil,38.13,11,403.38,month-to-month,bank_transfer,1,,0
55,Cliente 55,cliente55@example.com,0934636250,Plan Prepago Movil,28.29,53,1510.9,month-to-month,cash,1,3.15,0
56,Cliente 56,cliente56@example.com,0945830058,Plan Ilimitado,26.38,8,201.44,month-to-month,cash,1,2.89,0
57,Cliente 57,cliente57@example.com,0988348844,Fibra 500MB,65.29,41,2708.42,two-year,bank_transfer,1,4.76,0
58,Cliente 58,cliente58@example.com,0901555324,Plan Familiar,45.48,67,3134.64,month-to-month,cash,0,4.94,0
59,Cliente 59,cliente59@example.com,0989035231,Fibra 200MB,35.0,15,499.36,one-year,credit_card,1,2.37,0
60,Cliente 60,cliente60@example.com,0948906970,Plan Prepago Movil,35.68,12,436.75,month-to-month,cash,2,3.44,1
61,Cliente 61,cliente61@example.com,0937922281,Combo TV+Internet,34.86,30,961.12,month-to-month,cash,2,3.54,0
62,Cliente 62,cliente62@example.com,0931905145,Internet Hogar 100MB,36.47,26,912.47,month-to-month,cash,0,2.75,1
63,Cliente 63,cliente63@example.com,0965428667,Plan Prepago Movil,22.24,3,61.02,month-to-month,bank_transfer,1,4.02,0
64,Cliente 64,cliente64@example.com,0929942339,Plan Prepago Movil,40.34,33,1208.59,month-to-month,bank_transfer,0,2.83,0
65,Cliente 65,cliente65@example.com,0929299616,Fibra 1GB,38.53,18,630.9,month-to-month,credit_card,0,3.01,0
66,Cliente 66,cliente66@example.com,0999443269,Internet Hogar 100MB,31.36,9,258.45,two-year,bank_transfer,1,3.49,0
67,Cliente 67,cliente67@example.com,0928009148,Fibra 500MB,47.79,20,980.04,one-year,credit_card,1,1.96,0
68,Cliente 68,cliente68@example.com,0933063141,Plan Familiar,49.32,1,48.41,two-year,bank_transfer,2,1.34,1
69,Cliente 69,cliente69@example.com,0987998510,Internet Hogar 100MB,34.98,66,2405.89,month-to-month,bank_transfer,0,4.61,0
70,Cliente 70,cliente70@example.com,0902820944,Combo TV+Internet,42.41,72,2994.59,one-year,credit_card,1,2.79,0
71,Cliente 71,cliente71@example.com,0939389470,Plan Familiar,83.86,26,2167.95,one-year,credit_card,1,5.0,0
72,Cliente 72,cliente72@example.com,0979100824,Combo TV+Internet,83.17,63,4860.74,month-to-month,credit_card,1,5.0,0
73,Cliente 73,cliente73@example.com,0933149386,Fibra 500MB,26.03,33,842.74,month-to-month,bank_transfer,3,3.04,0
74,Cliente 74,cliente74@example.com,0975322544,Fibra 200MB,28.54,66,1804.14,month-to-month,bank_transfer,2,5.0,0
75,Cliente 75,cliente75@example.com,0939689609,Fibra 1GB,25.93,12,323.52,one-year,bank_transfer,2,4.63,0
76,Cliente 76,cliente76@example.com,0943406078,Plan Familiar,64.03,20,1331.94,month-to-month,credit_card,1,,1
77,Cliente 77,cliente77@example.com,0943680430,Fibra 500MB,37.83,54,1899.36,month-to-month,cash,1,1.0,0
78,Cliente 78,cliente78@example.com,0905752498,Plan Prepago Movil,49.31,16,783.45,two-year,bank_transfer,1,4.36,0
79,Cliente 79,cliente79@example.com,0916633793,Fibra 500MB,80.95,60,4836.24,month-to-month,credit_card,2,,0
80,Cliente 80,cliente80@example.com,0998024624,Fibra 1GB,44.81,31,1367.41,two-year,credit_card,1,4.07,0
81,Cliente 81,cliente81@example.com,0901464346,Plan Familiar,57.71,29,1537.44,two-year,bank_transfer,1,,0
82,Cliente 82,cliente82@example.com,0975003257,Plan Familiar,54.37,33,1790.81,two-year,credit_card,0,2.34,0
83,Cliente 83,cliente83@example.com,0924243063,Internet Hogar 100MB,34.41,58,2035.42,one-year,credit_card,3,,0
84,Cliente 84,cliente84@example.com,0976180585,Fibra 200MB,64.06,0,0.0,month-to-month,credit_card,1,4.38,0
85,Cliente 85,cliente85@example.com,0954069702,Plan Familiar,29.71,54,1567.73,one-year,credit_card,3,3.21,0
86,Cliente 86,cliente86@example.com,0987324000,Internet Hogar 100MB,69.12,56,3551.19,one-year,credit_card,0,3.2,0
87,Cliente 87,cliente87@example.com,0980527190,Plan Familiar,34.43,59,2111.82,one-year,credit_card,2,1.93,0
88,Cliente 88,cliente88@example.com,0981007348,Plan Familiar,36.4,72,2401.78,month-to-month,cash,4,3.7,0
89,Cliente 89,cliente89@example.com,0925209384,Combo TV+Internet,25.41,57,1348.8,month-to-month,bank_transfer,1,2.38,0
90,Cliente 90,cliente90@example.com,0981539374,Fibra 200MB,28.36,38,1018.16,month-to-month,credit_card,1,4.61,0
91,Cliente 91,cliente91@example.com,0946640050,Internet Hogar 100MB,37.32,34,1299.17,month-to-month,bank_transfer,1,2.79,0
92,Cliente 92,cliente92@example.com,0968762619,Plan Prepago Movil,15.0,28,422.14,one-year,bank_transfer,0,3.27,0
93,Cliente 93,cliente93@example.com,0905401751,Fibra 1GB,40.8,60,2205.78,two-year,credit_card,0,5.0,0
94,Cliente 94,cliente94@example.com,0916640010,Plan Ilimitado,35.86,28,931.32,one-year,credit_card,1,3.26,0
95,Cliente 95,cliente95@example.com,0953257161,Internet Hogar 100MB,59.22,41,2458.43,one-year,credit_card,0,3.12,0
96,Cliente 96,cliente96@example.com,0953181736,Plan Familiar,52.61,7,353.75,month-to-month,bank_transfer,0,4.24,0
97,Cliente 97,cliente97@example.com,0974646241,Plan Prepago Movil,32.26,23,670.7,month-to-month,bank_transfer,1,1.64,0
98,Cliente 98,cliente98@example.com,0940483480,Plan Familiar,36.75,19,729.38,month-to-month,credit_card,1,4.98,0
99,Cliente 99,cliente99@example.com,0965325436,Fibra 1GB,40.78,31,1166.44,month-to-month,bank_transfer,0,4.69,0
100,Cliente 100,cliente100@example.com,0938275842,Fibra 200MB,71.75,36,2522.48,month-to-month,cash,0,4.18,1
101,Cliente 101,cliente101@example.com,0936481397,Plan Ilimitado,30.2,52,1471.85,month-to-month,credit_card,1,1.0,0
102,Cliente 102,cliente102@example.com,0909460162,Plan Ilimitado,32.04,31,1003.79,month-to-month,bank_transfer,0,3.31,0
103,Cliente 103,cliente103@example.com,0916281033,Plan Familiar,24.69,10,250.98,one-year,bank_transfer,0,2.2,0
104,Cliente 104,cliente104@example.com,0962947785,Plan Familiar,18.32,39,685.6,month-to-month,bank_transfer,1,4.84,0
105,Cliente 105,cliente105@example.com,0925462596,Fibra 500MB,50.53,3,151.4,month-to-month,bank_transfer,0,4.76,0
106,Cliente 106,cliente106@example.com,0991602814,Internet Hogar 100MB,48.65,61,3075.56,month-to-month,bank_transfer,3,4.03,0
107,Cliente 107,cliente107@example.com,0902146691,Internet Hogar 100MB,68.09,56,3897.77,one-year,credit_card,4,2.28,0
108,Cliente 108,cliente108@example.com,0945013855,Combo TV+Internet,63.75,16,981.48,one-year,credit_card,2,5.0,0
109,Cliente 109,cliente109@example.com,0958573803,Plan Ilimitado,88.15,19,1618.28,month-to-month,cash,0,3.31,0
110,Cliente 110,cliente110@example.com,0921581888,Plan Familiar,43.67,2,90.22,month-to-month,credit_card,1,5.0,0
111,Cliente 111,cliente111@example.com,0909453557,Plan Ilimitado,40.31,26,948.66,two-year,cash,2,3.89,0
112,Cliente 112,cliente112@example.com,0931570885,Plan Ilimitado,21.6,2,39.03,one-year,credit_card,0,4.16,0
113,Cliente 113,cliente113@example.com,0993166921,Fibra 200MB,57.54,68,3642.23,one-year,bank_transfer,3,3.09,0
114,Cliente 114,cliente114@example.com,0963161836,Fibra 1GB,47.13,9,434.41,month-to-month,bank_transfer,0,5.0,0
115,Cliente 115,cliente115@example.com,0955306498,Fibra 1GB,56.72,48,2512.87,two-year,credit_card,0,4.27,0
116,Cliente 116,cliente116@example.com,0903437313,Internet Hogar 100MB,24.5,41,947.03,two-year,cash,0,5.0,0
117,Cliente 117,cliente117@example.com,0974270416,Plan Prepago Movil,51.33,17,867.69,month-to-month,credit_card,1,3.8,0
118,Cliente 118,cliente118@example.com,0984987101,Plan Familiar,48.69,58,2619.66,one-year,bank_transfer,0,3.55,0
119,Cliente 119,cliente119@example.com,0934297666,Fibra 200MB,47.5,7,314.37,month-to-month,bank_transfer,1,4.25,0
120,Cliente 120,cliente120@example.com,0983122954,Plan Prepago Movil,32.7,64,2030.09,one-year,cash,0,5.0,0
121,Cliente 121,cliente121@example.com,0907681632,Internet Hogar 100MB,66.41,54,3350.23,month-to-month,bank_transfer,1,4.72,0
122,Cliente 122,cliente122@example.com,0922709998,Internet Hogar 100MB,81.91,46,3951.97,month-to-month,cash,2,3.75,0
123,Cliente 123,cliente123@example.com,0934187190,Plan Ilimitado,25.01,64,1479.82,two-year,cash,2,1.56,0
124,Cliente 124,cliente124@example.com,0971789110,Plan Familiar,57.97,29,1727.35,two-year,credit_card,2,4.49,0
125,Cliente 125,cliente125@example.com,0981343432,Internet Hogar 100MB,15.0,20,291.15,month-to-month,cash,1,2.02,0
126,Cliente 126,cliente126@example.com,0938194249,Plan Prepago Movil,57.03,11,576.75,two-year,cash,1,3.64,0
127,Cliente 127,cliente127@example.com,0988287048,Internet Hogar 100MB,15.0,67,922.36,month-to-month,credit_card,2,3.47,0
128,Cliente 128,cliente128@example.com,0955308722,Plan Ilimitado,35.55,29,1005.22,month-to-month,bank_transfer,0,2.04,0
129,Cliente 129,cliente129@example.com,0957068400,Combo TV+Internet,21.37,60,1221.97,two-year,credit_card,1,4.01,0
130,Cliente 130,cliente130@example.com,0918419816,Fibra 1GB,41.12,24,922.92,month-to-month,bank_transfer,0,5.0,0
131,Cliente 131,cliente131@example.com,0930058979,Plan Familiar,60.1,69,4328.7,month-to-month,credit_card,0,3.26,0
132,Cliente 132,cliente132@example.com,0921117147,Plan Familiar,15.0,63,916.18,one-year,bank_transfer,1,4.44,0
133,Cliente 133,cliente133@example.com,0991101339,Fibra 1GB,38.53,22,880.99,month-to-month,credit_card,2,5.0,0
134,Cliente 134,cliente134@example.com,0943473146,Plan Familiar,35.76,35,1157.23,month-to-month,bank_transfer,1,4.55,0
135,Cliente 135,cliente135@example.com,0935398781,Internet Hogar 100MB,73.46,57,3883.73,month-to-month,credit_card,0,2.89,0
136,Cliente 136,cliente136@example.com,0964701259,Fibra 200MB,52.77,16,835.37,one-year,bank_transfer,1,3.86,0
137,Cliente 137,cliente137@example.com,0984085068,Internet Hogar 100MB,23.81,1,22.39,month-to-month,bank_transfer,2,4.13,0
138,Cliente 138,cliente138@example.com,0988966168,Fibra 500MB,36.52,21,711.5,month-to-month,bank_transfer,2,5.0,0
139,Cliente 139,cliente139@example.com,0988128958,Internet Hogar 100MB,73.01,43,2870.08,one-year,credit_card,2,4.94,0
140,Cliente 140,cliente140@example.com,0962537314,Plan Ilimitado,57.86,9,474.62,month-to-month,credit_card,1,1.0,1
141,Cliente 141,cliente141@example.com,0948082145,Plan Ilimitado,28.47,24,692.15,month-to-month,credit_card,0,2.66,0
142,Cliente 142,cliente142@example.com,0995149726,Fibra 500MB,40.19,67,2537.43,one-year,cash,0,3.52,0
143,Cliente 143,cliente143@example.com,0972531833,Plan Familiar,40.77,5,213.38,one-year,credit_card,3,2.48,0
144,Cliente 144,cliente144@example.com,0914697896,Plan Familiar,35.32,3,98.27,month-to-month,bank_transfer,1,1.0,1
145,Cliente 145,cliente145@example.com,0983764674,Fibra 200MB,15.0,30,428.93,two-year,credit_card,1,2.8,0
146,Cliente 146,cliente146@example.com,0980338599,Internet Hogar 100MB,32.8,0,0.0,one-year,bank_transfer,0,3.6,0
147,Cliente 147,cliente147@example.com,0947214375,Combo TV+Internet,70.01,2,136.52,month-to-month,credit_card,2,3.02,0
148,Cliente 148,cliente148@example.com,0914405989,Fibra 200MB,38.14,13,510.99,one-year,bank_transfer,4,2.5,0
149,Cliente 149,cliente149@example.com,0989045837,Internet Hogar 100MB,43.14,7,309.59,one-year,credit_card,0,3.65,0
150,Cliente 150,cliente150@example.com,0975204162,Plan Familiar,47.53,59,2528.03,one-year,credit_card,0,3.98,0
151,Cliente 151,cliente151@example.com,0988861905,Fibra 500MB,84.93,8,653.21,one-year,credit_card,1,,1
152,Cliente 152,cliente152@example.com,0980441199,Combo TV+Internet,45.16,38,1757.59,one-year,credit_card,2,5.0,0
153,Cliente 153,cliente153@example.com,0902310548,Combo TV+Internet,64.69,51,2969.37,two-year,bank_transfer,2,3.66,0
154,Cliente 154,cliente154@example.com,0925307760,Internet Hogar 100MB,34.23,45,1509.61,one-year,cash,2,2.64,0
155,Cliente 155,cliente155@example.com,0966461214,Fibra 500MB,40.33,47,1779.73,two-year,bank_transfer,0,2.36,1
156,Cliente 156,cliente156@example.com,0980429622,Plan Prepago Movil,45.23,26,1131.19,one-year,cash,2,3.37,0
157,Cliente 157,cliente157@example.com,0950068718,Fibra 500MB,31.07,64,1915.0,two-year,bank_transfer,1,4.82,0
158,Cliente 158,cliente158@example.com,0928249465,Fibra 500MB,41.33,5,198.13,two-year,credit_card,0,2.69,0
159,Cliente 159,cliente159@example.com,0907343956,Fibra 200MB,60.98,7,441.28,month-to-month,credit_card,1,4.26,0
160,Cliente 160,cliente160@example.com,0953570119,Fibra 200MB,30.59,62,1859.54,month-to-month,credit_card,1,3.7,0
161,Cliente 161,cliente161@example.com,0953165670,Plan Prepago Movil,45.0,4,186.4,one-year,credit_card,2,5.0,0
162,Cliente 162,cliente162@example.com,0967235390,Fibra 1GB,57.76,14,815.93,month-to-month,cash,2,4.03,0
163,Cliente 163,cliente163@example.com,0918680188,Plan Ilimitado,30.16,12,344.79,one-year,bank_transfer,1,2.83,0
164,Cliente 164,cliente164@example.com,0988202950,Fibra 1GB,64.72,2,126.08,one-year,bank_transfer,0,4.41,0
165,Cliente 165,cliente165@example.com,0978157963,Combo TV+Internet,46.31,8,355.1,two-year,bank_transfer,1,4.45,0
166,Cliente 166,cliente166@example.com,0993685786,Plan Familiar,42.03,41,1765.08,month-to-month,credit_card,3,3.16,0
167,Cliente 167,cliente167@example.com,0946460041,Combo TV+Internet,15.0,48,668.26,one-year,bank_transfer,0,2.32,0
168,Cliente 168,cliente168@example.com,0971419803,Plan Familiar,38.27,6,238.91,month-to-month,credit_card,1,4.19,0
169,Cliente 169,cliente169@example.com,0994804810,Fibra 1GB,51.69,68,3469.45,month-to-month,credit_card,4,3.67,0
170,Cliente 170,cliente170@example.com,0970388147,Plan Prepago Movil,76.42,6,454.74,month-to-month,credit_card,0,1.93,0
171,Cliente 171,cliente171@example.com,0933570013,Plan Prepago Movil,55.22,50,2698.93,month-to-month,credit_card,2,3.88,0
172,Cliente 172,cliente172@example.com,0924363832,Plan Ilimitado,65.27,58,3721.96,month-to-month,bank_transfer,0,2.9,0
173,Cliente 173,cliente173@example.com,0986010769,Plan Ilimitado,23.24,38,883.25,one-year,credit_card,1,1.93,0
174,Cliente 174,cliente174@example.com,0930401738,Fibra 200MB,42.72,35,1492.59,one-year,credit_card,1,3.21,0
175,Cliente 175,cliente175@example.com,0956843782,Combo TV+Internet,66.97,7,436.97,month-to-month,cash,1,5.0,0
176,Cliente 176,cliente176@example.com,0989180888,Fibra 200MB,29.02,17,487.11,month-to-month,cash,2,4.93,1
177,Cliente 177,cliente177@example.com,0939508932,Plan Ilimitado,62.37,62,3685.94,month-to-month,bank_transfer,5,4.64,0
178,Cliente 178,cliente178@example.com,0953632264,Fibra 500MB,58.2,25,1448.53,two-year,bank_transfer,1,3.9,0
179,Cliente 179,cliente179@example.com,0905712393,Plan Familiar,49.95,2,98.12,two-year,bank_transfer,2,4.26,1
180,Cliente 180,cliente180@example.com,0986953707,Plan Prepago Movil,39.08,53,1919.94,month-to-month,credit_card,1,3.71,0
181,Cliente 181,cliente181@example.com,0926524574,Internet Hogar 100MB,27.25,49,1348.88,month-to-month,credit_card,1,2.38,0
182,Cliente 182,cliente182@example.com,0900684019,Plan Ilimitado,76.96,4,298.16,month-to-month,credit_card,2,2.6,1
183,Cliente 183,cliente183@example.com,0970276269,Internet Hogar 100MB,56.37,3,166.19,one-year,credit_card,2,2.93,1
184,Cliente 184,cliente184@example.com,0998303056,Internet Hogar 100MB,51.13,8,409.41,month-to-month,cash,1,5.0,0
185,Cliente 185,cliente185@example.com,0931502996,Fibra 500MB,37.57,3,112.48,month-to-month,bank_transfer,1,4.78,0
186,Cliente 186,cliente186@example.com,0930647188,Fibra 500MB,45.68,44,2034.72,month-to-month,cash,0,2.41,0
187,Cliente 187,cliente187@example.com,0940437209,Internet Hogar 100MB,47.96,9,401.86,month-to-month,bank_transfer,2,3.66,0
188,Cliente 188,cliente188@example.com,0920872468,Fibra 200MB,52.2,44,2105.15,month-to-month,bank_transfer,1,3.16,0
189,Cliente 189,cliente189@example.com,0932088972,Fibra 1GB,58.22,12,698.9,month-to-month,bank_transfer,2,3.43,0
190,Cliente 190,cliente190@example.com,0922496478,Combo TV+Internet,30.92,70,2024.57,one-year,bank_transfer,0,3.01,0
191,Cliente 191,cliente191@example.com,0948031123,Fibra 500MB,18.6,52,887.11,month-to-month,bank_transfer,1,5.0,0
192,Cliente 192,cliente192@example.com,0975441775,Fibra 1GB,46.52,27,1155.16,month-to-month,credit_card,1,3.58,0
193,Cliente 193,cliente193@example.com,0988810400,Internet Hogar 100MB,15.0,31,440.32,one-year,bank_transfer,0,3.84,0
194,Cliente 194,cliente194@example.com,0911338913,Plan Ilimitado,39.17,4,164.32,month-to-month,credit_card,0,3.85,0
195,Cliente 195,cliente195@example.com,0952364704,Combo TV+Internet,35.83,4,132.37,one-year,bank_transfer,0,,0
196,Cliente 196,cliente196@example.com,0932437183,Plan Prepago Movil,53.85,39,1984.18,two-year,credit_card,1,,0
197,Cliente 197,cliente197@example.com,0951967892,Fibra 200MB,80.69,1,83.77,month-to-month,bank_transfer,2,4.77,0
198,Cliente 198,cliente198@example.com,0932587547,Internet Hogar 100MB,15.0,46,720.7,two-year,credit_card,1,5.0,0
199,Cliente 199,cliente199@example.com,0948566743,Internet Hogar 100MB,85.94,27,2167.99,one-year,credit_card,0,2.34,0
200,Cliente 200,cliente200@example.com,0949179065,Plan Ilimitado,40.8,10,421.08,one-year,bank_transfer,0,1.93,0
201,Cliente 201,cliente201@example.com,0930657096,Plan Prepago Movil,51.26,39,1840.88,month-to-month,credit_card,0,3.67,0
202,Cliente 202,cliente202@example.com,0944955632,Plan Familiar,19.53,40,792.32,month-to-month,cash,0,4.82,0
203,Cliente 203,cliente203@example.com,0973040569,Plan Familiar,62.94,54,3065.52,month-to-month,credit_card,1,4.0,0
204,Cliente 204,cliente204@example.com,0963657907,Fibra 200MB,45.75,14,615.52,two-year,credit_card,0,4.35,0
205,Cliente 205,cliente205@example.com,0983443834,Plan Ilimitado,43.89,39,1604.04,one-year,credit_card,1,2.1,0
206,Cliente 206,cliente206@example.com,0952651105,Plan Familiar,15.0,61,920.13,month-to-month,cash,1,2.97,0
207,Cliente 207,cliente207@example.com,0989699638,Combo TV+Internet,46.33,19,794.36,month-to-month,bank_transfer,2,1.18,0
208,Cliente 208,cliente208@example.com,0968294838,Plan Prepago Movil,60.22,60,3503.85,month-to-month,credit_card,2,3.44,0
209,Cliente 209,cliente209@example.com,0962113056,Plan Ilimitado,40.75,52,2128.56,month-to-month,credit_card,2,1.22,1
210,Cliente 210,cliente210@example.com,0979896878,Fibra 200MB,66.14,31,1859.67,one-year,bank_transfer,1,5.0,0
211,Cliente 211,cliente211@example.com,0945946610,Plan Prepago Movil,65.39,64,4329.8,month-to-month,cash,2,5.0,0
212,Cliente 212,cliente212@example.com,0967560176,Plan Familiar,33.46,70,2234.88,one-year,credit_card,1,3.75,0
213,Cliente 213,cliente213@example.com,0915070822,Plan Familiar,73.71,17,1158.83,one-year,credit_card,3,1.94,1
214,Cliente 214,cliente214@example.com,0998311354,Plan Prepago Movil,45.82,71,3037.92,one-year,credit_card,1,4.01,0
215,Cliente 215,cliente215@example.com,0988294087,Plan Ilimitado,45.9,0,0.0,two-year,credit_card,2,5.0,0
216,Cliente 216,cliente216@example.com,0938999251,Plan Prepago Movil,46.78,9,391.45,month-to-month,bank_transfer,0,4.12,0
217,Cliente 217,cliente217@example.com,0964893305,Fibra 1GB,46.25,3,135.5,one-year,cash,0,4.9,0
218,Cliente 218,cliente218@example.com,0939845699,Plan Familiar,15.0,26,388.03,one-year,cash,2,3.07,0
219,Cliente 219,cliente219@example.com,0943721236,Fibra 1GB,41.66,68,2733.77,month-to-month,bank_transfer,1,2.64,0
220,Cliente 220,cliente220@example.com,0971019255,Fibra 500MB,20.45,43,847.74,month-to-month,credit_card,1,3.52,1
221,Cliente 221,cliente221@example.com,0928054719,Plan Prepago Movil,74.27,45,3399.82,month-to-month,cash,0,1.48,0
222,Cliente 222,cliente222@example.com,0977462074,Plan Prepago Movil,73.55,6,417.1,month-to-month,credit_card,2,5.0,0
223,Cliente 223,cliente223@example.com,0932656983,Fibra 200MB,60.33,37,2217.51,month-to-month,credit_card,2,3.75,0
224,Cliente 224,cliente224@example.com,0921582947,Fibra 500MB,40.71,27,1136.47,month-to-month,bank_transfer,2,4.55,0
225,Cliente 225,cliente225@example.com,0921554466,Fibra 200MB,26.86,34,852.26,one-year,credit_card,2,3.09,0
226,Cliente 226,cliente226@example.com,0916384219,Internet Hogar 100MB,33.16,19,625.62,month-to-month,cash,1,1.9,0
227,Cliente 227,cliente227@example.com,0972518884,Fibra 1GB,79.97,14,1166.82,month-to-month,cash,2,5.0,0
228,Cliente 228,cliente228@example.com,0914533051,Fibra 200MB,32.54,69,2199.16,month-to-month,bank_transfer,1,2.36,0
229,Cliente 229,cliente229@example.com,0987626967,Fibra 200MB,15.0,40,627.92,month-to-month,bank_transfer,2,3.98,0
230,Cliente 230,cliente230@example.com,0998187724,Plan Familiar,63.54,30,1804.23,two-year,credit_card,1,4.09,0
231,Cliente 231,cliente231@example.com,0999146025,Internet Hogar 100MB,72.01,5,354.52,month-to-month,credit_card,3,,1
232,Cliente 232,cliente232@example.com,0961469936,Combo TV+Internet,74.87,55,3898.18,month-to-month,bank_transfer,2,2.74,1
233,Cliente 233,cliente233@example.com,0952511321,Plan Ilimitado,63.69,34,1950.12,month-to-month,bank_transfer,2,3.44,0
234,Cliente 234,cliente234@example.com,0905070616,Plan Prepago Movil,66.63,28,1958.17,month-to-month,cash,0,2.55,0
235,Cliente 235,cliente235@example.com,0914611664,Plan Familiar,45.95,48,2064.46,one-year,credit_card,1,4.49,0
236,Cliente 236,cliente236@example.com,0913263321,Plan Familiar,15.0,9,141.21,one-year,credit_card,3,4.23,1
237,Cliente 237,cliente237@example.com,0984520770,Fibra 200MB,45.5,38,1725.46,month-to-month,credit_card,3,3.58,0
238,Cliente 238,cliente238@example.com,0988846051,Fibra 1GB,56.19,63,3665.96,one-year,bank_transfer,0,2.97,0
239,Cliente 239,cliente239@example.com,0999155748,Fibra 500MB,42.57,33,1468.14,month-to-month,bank_transfer,0,,0
240,Cliente 240,cliente240@example.com,0933750628,Plan Ilimitado,41.74,0,0.0,two-year,cash,1,2.17,0
241,Cliente 241,cliente241@example.com,0984897698,Fibra 1GB,27.65,16,464.5,one-year,credit_card,2,,0
242,Cliente 242,cliente242@example.com,0940643179,Plan Ilimitado,26.97,4,109.51,month-to-month,bank_transfer,1,3.51,0
243,Cliente 243,cliente243@example.com,0952071012,Combo TV+Internet,78.09,36,2751.0,one-year,credit_card,1,3.32,0
244,Cliente 244,cliente244@example.com,0933178238,Fibra 500MB,78.74,26,2043.64,two-year,credit_card,0,4.81,0
245,Cliente 245,cliente245@example.com,0997597606,Combo TV+Internet,44.95,9,375.88,month-to-month,credit_card,0,4.31,0
246,Cliente 246,cliente246@example.com,0926514508,Fibra 500MB,50.07,50,2257.29,two-year,bank_transfer,1,3.63,1
247,Cliente 247,cliente247@example.com,0990114628,Combo TV+Internet,27.34,12,307.91,two-year,bank_transfer,2,4.15,0
248,Cliente 248,cliente248@example.com,0933582334,Plan Ilimitado,56.57,24,1310.49,month-to-month,credit_card,0,4.13,0
249,Cliente 249,cliente249@example.com,0949142579,Plan Familiar,76.67,72,5157.05,one-year,bank_transfer,0,5.0,0
250,Cliente 250,cliente250@example.com,0942901985,Combo TV+Internet,17.47,4,68.28,one-year,cash,2,3.88,0
251,Cliente 251,cliente251@example.com,0939987534,Combo TV+Internet,53.35,18,959.04,month-to-month,credit_card,1,2.85,1
252,Cliente 252,cliente252@example.com,0954810428,Fibra 500MB,54.7,23,1256.05,month-to-month,credit_card,1,3.82,1
253,Cliente 253,cliente253@example.com,0989391920,Plan Familiar,54.5,37,2085.19,two-year,bank_transfer,0,1.0,0
254,Cliente 254,cliente254@example.com,0985424619,Plan Familiar,74.57,17,1324.67,one-year,bank_transfer,1,3.56,0
255,Cliente 255,cliente255@example.com,0978088355,Fibra 500MB,81.65,70,5907.57,month-to-month,cash,1,4.8,0
256,Cliente 256,cliente256@example.com,0982950318,Internet Hogar 100MB,40.8,0,0.0,month-to-month,credit_card,0,4.26,0
257,Cliente 257,cliente257@example.com,0944379892,Fibra 200MB,57.12,69,3668.8,month-to-month,bank_transfer,1,3.93,0
258,Cliente 258,cliente258@example.com,0966389991,Plan Familiar,46.52,39,1889.6,two-year,cash,1,4.31,0
259,Cliente 259,cliente259@example.com,0916741211,Fibra 500MB,33.62,2,62.28,one-year,credit_card,0,4.81,0
260,Cliente 260,cliente260@example.com,0915535602,Fibra 500MB,49.87,8,368.13,month-to-month,credit_card,1,5.0,0
261,Cliente 261,cliente261@example.com,0920178172,Plan Prepago Movil,57.09,7,378.7,two-year,cash,1,4.09,0
262,Cliente 262,cliente262@example.com,0912937448,Fibra 500MB,48.9,20,964.35,two-year,credit_card,1,3.25,0
263,Cliente 263,cliente263@example.com,0996819118,Fibra 200MB,29.14,24,700.91,month-to-month,bank_transfer,0,1.06,0
264,Cliente 264,cliente264@example.com,0942028097,Internet Hogar 100MB,36.66,46,1521.09,month-to-month,cash,3,4.68,0
265,Cliente 265,cliente265@example.com,0927535087,Fibra 200MB,36.79,22,822.9,one-year,credit_card,0,4.17,0
266,Cliente 266,cliente266@example.com,0910447802,Plan Prepago Movil,29.84,52,1437.25,month-to-month,bank_transfer,1,3.77,0
267,Cliente 267,cliente267@example.com,0953963644,Fibra 1GB,50.64,21,1004.39,month-to-month,bank_transfer,1,2.84,1
268,Cliente 268,cliente268@example.com,0974645453,Plan Prepago Movil,52.53,19,946.48,one-year,cash,1,4.66,0
269,Cliente 269,cliente269@example.com,0912334423,Plan Prepago Movil,62.63,20,1189.8,two-year,cash,1,3.32,1
270,Cliente 270,cliente270@example.com,0925464946,Fibra 200MB,29.56,24,719.41,month-to-month,cash,2,3.56,0
271,Cliente 271,cliente271@example.com,0947507745,Plan Ilimitado,34.61,61,1913.06,two-year,credit_card,2,3.54,0
272,Cliente 272,cliente272@example.com,0908795229,Fibra 200MB,72.98,18,1221.0,two-year,bank_transfer,4,4.09,0
273,Cliente 273,cliente273@example.com,0906075473,Internet Hogar 100MB,42.04,19,721.56,month-to-month,cash,1,2.34,0
274,Cliente 274,cliente274@example.com,0958409540,Plan Familiar,45.54,69,3194.88,month-to-month,bank_transfer,0,4.22,0
275,Cliente 275,cliente275@example.com,0902974738,Combo TV+Internet,41.85,47,2060.49,one-year,bank_transfer,1,2.81,0
276,Cliente 276,cliente276@example.com,0937461925,Internet Hogar 100MB,65.39,13,849.16,one-year,credit_card,0,2.85,0
277,Cliente 277,cliente277@example.com,0966589717,Internet Hogar 100MB,66.09,63,4115.87,month-to-month,cash,1,4.57,0
278,Cliente 278,cliente278@example.com,0955958607,Plan Prepago Movil,65.04,13,876.14,one-year,credit_card,2,2.51,0
279,Cliente 279,cliente279@example.com,0945317204,Fibra 500MB,45.48,11,469.38,one-year,credit_card,0,4.57,0
280,Cliente 280,cliente280@example.com,0972349191,Plan Familiar,29.3,32,853.19,one-year,cash,3,3.71,0
281,Cliente 281,cliente281@example.com,0958954790,Internet Hogar 100MB,79.65,50,3888.89,one-year,cash,0,1.79,0
282,Cliente 282,cliente282@example.com,0922801090,Plan Prepago Movil,60.41,13,737.47,month-to-month,cash,1,5.0,0
283,Cliente 283,cliente283@example.com,0925304725,Plan Ilimitado,36.78,54,1921.89,month-to-month,bank_transfer,4,3.94,0
284,Cliente 284,cliente284@example.com,0942089583,Fibra 200MB,70.63,11,752.41,month-to-month,credit_card,2,4.03,0
285,Cliente 285,cliente285@example.com,0995869589,Fibra 500MB,35.36,57,1910.36,two-year,bank_transfer,3,4.71,0
286,Cliente 286,cliente286@example.com,0973046876,Fibra 1GB,70.39,6,410.92,two-year,credit_card,1,5.0,0
287,Cliente 287,cliente287@example.com,0959275536,Fibra 1GB,71.61,33,2261.57,one-year,cash,0,,0
288,Cliente 288,cliente288@example.com,0994111402,Plan Prepago Movil,28.41,46,1198.34,month-to-month,bank_transfer,2,4.28,0
289,Cliente 289,cliente289@example.com,0966660920,Fibra 200MB,55.47,19,1085.56,one-year,credit_card,0,4.01,0
290,Cliente 290,cliente290@example.com,0984335501,Combo TV+Internet,59.08,44,2613.01,month-to-month,credit_card,1,3.22,0
291,Cliente 291,cliente291@example.com,0994967386,Combo TV+Internet,92.07,50,4171.67,month-to-month,credit_card,3,1.86,1
292,Cliente 292,cliente292@example.com,0972539930,Fibra 1GB,31.64,47,1364.2,month-to-month,cash,0,3.84,0
293,Cliente 293,cliente293@example.com,0922094163,Plan Familiar,70.79,28,1812.6,two-year,bank_transfer,1,5.0,0
294,Cliente 294,cliente294@example.com,0914562676,Plan Familiar,45.31,56,2307.12,month-to-month,credit_card,0,4.24,0
295,Cliente 295,cliente295@example.com,0999434419,Combo TV+Internet,22.66,53,1091.52,one-year,credit_card,1,2.43,0
296,Cliente 296,cliente296@example.com,0951995999,Fibra 500MB,42.84,23,910.01,two-year,credit_card,0,,0
297,Cliente 297,cliente297@example.com,0990057863,Combo TV+Internet,45.04,53,2452.0,one-year,credit_card,1,3.26,0
298,Cliente 298,cliente298@example.com,0995627188,Plan Familiar,25.94,67,1780.1,month-to-month,cash,0,1.3,0
299,Cliente 299,cliente299@example.com,0969902135,Fibra 500MB,50.62,59,3038.76,two-year,bank_transfer,3,4.72,0
300,Cliente 300,cliente300@example.com,0910663754,Plan Prepago Movil,62.24,53,3273.01,one-year,credit_card,1,2.56,0
301,Cliente 301,cliente301@example.com,0907611318,Internet Hogar 100MB,49.29,55,2734.06,month-to-month,bank_transfer,1,5.0,0
302,Cliente 302,cliente302@example.com,0990229692,Plan Prepago Movil,35.25,58,2066.52,one-year,credit_card,2,4.86,0
303,Cliente 303,cliente303@example.com,0904884204,Internet Hogar 100MB,42.33,21,918.62,two-year,credit_card,2,3.35,0
304,Cliente 304,cliente304@example.com,0950973338,Plan Familiar,44.92,52,2358.85,month-to-month,bank_transfer,2,4.11,0
305,Cliente 305,cliente305@example.com,0970373857,Plan Familiar,48.91,14,691.91,month-to-month,credit_card,0,5.0,0
306,Cliente 306,cliente306@example.com,0957428403,Combo TV+Internet,64.98,26,1724.3,month-to-month,bank_transfer,2,4.7,0
307,Cliente 307,cliente307@example.com,0942843664,Fibra 500MB,49.89,68,3336.38,month-to-month,cash,2,3.86,0
308,Cliente 308,cliente308@example.com,0999470444,Fibra 500MB,19.75,20,368.12,one-year,cash,0,5.0,0
309,Cliente 309,cliente309@example.com,0985446225,Fibra 500MB,34.88,61,1941.89,month-to-month,credit_card,2,3.73,0
310,Cliente 310,cliente310@example.com,0936935272,Fibra 500MB,47.99,30,1386.22,month-to-month,bank_transfer,1,4.24,0
311,Cliente 311,cliente311@example.com,0953722756,Plan Familiar,65.23,15,894.06,month-to-month,credit_card,3,2.57,1
312,Cliente 312,cliente312@example.com,0972291631,Plan Ilimitado,68.36,7,442.82,month-to-month,bank_transfer,1,1.76,1
313,Cliente 313,cliente313@example.com,0998277592,Plan Prepago Movil,76.94,40,2780.85,month-to-month,credit_card,3,3.28,1
314,Cliente 314,cliente314@example.com,0908319488,Plan Familiar,47.35,32,1431.91,one-year,bank_transfer,0,3.64,1
315,Cliente 315,cliente315@example.com,0938462013,Plan Familiar,58.74,37,2272.27,month-to-month,credit_card,3,3.96,0
316,Cliente 316,cliente316@example.com,0958177880,Fibra 500MB,18.82,3,54.02,month-to-month,cash,1,2.04,0
317,Cliente 317,cliente317@example.com,0929629328,Fibra 200MB,52.74,19,938.06,two-year,cash,1,4.33,0
318,Cliente 318,cliente318@example.com,0994662508,Plan Prepago Movil,25.65,0,0.0,two-year,credit_card,2,2.69,0
319,Cliente 319,cliente319@example.com,0981600678,Combo TV+Internet,43.87,22,912.25,month-to-month,bank_transfer,0,4.27,0
320,Cliente 320,cliente320@example.com,0939533733,Plan Ilimitado,99.54,67,6676.39,month-to-month,credit_card,0,4.63,0
321,Cliente 321,cliente321@example.com,0933308241,Plan Familiar,50.46,11,552.38,month-to-month,bank_transfer,2,,0
322,Cliente 322,cliente322@example.com,0952129872,Plan Ilimitado,29.45,50,1331.29,month-to-month,credit_card,1,2.54,0
323,Cliente 323,cliente323@example.com,0968682437,Plan Prepago Movil,52.34,0,0.0,month-to-month,credit_card,2,5.0,0
324,Cliente 324,cliente324@example.com,0913702726,Fibra 500MB,35.69,41,1324.91,two-year,bank_transfer,1,4.56,0
325,Cliente 325,cliente325@example.com,0944387774,Plan Familiar,27.71,67,1859.55,one-year,bank_transfer,0,3.77,0
326,Cliente 326,cliente326@example.com,0910484956,Fibra 500MB,82.86,24,2068.92,month-to-month,bank_transfer,0,5.0,0
327,Cliente 327,cliente327@example.com,0907859249,Fibra 200MB,64.2,14,931.27,two-year,bank_transfer,1,3.69,0
328,Cliente 328,cliente328@example.com,0966453605,Combo TV+Internet,51.22,41,1954.82,month-to-month,credit_card,0,2.92,0
329,Cliente 329,cliente329@example.com,0990460012,Combo TV+Internet,37.95,20,767.65,month-to-month,credit_card,2,2.5,0
330,Cliente 330,cliente330@example.com,0981635980,Plan Prepago Movil,39.41,65,2610.22,month-to-month,bank_transfer,1,3.48,0
331,Cliente 331,cliente331@example.com,0903876817,Fibra 200MB,72.76,61,4569.98,month-to-month,bank_transfer,0,4.45,1
332,Cliente 332,cliente332@example.com,0999762724,Fibra 500MB,50.52,47,2229.46,two-year,credit_card,2,5.0,0
333,Cliente 333,cliente333@example.com,0913040766,Plan Ilimitado,15.0,46,667.66,month-to-month,credit_card,1,3.63,0
334,Cliente 334,cliente334@example.com,0977661741,Plan Prepago Movil,88.58,43,3554.6,one-year,bank_transfer,1,4.93,0
335,Cliente 335,cliente335@example.com,0943158019,Fibra 1GB,48.3,53,2313.24,month-to-month,bank_transfer,2,3.36,0
336,Cliente 336,cliente336@example.com,0962308621,Plan Prepago Movil,51.18,33,1687.0,two-year,cash,2,2.74,0
337,Cliente 337,cliente337@example.com,0965729117,Fibra 1GB,64.56,70,4359.76,one-year,credit_card,0,2.16,0
338,Cliente 338,cliente338@example.com,0953754275,Plan Prepago Movil,53.38,25,1250.72,month-to-month,bank_transfer,1,3.04,1
339,Cliente 339,cliente339@example.com,0984202725,Internet Hogar 100MB,58.44,0,0.0,month-to-month,bank_transfer,0,2.2,0
340,Cliente 340,cliente340@example.com,0929987500,Plan Ilimitado,37.37,50,1820.58,two-year,credit_card,1,5.0,0
341,Cliente 341,cliente341@example.com,0947159855,Combo TV+Internet,22.86,48,1151.26,month-to-month,credit_card,2,4.08,0
342,Cliente 342,cliente342@example.com,0900380720,Internet Hogar 100MB,50.04,71,3620.36,month-to-month,credit_card,4,3.49,0
343,Cliente 343,cliente343@example.com,0906059538,Fibra 1GB,70.77,28,2041.76,two-year,cash,1,5.0,0
344,Cliente 344,cliente344@example.com,0902109209,Plan Prepago Movil,33.34,31,1050.08,month-to-month,credit_card,0,2.17,0
345,Cliente 345,cliente345@example.com,0992464728,Plan Ilimitado,31.9,41,1197.89,month-to-month,bank_transfer,1,3.45,0
346,Cliente 346,cliente346@example.com,0950608915,Plan Familiar,66.98,28,1706.19,month-to-month,bank_transfer,3,5.0,0
347,Cliente 347,cliente347@example.com,0930600829,Plan Prepago Movil,36.77,57,2173.99,month-to-month,credit_card,4,3.44,0
348,Cliente 348,cliente348@example.com,0955432760,Fibra 500MB,37.61,31,1073.49,month-to-month,cash,0,5.0,0
349,Cliente 349,cliente349@example.com,0938422183,Fibra 500MB,38.28,57,2091.81,month-to-month,bank_transfer,0,4.46,0
350,Cliente 350,cliente350@example.com,0920837734,Plan Familiar,43.83,31,1347.16,month-to-month,credit_card,2,5.0,0
351,Cliente 351,cliente351@example.com,0916621365,Fibra 500MB,16.67,16,248.53,month-to-month,bank_transfer,1,5.0,0
352,Cliente 352,cliente352@example.com,0905714830,Plan Familiar,35.29,72,2372.66,month-to-month,bank_transfer,2,3.6,0
353,Cliente 353,cliente353@example.com,0990027620,Plan Familiar,49.15,38,1811.55,two-year,credit_card,0,3.06,0
354,Cliente 354,cliente354@example.com,0990941331,Plan Ilimitado,49.02,51,2385.35,one-year,bank_transfer,2,3.47,0
355,Cliente 355,cliente355@example.com,0946469172,Plan Familiar,65.84,43,2835.33,month-to-month,bank_transfer,2,2.51,0
356,Cliente 356,cliente356@example.com,0903393793,Fibra 1GB,78.11,26,1850.64,month-to-month,credit_card,1,3.53,0
357,Cliente 357,cliente357@example.com,0919447359,Internet Hogar 100MB,72.22,70,4920.49,one-year,cash,2,3.6,0
358,Cliente 358,cliente358@example.com,0907359649,Plan Familiar,61.46,27,1536.85,month-to-month,bank_transfer,1,5.0,0
359,Cliente 359,cliente359@example.com,0961037419,Combo TV+Internet,42.32,72,3019.64,month-to-month,bank_transfer,2,4.25,0
360,Cliente 360,cliente360@example.com,0910315491,Internet Hogar 100MB,33.78,31,960.72,one-year,credit_card,1,5.0,0
361,Cliente 361,cliente361@example.com,0926639867,Combo TV+Internet,45.32,1,42.13,month-to-month,credit_card,4,1.22,1
362,Cliente 362,cliente362@example.com,0954580145,Fibra 1GB,55.54,2,113.37,one-year,credit_card,1,2.26,0
363,Cliente 363,cliente363@example.com,0916024065,Plan Familiar,59.79,71,3970.33,two-year,bank_transfer,2,3.21,0
364,Cliente 364,cliente364@example.com,0955666261,Fibra 500MB,56.22,38,2158.92,two-year,bank_transfer,0,5.0,0
365,Cliente 365,cliente365@example.com,0909113987,Fibra 500MB,42.82,28,1128.17,month-to-month,bank_transfer,3,3.48,0
366,Cliente 366,cliente366@example.com,0916832819,Fibra 200MB,59.16,59,3264.45,month-to-month,credit_card,3,1.99,0
367,Cliente 367,cliente367@example.com,0947379420,Internet Hogar 100MB,67.7,45,2878.56,month-to-month,bank_transfer,1,3.33,0
368,Cliente 368,cliente368@example.com,0999608423,Plan Prepago Movil,60.84,48,3014.18,one-year,cash,2,2.28,1
369,Cliente 369,cliente369@example.com,0997578630,Internet Hogar 100MB,44.42,50,2131.22,two-year,bank_transfer,3,2.07,0
370,Cliente 370,cliente370@example.com,0912701941,Fibra 1GB,29.99,14,393.23,two-year,bank_transfer,0,5.0,0
371,Cliente 371,cliente371@example.com,0989516895,Fibra 1GB,29.56,6,173.9,month-to-month,cash,1,3.21,0
372,Cliente 372,cliente372@example.com,0998166757,Combo TV+Internet,32.74,53,1662.07,two-year,credit_card,2,3.79,0
373,Cliente 373,cliente373@example.com,0952498632,Fibra 1GB,49.63,1,50.55,month-to-month,bank_transfer,1,3.5,0
374,Cliente 374,cliente374@example.com,0923953837,Plan Familiar,54.36,52,2964.0,two-year,cash,5,3.32,0
375,Cliente 375,cliente375@example.com,0963969023,Fibra 1GB,19.54,9,172.16,month-to-month,bank_transfer,1,2.68,0
376,Cliente 376,cliente376@example.com,0968116360,Plan Ilimitado,35.93,19,660.66,month-to-month,credit_card,1,3.26,0
377,Cliente 377,cliente377@example.com,0950911124,Fibra 200MB,49.38,51,2396.13,month-to-month,cash,4,3.97,0
378,Cliente 378,cliente378@example.com,0969804816,Plan Prepago Movil,28.81,45,1356.09,two-year,credit_card,1,5.0,0
379,Cliente 379,cliente379@example.com,0941020157,Fibra 1GB,52.81,57,2927.37,month-to-month,credit_card,1,4.64,0
380,Cliente 380,cliente380@example.com,0957036051,Fibra 1GB,39.47,44,1609.38,month-to-month,credit_card,1,2.26,0
381,Cliente 381,cliente381@example.com,0946905506,Plan Familiar,31.98,3,100.29,month-to-month,bank_transfer,2,4.69,0
382,Cliente 382,cliente382@example.com,0906210424,Fibra 200MB,45.96,61,2927.29,month-to-month,credit_card,0,4.12,0
383,Cliente 383,cliente383@example.com,0988741401,Plan Ilimitado,52.06,15,753.85,two-year,bank_transfer,0,2.91,0
384,Cliente 384,cliente384@example.com,0936762796,Plan Prepago Movil,29.73,9,254.79,month-to-month,cash,1,3.8,0
385,Cliente 385,cliente385@example.com,0978782311,Plan Prepago Movil,40.63,64,2605.69,month-to-month,bank_transfer,1,4.23,0
386,Cliente 386,cliente386@example.com,0959270954,Plan Ilimitado,53.42,14,766.08,one-year,bank_transfer,2,3.65,0
387,Cliente 387,cliente387@example.com,0939415574,Plan Prepago Movil,31.28,39,1189.15,month-to-month,cash,1,4.13,1
388,Cliente 388,cliente388@example.com,0920913120,Fibra 200MB,15.16,35,503.87,month-to-month,cash,1,2.65,0
389,Cliente 389,cliente389@example.com,0939296869,Plan Ilimitado,17.34,56,917.84,month-to-month,credit_card,2,5.0,0
390,Cliente 390,cliente390@example.com,0958090172,Fibra 200MB,37.48,3,106.7,month-to-month,credit_card,2,1.48,0
391,Cliente 391,cliente391@example.com,0908543735,Combo TV+Internet,21.27,7,136.64,month-to-month,bank_transfer,1,4.24,0
392,Cliente 392,cliente392@example.com,0913023785,Fibra 200MB,38.74,30,1181.72,month-to-month,cash,0,4.0,0
393,Cliente 393,cliente393@example.com,0993461484,Plan Ilimitado,74.97,34,2334.21,month-to-month,bank_transfer,1,4.31,0
394,Cliente 394,cliente394@example.com,0996143934,Fibra 1GB,20.19,57,1104.51,one-year,credit_card,1,2.82,0
395,Cliente 395,cliente395@example.com,0969581827,Fibra 200MB,39.91,44,1800.37,two-year,bank_transfer,3,4.89,0
396,Cliente 396,cliente396@example.com,0956050542,Plan Familiar,83.38,10,800.96,two-year,bank_transfer,1,3.48,0
397,Cliente 397,cliente397@example.com,0942003751,Fibra 200MB,52.35,71,3509.5,month-to-month,bank_transfer,0,2.3,0
398,Cliente 398,cliente398@example.com,0945212025,Combo TV+Internet,38.38,33,1320.04,month-to-month,cash,2,,0
399,Cliente 399,cliente399@example.com,0988639930,Fibra 1GB,42.18,70,2713.38,two-year,bank_transfer,1,3.74,0
400,Cliente 400,cliente400@example.com,0944615340,Fibra 200MB,52.73,72,3920.81,one-year,bank_transfer,0,1.84,0
401,Cliente 401,cliente401@example.com,0950879692,Plan Ilimitado,75.52,3,206.01,month-to-month,bank_transfer,3,5.0,0
402,Cliente 402,cliente402@example.com,0909662364,Plan Prepago Movil,35.44,36,1227.4,month-to-month,bank_transfer,1,4.75,1
403,Cliente 403,cliente403@example.com,0902383451,Fibra 200MB,31.36,30,935.87,month-to-month,bank_transfer,0,5.0,0
404,Cliente 404,cliente404@example.com,0952823435,Plan Familiar,20.18,36,694.16,month-to-month,bank_transfer,1,5.0,0
405,Cliente 405,cliente405@example.com,0979826380,Fibra 500MB,46.86,22,1010.5,month-to-month,bank_transfer,0,3.21,0
406,Cliente 406,cliente406@example.com,0993763927,Fibra 1GB,19.7,40,733.31,month-to-month,bank_transfer,0,2.64,0
407,Cliente 407,cliente407@example.com,0991983801,Plan Ilimitado,36.65,35,1263.96,two-year,bank_transfer,0,1.0,0
408,Cliente 408,cliente408@example.com,0979171784,Plan Ilimitado,28.64,13,342.6,one-year,credit_card,0,3.15,0
409,Cliente 409,cliente409@example.com,0912575469,Fibra 1GB,64.33,21,1377.16,one-year,bank_transfer,2,5.0,0
410,Cliente 410,cliente410@example.com,0971132795,Plan Prepago Movil,35.85,10,354.04,month-to-month,bank_transfer,1,2.69,0
411,Cliente 411,cliente411@example.com,0984672755,Internet Hogar 100MB,52.14,61,3092.41,one-year,credit_card,2,3.37,0
412,Cliente 412,cliente412@example.com,0923861567,Combo TV+Internet,16.13,49,717.81,one-year,credit_card,1,2.99,0
413,Cliente 413,cliente413@example.com,0986042091,Internet Hogar 100MB,47.37,28,1293.16,month-to-month,credit_card,0,4.01,0
414,Cliente 414,cliente414@example.com,0923463719,Plan Ilimitado,23.34,28,643.41,one-year,cash,2,5.0,1
415,Cliente 415,cliente415@example.com,0985077624,Plan Prepago Movil,37.34,5,175.47,one-year,cash,2,1.91,0
416,Cliente 416,cliente416@example.com,0946349459,Fibra 1GB,84.8,21,1783.72,two-year,bank_transfer,1,2.12,0
417,Cliente 417,cliente417@example.com,0995218559,Fibra 1GB,61.78,67,3773.0,month-to-month,credit_card,0,5.0,0
418,Cliente 418,cliente418@example.com,0931691955,Plan Familiar,42.69,2,79.51,two-year,bank_transfer,1,4.41,0
419,Cliente 419,cliente419@example.com,0993706003,Fibra 1GB,102.58,10,1036.71,month-to-month,bank_transfer,2,3.31,1
420,Cliente 420,cliente420@example.com,0937896164,Fibra 1GB,28.53,61,1604.73,month-to-month,cash,2,5.0,0
421,Cliente 421,cliente421@example.com,0955839569,Plan Ilimitado,65.97,37,2286.7,month-to-month,credit_card,1,2.1,0
422,Cliente 422,cliente422@example.com,0984213670,Fibra 200MB,17.41,2,34.74,month-to-month,credit_card,1,4.62,0
423,Cliente 423,cliente423@example.com,0949899065,Fibra 200MB,40.61,35,1434.61,month-to-month,bank_transfer,0,3.52,0
424,Cliente 424,cliente424@example.com,0947946469,Combo TV+Internet,20.74,54,1016.61,month-to-month,credit_card,1,4.27,0
425,Cliente 425,cliente425@example.com,0982855143,Plan Prepago Movil,49.63,25,1140.23,one-year,bank_transfer,0,1.0,0
426,Cliente 426,cliente426@example.com,0908177681,Fibra 1GB,46.01,27,1201.17,month-to-month,bank_transfer,0,,0
427,Cliente 427,cliente427@example.com,0908126522,Fibra 500MB,39.46,46,1795.05,two-year,credit_card,2,4.41,0
428,Cliente 428,cliente428@example.com,0985956305,Fibra 1GB,64.66,43,2691.59,month-to-month,credit_card,1,,0
429,Cliente 429,cliente429@example.com,0974865528,Plan Prepago Movil,34.79,65,2254.7,one-year,bank_transfer,1,4.98,0
430,Cliente 430,cliente430@example.com,0900705161,Plan Familiar,50.88,18,928.11,two-year,cash,1,4.94,0
431,Cliente 431,cliente431@example.com,0925320012,Internet Hogar 100MB,59.77,20,1246.12,two-year,bank_transfer,2,2.55,0
432,Cliente 432,cliente432@example.com,0915873479,Plan Familiar,18.3,11,191.73,one-year,credit_card,2,4.51,0
433,Cliente 433,cliente433@example.com,0951850258,Combo TV+Internet,31.53,48,1399.12,one-year,bank_transfer,1,2.51,0
434,Cliente 434,cliente434@example.com,0981797775,Plan Prepago Movil,45.97,38,1641.37,month-to-month,bank_transfer,0,3.66,0
435,Cliente 435,cliente435@example.com,0965937049,Fibra 500MB,56.34,25,1298.95,month-to-month,bank_transfer,0,4.32,0
436,Cliente 436,cliente436@example.com,0927511143,Internet Hogar 100MB,70.58,50,3384.79,month-to-month,bank_transfer,2,2.68,0
437,Cliente 437,cliente437@example.com,0987157600,Fibra 200MB,41.11,27,1144.25,month-to-month,credit_card,2,,0
438,Cliente 438,cliente438@example.com,0959011389,Fibra 1GB,39.3,14,523.82,month-to-month,bank_transfer,2,3.04,1
439,Cliente 439,cliente439@example.com,0937056880,Plan Familiar,29.29,39,1053.58,month-to-month,bank_transfer,1,2.96,1
440,Cliente 440,cliente440@example.com,0940019277,Internet Hogar 100MB,50.94,31,1545.02,two-year,credit_card,0,4.38,0
441,Cliente 441,cliente441@example.com,0985947753,Fibra 500MB,39.65,29,1205.95,two-year,bank_transfer,3,2.68,0
442,Cliente 442,cliente442@example.com,0910432714,Fibra 200MB,40.07,32,1190.21,two-year,cash,7,2.62,0
443,Cliente 443,cliente443@example.com,0949186777,Plan Familiar,43.31,66,2906.14,one-year,bank_transfer,3,4.75,0
444,Cliente 444,cliente444@example.com,0945392523,Plan Prepago Movil,54.93,15,843.32,month-to-month,credit_card,1,3.72,0
445,Cliente 445,cliente445@example.com,0991883307,Internet Hogar 100MB,34.85,20,669.26,month-to-month,bank_transfer,1,2.0,1
446,Cliente 446,cliente446@example.com,0969236331,Plan Familiar,31.1,41,1266.09,one-year,credit_card,1,4.54,0
447,Cliente 447,cliente447@example.com,0994765334,Combo TV+Internet,52.77,3,152.75,one-year,bank_transfer,0,3.15,0
448,Cliente 448,cliente448@example.com,0915026002,Internet Hogar 100MB,15.0,10,140.9,month-to-month,bank_transfer,2,2.06,0
449,Cliente 449,cliente449@example.com,0978020094,Combo TV+Internet,34.13,41,1348.84,month-to-month,credit_card,0,1.0,0
450,Cliente 450,cliente450@example.com,0976472435,Internet Hogar 100MB,24.28,37,821.36,month-to-month,credit_card,2,4.59,0
451,Cliente 451,cliente451@example.com,0927888676,Plan Familiar,66.66,47,3151.95,month-to-month,cash,1,,0
452,Cliente 452,cliente452@example.com,0990146801,Fibra 1GB,37.06,8,303.71,month-to-month,credit_card,2,2.23,0
453,Cliente 453,cliente453@example.com,0983068980,Plan Prepago Movil,34.91,62,2047.78,month-to-month,cash,2,4.3,0
454,Cliente 454,cliente454@example.com,0918623898,Plan Ilimitado,44.12,35,1520.99,one-year,bank_transfer,4,,0
455,Cliente 455,cliente455@example.com,0947092909,Plan Familiar,34.28,11,352.5,two-year,bank_transfer,1,2.73,0
456,Cliente 456,cliente456@example.com,0955649162,Fibra 1GB,37.75,22,763.33,month-to-month,credit_card,1,4.6,0
457,Cliente 457,cliente457@example.com,0906617962,Plan Familiar,46.75,16,747.66,one-year,credit_card,2,5.0,0
458,Cliente 458,cliente458@example.com,0900623041,Internet Hogar 100MB,37.4,33,1135.61,two-year,credit_card,1,5.0,0
459,Cliente 459,cliente459@example.com,0945923894,Plan Ilimitado,37.27,34,1289.1,month-to-month,bank_transfer,0,4.91,0
460,Cliente 460,cliente460@example.com,0937776120,Plan Familiar,26.82,31,782.17,one-year,cash,0,3.95,0
461,Cliente 461,cliente461@example.com,0938274126,Fibra 1GB,24.23,33,817.8,month-to-month,cash,1,3.11,0
462,Cliente 462,cliente462@example.com,0973905287,Fibra 500MB,46.09,66,2905.89,one-year,credit_card,1,3.54,0
463,Cliente 463,cliente463@example.com,0903754150,Fibra 200MB,50.52,70,3378.42,month-to-month,credit_card,1,4.08,0
464,Cliente 464,cliente464@example.com,0932644837,Plan Familiar,19.29,35,683.65,two-year,credit_card,1,2.22,0
465,Cliente 465,cliente465@example.com,0981706228,Fibra 1GB,58.68,70,4011.24,two-year,cash,0,2.75,0
466,Cliente 466,cliente466@example.com,0915782355,Fibra 200MB,58.75,59,3224.12,month-to-month,credit_card,0,2.03,0
467,Cliente 467,cliente467@example.com,0915067422,Plan Prepago Movil,62.54,59,3791.56,month-to-month,credit_card,4,3.86,0
468,Cliente 468,cliente468@example.com,0964994287,Fibra 200MB,50.4,16,766.9,month-to-month,bank_transfer,1,3.69,0
469,Cliente 469,cliente469@example.com,0919251461,Plan Ilimitado,56.47,32,1654.19,one-year,bank_transfer,1,,0
470,Cliente 470,cliente470@example.com,0927997912,Plan Familiar,84.33,25,2028.98,one-year,credit_card,0,4.5,0
471,Cliente 471,cliente471@example.com,0949730632,Fibra 500MB,39.57,7,273.14,month-to-month,bank_transfer,1,2.45,0
472,Cliente 472,cliente472@example.com,0922361499,Combo TV+Internet,26.18,5,129.79,two-year,credit_card,0,2.84,0
473,Cliente 473,cliente473@example.com,0982184441,Fibra 500MB,17.39,45,802.38,month-to-month,credit_card,1,4.46,0
474,Cliente 474,cliente474@example.com,0972277870,Plan Familiar,76.6,30,2254.82,month-to-month,credit_card,1,4.62,0
475,Cliente 475,cliente475@example.com,0944344696,Plan Ilimitado,76.84,60,4304.07,month-to-month,credit_card,2,2.72,0
476,Cliente 476,cliente476@example.com,0998725191,Plan Ilimitado,28.36,48,1278.58,month-to-month,cash,1,3.86,0
477,Cliente 477,cliente477@example.com,0929155237,Fibra 200MB,31.91,6,175.21,month-to-month,bank_transfer,1,2.74,0
478,Cliente 478,cliente478@example.com,0975536007,Plan Familiar,39.17,61,2414.19,month-to-month,bank_transfer,0,3.38,0
479,Cliente 479,cliente479@example.com,0917029292,Combo TV+Internet,67.04,36,2210.45,month-to-month,credit_card,0,3.76,1
480,Cliente 480,cliente480@example.com,0966627383,Plan Ilimitado,21.83,41,886.86,two-year,bank_transfer,4,4.22,0
481,Cliente 481,cliente481@example.com,0989744334,Combo TV+Internet,15.0,70,1039.02,month-to-month,cash,2,3.95,0
482,Cliente 482,cliente482@example.com,0947886984,Plan Prepago Movil,84.02,46,3933.81,two-year,credit_card,1,3.9,0
483,Cliente 483,cliente483@example.com,0944033726,Fibra 500MB,50.62,1,46.12,one-year,cash,3,2.41,1
484,Cliente 484,cliente484@example.com,0933050256,Plan Prepago Movil,53.18,12,593.77,one-year,bank_transfer,1,4.03,0
485,Cliente 485,cliente485@example.com,0942833032,Fibra 1GB,41.31,31,1327.27,month-to-month,bank_transfer,0,4.21,0
486,Cliente 486,cliente486@example.com,0931174655,Plan Prepago Movil,53.38,2,105.25,one-year,credit_card,3,4.36,0
487,Cliente 487,cliente487@example.com,0943284876,Plan Prepago Movil,17.74,12,206.21,month-to-month,bank_transfer,1,2.81,0
488,Cliente 488,cliente488@example.com,0986876782,Fibra 500MB,29.86,57,1722.7,month-to-month,bank_transfer,0,4.61,0
489,Cliente 489,cliente489@example.com,0985117866,Combo TV+Internet,46.89,10,485.49,month-to-month,cash,1,2.15,1
490,Cliente 490,cliente490@example.com,0989818577,Plan Familiar,15.0,12,169.1,month-to-month,cash,0,3.13,1
491,Cliente 491,cliente491@example.com,0968183279,Fibra 1GB,39.55,36,1473.95,two-year,credit_card,1,3.3,1
492,Cliente 492,cliente492@example.com,0909390658,Plan Prepago Movil,38.45,6,211.39,two-year,cash,1,2.21,0
493,Cliente 493,cliente493@example.com,0940128085,Fibra 500MB,39.55,18,745.11,one-year,cash,0,3.28,0
494,Cliente 494,cliente494@example.com,0959768497,Fibra 1GB,35.08,68,2205.88,month-to-month,bank_transfer,2,3.84,0
495,Cliente 495,cliente495@example.com,0995649615,Combo TV+Internet,27.07,46,1170.43,two-year,credit_card,0,1.59,0
496,Cliente 496,cliente496@example.com,0916681434,Plan Ilimitado,15.0,70,960.21,one-year,credit_card,2,3.17,0
497,Cliente 497,cliente497@example.com,0995495458,Plan Familiar,47.61,25,1214.71,month-to-month,credit_card,0,1.68,0
498,Cliente 498,cliente498@example.com,0946100472,Plan Familiar,39.6,44,1825.4,month-to-month,credit_card,0,5.0,0
499,Cliente 499,cliente499@example.com,0991620756,Plan Prepago Movil,20.24,17,325.0,one-year,cash,0,3.83,0
500,Cliente 500,cliente500@example.com,0995843338,Plan Prepago Movil,46.13,27,1181.79,month-to-month,credit_card,0,3.74,0
501,Cliente 501,cliente501@example.com,0959271209,Plan Ilimitado,39.69,12,448.58,month-to-month,bank_transfer,0,3.86,0
502,Cliente 502,cliente502@example.com,0928413353,Fibra 1GB,36.7,60,2032.94,one-year,bank_transfer,0,4.26,0
503,Cliente 503,cliente503@example.com,0967155272,Fibra 500MB,15.0,13,198.53,month-to-month,bank_transfer,1,4.68,0
504,Cliente 504,cliente504@example.com,0984366562,Plan Familiar,57.29,14,729.16,month-to-month,credit_card,2,1.88,0
505,Cliente 505,cliente505@example.com,0986298175,Plan Ilimitado,22.81,33,786.73,month-to-month,bank_transfer,3,5.0,0
506,Cliente 506,cliente506@example.com,0973220839,Fibra 500MB,46.14,31,1486.26,one-year,bank_transfer,0,4.97,0
507,Cliente 507,cliente507@example.com,0923837096,Plan Familiar,30.45,22,614.81,two-year,bank_transfer,1,3.53,0
508,Cliente 508,cliente508@example.com,0970942106,Plan Prepago Movil,38.0,26,967.68,two-year,credit_card,0,3.47,0
509,Cliente 509,cliente509@example.com,0929208758,Combo TV+Internet,65.74,21,1448.09,one-year,bank_transfer,0,1.0,1
510,Cliente 510,cliente510@example.com,0971496615,Combo TV+Internet,54.57,66,3702.08,one-year,credit_card,2,2.23,0
511,Cliente 511,cliente511@example.com,0916225064,Fibra 500MB,65.34,42,2764.23,one-year,bank_transfer,2,4.17,0
512,Cliente 512,cliente512@example.com,0957791402,Fibra 500MB,50.95,67,3083.79,month-to-month,credit_card,1,4.92,0
513,Cliente 513,cliente513@example.com,0951490229,Plan Familiar,52.13,72,3416.52,month-to-month,credit_card,4,4.4,1
514,Cliente 514,cliente514@example.com,0971707274,Internet Hogar 100MB,15.0,47,718.47,one-year,cash,3,3.52,0
515,Cliente 515,cliente515@example.com,0973598591,Fibra 200MB,39.28,60,2254.2,one-year,credit_card,0,5.0,0
516,Cliente 516,cliente516@example.com,0976234667,Plan Ilimitado,40.95,8,327.69,month-to-month,cash,0,4.71,0
517,Cliente 517,cliente517@example.com,0969850314,Plan Prepago Movil,67.03,69,4675.38,two-year,cash,0,3.17,1
518,Cliente 518,cliente518@example.com,0994845062,Combo TV+Internet,35.89,35,1210.08,one-year,credit_card,3,5.0,0
519,Cliente 519,cliente519@example.com,0949298039,Fibra 200MB,49.77,52,2384.9,month-to-month,credit_card,0,2.39,0
520,Cliente 520,cliente520@example.com,0947907959,Plan Prepago Movil,49.06,17,798.99,month-to-month,credit_card,0,1.98,0
521,Cliente 521,cliente521@example.com,0966178315,Plan Familiar,65.84,6,407.15,month-to-month,cash,3,3.14,1
522,Cliente 522,cliente522@example.com,0997854386,Fibra 500MB,42.59,64,2588.55,month-to-month,bank_transfer,1,2.77,1
523,Cliente 523,cliente523@example.com,0978984154,Plan Familiar,59.9,32,1743.13,month-to-month,credit_card,0,3.2,0
524,Cliente 524,cliente524@example.com,0990860209,Fibra 500MB,15.0,10,156.58,month-to-month,bank_transfer,0,4.48,0
525,Cliente 525,cliente525@example.com,0966541712,Combo TV+Internet,15.95,48,767.21,month-to-month,credit_card,0,3.56,0
526,Cliente 526,cliente526@example.com,0990904518,Combo TV+Internet,15.0,3,44.15,month-to-month,bank_transfer,1,3.59,0
527,Cliente 527,cliente527@example.com,0992273073,Combo TV+Internet,59.15,32,1938.92,one-year,bank_transfer,2,3.66,0
528,Cliente 528,cliente528@example.com,0946587996,Fibra 200MB,57.13,51,2801.96,one-year,credit_card,2,1.06,0
529,Cliente 529,cliente529@example.com,0954604259,Internet Hogar 100MB,61.14,52,3331.15,month-to-month,cash,0,1.93,0
530,Cliente 530,cliente530@example.com,0945436281,Plan Familiar,32.81,33,1113.74,month-to-month,credit_card,2,3.18,0
531,Cliente 531,cliente531@example.com,0927043914,Fibra 1GB,34.86,27,886.71,month-to-month,bank_transfer,0,2.67,0
532,Cliente 532,cliente532@example.com,0948518162,Plan Ilimitado,42.82,61,2496.2,month-to-month,bank_transfer,3,3.35,0
533,Cliente 533,cliente533@example.com,0911996893,Combo TV+Internet,70.99,13,868.75,month-to-month,cash,2,5.0,0
534,Cliente 534,cliente534@example.com,0975150621,Internet Hogar 100MB,75.49,5,377.04,month-to-month,bank_transfer,1,3.52,1
535,Cliente 535,cliente535@example.com,0973400954,Internet Hogar 100MB,59.29,11,649.52,month-to-month,cash,2,2.15,1
536,Cliente 536,cliente536@example.com,0967196320,Plan Prepago Movil,50.96,58,2891.77,two-year,credit_card,2,2.73,0
537,Cliente 537,cliente537@example.com,0923262450,Plan Prepago Movil,69.04,34,2452.7,month-to-month,cash,1,5.0,0
538,Cliente 538,cliente538@example.com,0910661781,Fibra 200MB,40.39,2,78.42,two-year,credit_card,1,5.0,0
539,Cliente 539,cliente539@example.com,0917335043,Plan Ilimitado,37.96,12,463.52,month-to-month,bank_transfer,2,4.26,0
540,Cliente 540,cliente540@example.com,0987264472,Plan Prepago Movil,42.68,2,85.25,month-to-month,credit_card,2,1.88,1
541,Cliente 541,cliente541@example.com,0954639314,Fibra 500MB,27.38,59,1579.44,two-year,cash,4,3.94,0
542,Cliente 542,cliente542@example.com,0924910241,Combo TV+Internet,41.85,33,1251.67,month-to-month,cash,0,4.02,0
543,Cliente 543,cliente543@example.com,0966749690,Plan Familiar,24.89,4,99.42,one-year,credit_card,1,3.63,0
544,Cliente 544,cliente544@example.com,0963111047,Plan Ilimitado,63.45,16,1011.53,two-year,bank_transfer,0,2.97,0
545,Cliente 545,cliente545@example.com,0941718302,Plan Ilimitado,54.79,45,2265.18,one-year,bank_transfer,2,3.2,0
546,Cliente 546,cliente546@example.com,0989492442,Plan Prepago Movil,70.73,43,3100.35,month-to-month,credit_card,2,2.9,0
547,Cliente 547,cliente547@example.com,0934641480,Fibra 200MB,15.67,59,896.84,month-to-month,bank_transfer,0,2.34,0
548,Cliente 548,cliente548@example.com,0991012385,Fibra 500MB,79.23,1,75.16,month-to-month,bank_transfer,0,5.0,0
549,Cliente 549,cliente549@example.com,0968129702,Internet Hogar 100MB,16.7,5,85.47,month-to-month,bank_transfer,1,4.57,1
550,Cliente 550,cliente550@example.com,0930563249,Plan Prepago Movil,23.43,2,44.59,month-to-month,credit_card,2,3.29,1
551,Cliente 551,cliente551@example.com,0979510152,Plan Ilimitado,33.83,28,940.87,two-year,cash,2,3.99,0
552,Cliente 552,cliente552@example.com,0939003782,Fibra 500MB,68.54,53,3606.06,one-year,credit_card,1,4.03,0
553,Cliente 553,cliente553@example.com,0925818826,Fibra 200MB,49.06,48,2138.04,month-to-month,bank_transfer,1,5.0,0
554,Cliente 554,cliente554@example.com,0960420475,Fibra 1GB,40.61,15,586.87,month-to-month,credit_card,4,4.56,1
555,Cliente 555,cliente555@example.com,0908035971,Fibra 500MB,30.73,47,1348.14,one-year,credit_card,1,4.52,0
556,Cliente 556,cliente556@example.com,0948295669,Fibra 200MB,20.23,47,884.19,two-year,credit_card,0,3.64,0
557,Cliente 557,cliente557@example.com,0964565092,Plan Familiar,65.39,13,848.58,month-to-month,credit_card,0,3.12,0
558,Cliente 558,cliente558@example.com,0965180995,Plan Ilimitado,59.38,54,2891.36,month-to-month,bank_transfer,2,5.0,0
559,Cliente 559,cliente559@example.com,0998879781,Internet Hogar 100MB,69.34,30,2174.56,two-year,bank_transfer,2,4.32,0
560,Cliente 560,cliente560@example.com,0944944765,Fibra 500MB,52.14,4,200.07,two-year,bank_transfer,2,2.69,0
561,Cliente 561,cliente561@example.com,0998790507,Fibra 200MB,15.0,28,396.82,two-year,bank_transfer,1,4.1,0
562,Cliente 562,cliente562@example.com,0915760479,Plan Familiar,22.6,56,1313.69,month-to-month,credit_card,0,4.52,0
563,Cliente 563,cliente563@example.com,0988371324,Fibra 1GB,53.37,50,2596.45,month-to-month,credit_card,1,1.29,1
564,Cliente 564,cliente564@example.com,0988890987,Fibra 500MB,38.35,19,722.93,month-to-month,bank_transfer,0,,0
565,Cliente 565,cliente565@example.com,0907602713,Plan Ilimitado,34.94,55,1930.11,month-to-month,bank_transfer,0,4.0,0
566,Cliente 566,cliente566@example.com,0968208984,Fibra 500MB,25.14,28,725.54,two-year,bank_transfer,1,1.48,0
567,Cliente 567,cliente567@example.com,0971666687,Combo TV+Internet,62.06,33,1883.04,month-to-month,credit_card,1,1.66,0
568,Cliente 568,cliente568@example.com,0907756028,Fibra 200MB,53.21,6,291.24,one-year,cash,1,3.3,0
569,Cliente 569,cliente569@example.com,0909272067,Fibra 500MB,54.02,72,4080.24,two-year,credit_card,1,4.14,0
570,Cliente 570,cliente570@example.com,0902393090,Fibra 200MB,33.6,61,1847.37,two-year,bank_transfer,2,4.19,0
571,Cliente 571,cliente571@example.com,0941271657,Combo TV+Internet,48.17,14,678.58,one-year,credit_card,3,5.0,0
572,Cliente 572,cliente572@example.com,0913089451,Combo TV+Internet,20.92,40,829.82,two-year,bank_transfer,6,3.69,0
573,Cliente 573,cliente573@example.com,0987151563,Fibra 500MB,42.66,56,2348.07,month-to-month,credit_card,3,3.19,0
574,Cliente 574,cliente574@example.com,0947104424,Plan Familiar,15.0,36,549.65,month-to-month,bank_transfer,1,2.16,0
575,Cliente 575,cliente575@example.com,0917726233,Internet Hogar 100MB,16.77,15,263.84,month-to-month,credit_card,1,3.18,1
576,Cliente 576,cliente576@example.com,0994629613,Fibra 200MB,39.2,70,2488.9,two-year,bank_transfer,1,4.38,0
577,Cliente 577,cliente577@example.com,0954855387,Fibra 200MB,87.75,19,1654.21,two-year,credit_card,1,4.43,0
578,Cliente 578,cliente578@example.com,0976672513,Fibra 1GB,15.0,24,362.71,month-to-month,bank_transfer,1,3.89,0
579,Cliente 579,cliente579@example.com,0922544831,Combo TV+Internet,22.62,27,577.69,month-to-month,credit_card,0,4.2,0
580,Cliente 580,cliente580@example.com,0972962599,Combo TV+Internet,48.9,65,3286.34,month-to-month,credit_card,0,5.0,0
581,Cliente 581,cliente581@example.com,0930086777,Internet Hogar 100MB,76.85,36,2679.59,month-to-month,bank_transfer,4,3.68,0
582,Cliente 582,cliente582@example.com,0953237017,Internet Hogar 100MB,48.64,52,2338.75,two-year,credit_card,0,5.0,0
583,Cliente 583,cliente583@example.com,0961021288,Plan Prepago Movil,57.64,65,3852.11,month-to-month,credit_card,2,2.8,0
584,Cliente 584,cliente584@example.com,0922842748,Plan Familiar,38.92,67,2715.7,one-year,cash,2,3.52,0
585,Cliente 585,cliente585@example.com,0987955011,Fibra 200MB,35.81,62,2031.34,one-year,cash,0,3.07,0
586,Cliente 586,cliente586@example.com,0992647395,Plan Familiar,46.48,66,3106.8,month-to-month,cash,1,4.47,0
587,Cliente 587,cliente587@example.com,0924373079,Plan Ilimitado,33.15,69,2132.39,month-to-month,credit_card,3,2.48,0
588,Cliente 588,cliente588@example.com,0928030369,Plan Ilimitado,58.04,72,3765.21,two-year,bank_transfer,0,3.25,0
589,Cliente 589,cliente589@example.com,0989639089,Plan Ilimitado,16.09,46,695.06,one-year,bank_transfer,1,1.55,0
590,Cliente 590,cliente590@example.com,0906869268,Plan Prepago Movil,61.02,9,564.69,month-to-month,credit_card,2,4.25,0
591,Cliente 591,cliente591@example.com,0905948723,Fibra 500MB,45.71,8,336.86,month-to-month,bank_transfer,1,4.97,0
592,Cliente 592,cliente592@example.com,0944564669,Plan Ilimitado,41.14,58,2194.28,two-year,credit_card,2,4.6,0
593,Cliente 593,cliente593@example.com,0985133295,Fibra 1GB,15.43,23,358.74,two-year,cash,1,4.49,0
594,Cliente 594,cliente594@example.com,0991757353,Fibra 1GB,27.36,58,1524.92,two-year,bank_transfer,1,4.52,0
595,Cliente 595,cliente595@example.com,0961647016,Fibra 1GB,66.58,68,4175.54,one-year,bank_transfer,0,4.37,0
596,Cliente 596,cliente596@example.com,0932990567,Combo TV+Internet,41.25,47,1811.76,two-year,bank_transfer,1,4.28,0
597,Cliente 597,cliente597@example.com,0928686802,Fibra 200MB,50.01,55,2803.33,month-to-month,credit_card,1,4.35,0
598,Cliente 598,cliente598@example.com,0953179566,Fibra 1GB,29.17,20,579.6,one-year,credit_card,1,2.88,0
599,Cliente 599,cliente599@example.com,0946812176,Fibra 200MB,44.48,31,1398.38,month-to-month,bank_transfer,4,3.38,1
600,Cliente 600,cliente600@example.com,0966581682,Plan Ilimitado,20.3,70,1299.74,one-year,bank_transfer,0,3.68,0
601,Cliente 601,cliente601@example.com,0970139347,Plan Familiar,46.8,59,2674.82,two-year,bank_transfer,0,3.23,0
602,Cliente 602,cliente602@example.com,0976082572,Combo TV+Internet,51.67,14,737.53,two-year,credit_card,2,1.88,0
603,Cliente 603,cliente603@example.com,0965127034,Plan Prepago Movil,50.77,68,3244.77,month-to-month,bank_transfer,1,2.24,0
604,Cliente 604,cliente604@example.com,0934909796,Combo TV+Internet,28.74,36,957.43,one-year,credit_card,1,3.85,0
605,Cliente 605,cliente605@example.com,0990779055,Fibra 500MB,38.84,61,2268.0,two-year,credit_card,0,4.6,0
606,Cliente 606,cliente606@example.com,0906446763,Plan Prepago Movil,54.67,38,1973.6,two-year,cash,1,3.61,0
607,Cliente 607,cliente607@example.com,0992343391,Plan Prepago Movil,41.19,44,1681.55,one-year,bank_transfer,3,5.0,0
608,Cliente 608,cliente608@example.com,0954022445,Fibra 200MB,39.83,11,457.01,month-to-month,bank_transfer,1,2.59,1
609,Cliente 609,cliente609@example.com,0937389618,Combo TV+Internet,79.26,24,1849.86,month-to-month,cash,0,4.09,0
610,Cliente 610,cliente610@example.com,0985376768,Fibra 500MB,27.88,52,1437.02,two-year,credit_card,1,5.0,0
611,Cliente 611,cliente611@example.com,0997398409,Plan Ilimitado,64.45,61,3609.72,one-year,cash,2,4.77,0
612,Cliente 612,cliente612@example.com,0954608125,Fibra 500MB,24.22,6,144.09,one-year,bank_transfer,0,4.32,0
613,Cliente 613,cliente613@example.com,0960519346,Internet Hogar 100MB,56.79,5,279.21,one-year,bank_transfer,2,4.78,0
614,Cliente 614,cliente614@example.com,0911952687,Internet Hogar 100MB,57.75,50,3002.39,month-to-month,credit_card,0,,1
615,Cliente 615,cliente615@example.com,0946827938,Plan Prepago Movil,35.81,32,1102.2,month-to-month,credit_card,1,5.0,0
616,Cliente 616,cliente616@example.com,0903206538,Fibra 1GB,23.09,61,1432.87,two-year,credit_card,2,5.0,0
617,Cliente 617,cliente617@example.com,0928680907,Plan Prepago Movil,15.0,4,56.74,month-to-month,credit_card,3,2.66,0
618,Cliente 618,cliente618@example.com,0971001192,Combo TV+Internet,33.93,25,837.09,one-year,credit_card,2,3.95,0
619,Cliente 619,cliente619@example.com,0980645720,Internet Hogar 100MB,54.47,2,113.19,one-year,bank_transfer,1,1.9,0
620,Cliente 620,cliente620@example.com,0928598100,Fibra 500MB,25.6,51,1297.45,two-year,bank_transfer,3,5.0,0
621,Cliente 621,cliente621@example.com,0914084780,Plan Ilimitado,46.75,62,2917.84,month-to-month,credit_card,1,3.85,0
622,Cliente 622,cliente622@example.com,0946982276,Plan Familiar,18.42,11,208.98,one-year,bank_transfer,1,5.0,0
623,Cliente 623,cliente623@example.com,0924923962,Internet Hogar 100MB,40.79,23,974.58,month-to-month,cash,0,3.48,0
624,Cliente 624,cliente624@example.com,0928274237,Fibra 500MB,24.35,61,1383.22,month-to-month,bank_transfer,0,1.56,0
625,Cliente 625,cliente625@example.com,0980926228,Fibra 500MB,43.6,3,121.56,month-to-month,bank_transfer,1,5.0,0
626,Cliente 626,cliente626@example.com,0979020449,Plan Prepago Movil,35.98,69,2439.35,month-to-month,bank_transfer,2,,0
627,Cliente 627,cliente627@example.com,0926904304,Internet Hogar 100MB,23.57,64,1582.89,two-year,credit_card,2,2.5,0
628,Cliente 628,cliente628@example.com,0923253736,Fibra 1GB,33.14,11,354.89,two-year,credit_card,1,4.86,0
629,Cliente 629,cliente629@example.com,0953875577,Combo TV+Internet,28.19,10,267.7,month-to-month,cash,0,5.0,0
630,Cliente 630,cliente630@example.com,0971245383,Fibra 500MB,21.35,50,1046.78,two-year,bank_transfer,1,3.38,0
631,Cliente 631,cliente631@example.com,0956357395,Fibra 200MB,64.49,0,0.0,month-to-month,bank_transfer,1,3.49,0
632,Cliente 632,cliente632@example.com,0977865748,Plan Familiar,38.52,36,1284.91,one-year,cash,1,3.86,0
633,Cliente 633,cliente633@example.com,0957215873,Fibra 200MB,15.0,4,55.34,two-year,credit_card,0,2.38,0
634,Cliente 634,cliente634@example.com,0986597202,Fibra 1GB,33.78,38,1160.65,one-year,credit_card,0,,0
635,Cliente 635,cliente635@example.com,0911596427,Fibra 1GB,61.46,25,1549.3,month-to-month,bank_transfer,0,5.0,0
636,Cliente 636,cliente636@example.com,0950414028,Combo TV+Internet,31.3,51,1514.6,month-to-month,credit_card,2,3.45,0
637,Cliente 637,cliente637@example.com,0911299679,Internet Hogar 100MB,71.96,64,4261.32,month-to-month,bank_transfer,1,2.68,0
638,Cliente 638,cliente638@example.com,0924059074,Plan Prepago Movil,29.58,35,1011.32,two-year,cash,4,3.1,0
639,Cliente 639,cliente639@example.com,0995415900,Combo TV+Internet,54.06,46,2358.73,one-year,bank_transfer,0,4.78,0
640,Cliente 640,cliente640@example.com,0982664462,Internet Hogar 100MB,63.66,43,2625.02,month-to-month,credit_card,1,1.43,1
641,Cliente 641,cliente641@example.com,0919017531,Fibra 1GB,53.1,71,3571.53,month-to-month,bank_transfer,0,3.88,0
642,Cliente 642,cliente642@example.com,0930549845,Fibra 500MB,20.26,16,291.94,two-year,credit_card,1,5.0,0
643,Cliente 643,cliente643@example.com,0962609982,Plan Ilimitado,28.04,17,478.23,month-to-month,cash,2,5.0,0
644,Cliente 644,cliente644@example.com,0975903091,Combo TV+Internet,66.06,27,1634.87,one-year,credit_card,0,4.23,0
645,Cliente 645,cliente645@example.com,0901951348,Fibra 1GB,30.52,53,1508.98,one-year,cash,1,5.0,0
646,Cliente 646,cliente646@example.com,0921741442,Fibra 500MB,62.56,63,3659.67,month-to-month,bank_transfer,0,5.0,0
647,Cliente 647,cliente647@example.com,0920805083,Internet Hogar 100MB,37.25,20,707.53,month-to-month,credit_card,4,3.46,0
648,Cliente 648,cliente648@example.com,0990330444,Plan Prepago Movil,47.55,8,351.5,month-to-month,bank_transfer,1,4.62,0
649,Cliente 649,cliente649@example.com,0951246349,Plan Familiar,20.05,44,839.89,month-to-month,credit_card,3,5.0,0
650,Cliente 650,cliente650@example.com,0960308842,Plan Prepago Movil,34.05,43,1371.16,one-year,bank_transfer,4,2.21,0
651,Cliente 651,cliente651@example.com,0971781516,Plan Prepago Movil,29.24,27,717.78,two-year,cash,1,4.23,0
652,Cliente 652,cliente652@example.com,0960924297,Internet Hogar 100MB,49.06,13,657.29,month-to-month,cash,0,4.0,0
653,Cliente 653,cliente653@example.com,0993552989,Internet Hogar 100MB,46.68,62,2737.4,month-to-month,credit_card,2,3.71,0
654,Cliente 654,cliente654@example.com,0941158677,Plan Familiar,53.33,61,2974.31,month-to-month,bank_transfer,0,3.62,1
655,Cliente 655,cliente655@example.com,0989372600,Fibra 200MB,36.17,54,1910.66,month-to-month,cash,3,3.85,0
656,Cliente 656,cliente656@example.com,0915955685,Plan Prepago Movil,28.26,42,1090.18,one-year,cash,1,3.95,0
657,Cliente 657,cliente657@example.com,0974948983,Fibra 200MB,48.29,19,932.16,one-year,credit_card,0,4.83,0
658,Cliente 658,cliente658@example.com,0937967484,Fibra 1GB,26.47,29,697.96,one-year,credit_card,2,4.12,0
659,Cliente 659,cliente659@example.com,0965878129,Plan Prepago Movil,64.41,4,249.83,month-to-month,cash,0,3.4,1
660,Cliente 660,cliente660@example.com,0917630081,Internet Hogar 100MB,42.94,18,805.05,one-year,credit_card,0,2.68,0
661,Cliente 661,cliente661@example.com,0971316169,Fibra 200MB,39.13,32,1156.8,month-to-month,credit_card,1,3.08,0
662,Cliente 662,cliente662@example.com,0976987536,Plan Prepago Movil,53.32,31,1537.55,two-year,bank_transfer,0,3.89,0
663,Cliente 663,cliente663@example.com,0918827688,Plan Familiar,43.63,5,215.98,one-year,credit_card,0,2.82,0
664,Cliente 664,cliente664@example.com,0979341825,Fibra 500MB,15.16,69,1095.18,two-year,cash,1,4.64,0
665,Cliente 665,cliente665@example.com,0912625462,Plan Familiar,25.89,19,471.19,month-to-month,credit_card,0,4.07,0
666,Cliente 666,cliente666@example.com,0940517848,Fibra 1GB,64.04,37,2363.07,month-to-month,bank_transfer,2,4.86,0
667,Cliente 667,cliente667@example.com,0938554974,Combo TV+Internet,46.51,33,1416.41,one-year,cash,2,2.9,0
668,Cliente 668,cliente668@example.com,0974848256,Combo TV+Internet,15.0,34,508.07,month-to-month,cash,0,2.69,0
669,Cliente 669,cliente669@example.com,0954092180,Plan Ilimitado,51.34,61,2937.26,one-year,cash,1,4.85,0
670,Cliente 670,cliente670@example.com,0973727955,Fibra 500MB,34.93,54,1871.12,month-to-month,cash,1,3.74,0
671,Cliente 671,cliente671@example.com,0963560452,Fibra 1GB,29.26,63,1683.56,two-year,credit_card,0,3.38,0
672,Cliente 672,cliente672@example.com,0943528668,Combo TV+Internet,24.39,27,644.53,month-to-month,cash,0,4.37,0
673,Cliente 673,cliente673@example.com,0902163793,Plan Ilimitado,63.0,19,1119.93,two-year,cash,0,4.33,0
674,Cliente 674,cliente674@example.com,0934433344,Combo TV+Internet,15.0,31,466.05,month-to-month,bank_transfer,0,2.22,0
675,Cliente 675,cliente675@example.com,0942642783,Internet Hogar 100MB,29.92,40,1211.34,month-to-month,credit_card,1,5.0,0
676,Cliente 676,cliente676@example.com,0959323446,Combo TV+Internet,47.16,24,1162.65,month-to-month,credit_card,2,3.15,0
677,Cliente 677,cliente677@example.com,0925192313,Fibra 1GB,73.41,33,2540.89,month-to-month,bank_transfer,0,5.0,1
678,Cliente 678,cliente678@example.com,0995653737,Internet Hogar 100MB,54.97,11,585.87,two-year,bank_transfer,2,2.13,0
679,Cliente 679,cliente679@example.com,0990171725,Fibra 200MB,29.77,42,1251.08,two-year,credit_card,0,3.95,0
680,Cliente 680,cliente680@example.com,0963892762,Combo TV+Internet,72.53,52,3404.83,two-year,credit_card,2,3.4,0
681,Cliente 681,cliente681@example.com,0983271934,Plan Prepago Movil,20.61,38,811.19,two-year,bank_transfer,3,1.43,0
682,Cliente 682,cliente682@example.com,0968737356,Plan Prepago Movil,49.78,63,3112.18,one-year,credit_card,1,4.32,0
683,Cliente 683,cliente683@example.com,0950010712,Fibra 1GB,53.78,72,3729.67,month-to-month,cash,1,1.48,0
684,Cliente 684,cliente684@example.com,0931801202,Internet Hogar 100MB,29.14,66,1856.21,two-year,credit_card,4,3.28,0
685,Cliente 685,cliente685@example.com,0913197656,Fibra 1GB,57.56,6,350.09,month-to-month,credit_card,0,4.81,0
686,Cliente 686,cliente686@example.com,0991514866,Fibra 500MB,35.75,64,2345.25,two-year,credit_card,1,3.02,0
687,Cliente 687,cliente687@example.com,0908733575,Plan Ilimitado,57.51,24,1409.48,month-to-month,cash,0,2.61,0
688,Cliente 688,cliente688@example.com,0982687344,Fibra 1GB,15.0,32,468.76,one-year,cash,1,4.48,0
689,Cliente 689,cliente689@example.com,0931162774,Fibra 1GB,51.03,30,1463.04,month-to-month,credit_card,0,3.33,0
690,Cliente 690,cliente690@example.com,0939026847,Plan Ilimitado,37.58,20,783.04,month-to-month,credit_card,3,3.15,0
691,Cliente 691,cliente691@example.com,0929571474,Plan Ilimitado,65.69,64,4183.69,month-to-month,credit_card,2,5.0,0
692,Cliente 692,cliente692@example.com,0998183547,Plan Familiar,44.21,46,1996.13,month-to-month,credit_card,3,2.32,0
693,Cliente 693,cliente693@example.com,0944524006,Plan Prepago Movil,67.49,70,4675.87,month-to-month,bank_transfer,1,3.09,0
694,Cliente 694,cliente694@example.com,0926764573,Fibra 1GB,54.14,69,3715.04,month-to-month,credit_card,0,4.55,0
695,Cliente 695,cliente695@example.com,0942200176,Fibra 500MB,42.7,30,1289.92,month-to-month,bank_transfer,0,2.24,0
696,Cliente 696,cliente696@example.com,0907799058,Fibra 500MB,59.18,53,3083.15,one-year,credit_card,1,5.0,0
697,Cliente 697,cliente697@example.com,0925039729,Plan Prepago Movil,59.29,36,2201.26,month-to-month,bank_transfer,2,3.36,0
698,Cliente 698,cliente698@example.com,0923462262,Plan Prepago Movil,53.49,36,1981.4,two-year,credit_card,2,4.56,0
699,Cliente 699,cliente699@example.com,0911300751,Fibra 200MB,15.0,53,768.24,month-to-month,credit_card,3,4.56,0
700,Cliente 700,cliente700@example.com,0926882842,Plan Familiar,27.31,50,1263.47,one-year,credit_card,2,3.43,0
701,Cliente 701,cliente701@example.com,0951445103,Plan Ilimitado,69.91,66,4551.76,month-to-month,credit_card,0,3.07,1
702,Cliente 702,cliente702@example.com,0995565292,Fibra 200MB,22.39,56,1245.2,month-to-month,credit_card,1,3.55,0
703,Cliente 703,cliente703@example.com,0968691605,Combo TV+Internet,60.88,45,2680.72,one-year,cash,1,4.38,0
704,Cliente 704,cliente704@example.com,0916318812,Fibra 1GB,57.72,67,3997.13,one-year,credit_card,2,2.51,0
705,Cliente 705,cliente705@example.com,0906824747,Fibra 500MB,31.94,7,204.34,month-to-month,credit_card,0,2.28,1
706,Cliente 706,cliente706@example.com,0977743615,Plan Prepago Movil,15.0,55,778.07,month-to-month,credit_card,0,5.0,0
707,Cliente 707,cliente707@example.com,0907643566,Fibra 200MB,34.76,28,1002.35,month-to-month,bank_transfer,0,2.79,0
708,Cliente 708,cliente708@example.com,0991061127,Fibra 500MB,82.4,31,2658.91,month-to-month,cash,1,3.99,0
709,Cliente 709,cliente709@example.com,0903187024,Plan Ilimitado,29.46,57,1618.58,month-to-month,bank_transfer,1,3.38,0
710,Cliente 710,cliente710@example.com,0941482134,Fibra 1GB,30.7,19,541.83,one-year,bank_transfer,0,,0
711,Cliente 711,cliente711@example.com,0921071275,Fibra 1GB,27.04,64,1666.61,month-to-month,cash,2,5.0,0
712,Cliente 712,cliente712@example.com,0901439105,Fibra 1GB,66.87,36,2331.31,one-year,credit_card,0,3.51,0
713,Cliente 713,cliente713@example.com,0990894496,Fibra 1GB,40.63,25,993.34,month-to-month,cash,1,3.21,0
714,Cliente 714,cliente714@example.com,0952923857,Plan Prepago Movil,33.73,23,730.14,month-to-month,bank_transfer,3,3.3,0
715,Cliente 715,cliente715@example.com,0996175119,Internet Hogar 100MB,70.44,30,2000.98,month-to-month,credit_card,2,3.05,0
716,Cliente 716,cliente716@example.com,0914988742,Fibra 500MB,55.43,68,3762.98,month-to-month,bank_transfer,2,2.86,0
717,Cliente 717,cliente717@example.com,0985393064,Plan Prepago Movil,28.45,7,197.81,month-to-month,credit_card,1,3.05,0
718,Cliente 718,cliente718@example.com,0966632397,Fibra 500MB,22.98,37,849.68,two-year,credit_card,1,5.0,0
719,Cliente 719,cliente719@example.com,0939758951,Plan Ilimitado,65.85,60,3779.5,one-year,cash,0,4.38,0
720,Cliente 720,cliente720@example.com,0942604436,Plan Prepago Movil,45.3,34,1463.91,month-to-month,credit_card,0,3.22,0
721,Cliente 721,cliente721@example.com,0952841636,Fibra 200MB,17.12,41,668.74,month-to-month,bank_transfer,0,4.68,0
722,Cliente 722,cliente722@example.com,0976963957,Fibra 1GB,15.0,25,391.0,two-year,cash,0,1.85,0
723,Cliente 723,cliente723@example.com,0939993860,Internet Hogar 100MB,24.91,9,215.06,month-to-month,bank_transfer,0,5.0,1
724,Cliente 724,cliente724@example.com,0995538035,Fibra 500MB,22.69,46,1034.26,month-to-month,credit_card,1,5.0,0
725,Cliente 725,cliente725@example.com,0912658803,Internet Hogar 100MB,15.0,67,983.32,two-year,bank_transfer,2,5.0,0
726,Cliente 726,cliente726@example.com,0989072841,Plan Familiar,25.21,37,962.09,month-to-month,cash,1,4.71,0
727,Cliente 727,cliente727@example.com,0929709850,Plan Familiar,28.46,31,842.88,month-to-month,credit_card,1,4.08,0
728,Cliente 728,cliente728@example.com,0941337718,Fibra 500MB,36.67,9,318.52,month-to-month,credit_card,2,,0
729,Cliente 729,cliente729@example.com,0966777269,Fibra 500MB,75.47,68,5267.54,one-year,bank_transfer,1,2.91,0
730,Cliente 730,cliente730@example.com,0974696783,Plan Familiar,40.2,63,2340.49,month-to-month,cash,2,3.17,0
731,Cliente 731,cliente731@example.com,0933364966,Fibra 500MB,41.98,65,2699.08,one-year,credit_card,3,3.53,1
732,Cliente 732,cliente732@example.com,0998098325,Combo TV+Internet,54.17,26,1352.06,month-to-month,credit_card,2,5.0,0
733,Cliente 733,cliente733@example.com,0996528702,Fibra 1GB,40.73,45,1920.59,month-to-month,cash,1,2.66,0
734,Cliente 734,cliente734@example.com,0987451865,Fibra 200MB,52.2,31,1631.48,month-to-month,credit_card,0,2.54,0
735,Cliente 735,cliente735@example.com,0965414804,Fibra 200MB,50.05,17,767.11,two-year,credit_card,1,3.86,0
736,Cliente 736,cliente736@example.com,0985080412,Combo TV+Internet,47.21,15,726.51,month-to-month,bank_transfer,2,4.39,0
737,Cliente 737,cliente737@example.com,0932853243,Fibra 200MB,94.8,28,2668.94,one-year,credit_card,2,2.83,0
738,Cliente 738,cliente738@example.com,0982642415,Combo TV+Internet,61.4,40,2417.06,month-to-month,credit_card,3,4.34,1
739,Cliente 739,cliente739@example.com,0975050369,Plan Familiar,25.53,8,191.05,month-to-month,bank_transfer,1,5.0,0
740,Cliente 740,cliente740@example.com,0995283513,Plan Familiar,51.66,51,2430.2,month-to-month,bank_transfer,2,4.92,0
741,Cliente 741,cliente741@example.com,0947815905,Plan Ilimitado,30.75,33,1008.93,month-to-month,bank_transfer,2,3.99,1
742,Cliente 742,cliente742@example.com,0971646710,Fibra 1GB,53.03,64,3278.5,month-to-month,credit_card,1,3.5,0
743,Cliente 743,cliente743@example.com,0932296361,Fibra 500MB,20.25,20,416.84,two-year,bank_transfer,1,5.0,0
744,Cliente 744,cliente744@example.com,0910465516,Fibra 500MB,25.06,3,70.62,two-year,bank_transfer,2,3.62,0
745,Cliente 745,cliente745@example.com,0959204112,Combo TV+Internet,51.19,22,1121.26,one-year,cash,2,4.63,1
746,Cliente 746,cliente746@example.com,0964819458,Fibra 200MB,62.96,71,4190.0,one-year,bank_transfer,2,5.0,0
747,Cliente 747,cliente747@example.com,0941290965,Plan Familiar,54.05,23,1237.49,month-to-month,bank_transfer,2,4.52,0
748,Cliente 748,cliente748@example.com,0938072305,Plan Familiar,60.37,51,2793.31,one-year,cash,0,2.5,0
749,Cliente 749,cliente749@example.com,0911349845,Plan Familiar,51.73,61,3025.38,month-to-month,cash,2,2.24,0
750,Cliente 750,cliente750@example.com,0973767930,Plan Ilimitado,48.1,20,890.72,two-year,credit_card,0,3.27,0
751,Cliente 751,cliente751@example.com,0953015935,Fibra 200MB,35.93,46,1637.72,two-year,cash,0,4.38,0
752,Cliente 752,cliente752@example.com,0911761550,Internet Hogar 100MB,59.63,14,791.0,month-to-month,cash,1,4.09,0
753,Cliente 753,cliente753@example.com,0938376099,Fibra 200MB,63.45,26,1675.65,two-year,credit_card,1,5.0,0
754,Cliente 754,cliente754@example.com,0961805461,Fibra 1GB,43.86,21,844.79,two-year,credit_card,1,4.08,0
755,Cliente 755,cliente755@example.com,0985236129,Plan Prepago Movil,42.9,49,2067.27,month-to-month,bank_transfer,1,3.24,0
756,Cliente 756,cliente756@example.com,0983542218,Internet Hogar 100MB,73.65,63,4589.15,two-year,credit_card,1,2.35,0
757,Cliente 757,cliente757@example.com,0921619841,Fibra 200MB,44.63,18,725.67,month-to-month,bank_transfer,1,4.9,0
758,Cliente 758,cliente758@example.com,0918451850,Internet Hogar 100MB,46.36,21,881.46,month-to-month,bank_transfer,0,3.59,0
759,Cliente 759,cliente759@example.com,0909020087,Fibra 1GB,53.72,59,2999.08,month-to-month,credit_card,1,1.94,0
760,Cliente 760,cliente760@example.com,0931237540,Plan Prepago Movil,43.24,33,1414.59,one-year,credit_card,1,3.62,0
761,Cliente 761,cliente761@example.com,0912248435,Combo TV+Internet,30.23,37,1168.17,month-to-month,cash,0,2.5,0
762,Cliente 762,cliente762@example.com,0907039472,Fibra 1GB,51.8,51,2413.59,two-year,credit_card,1,3.13,0
763,Cliente 763,cliente763@example.com,0983203501,Fibra 500MB,44.3,10,445.43,month-to-month,bank_transfer,0,3.61,0
764,Cliente 764,cliente764@example.com,0937500032,Plan Ilimitado,78.16,63,4943.32,month-to-month,credit_card,3,2.6,0
765,Cliente 765,cliente765@example.com,0914569699,Plan Prepago Movil,59.19,26,1539.59,one-year,bank_transfer,2,3.06,0
766,Cliente 766,cliente766@example.com,0983008837,Fibra 200MB,34.28,48,1608.29,month-to-month,bank_transfer,2,2.78,0
767,Cliente 767,cliente767@example.com,0940601403,Plan Familiar,58.12,31,1882.84,one-year,credit_card,2,2.81,0
768,Cliente 768,cliente768@example.com,0975029995,Internet Hogar 100MB,50.54,54,2661.66,month-to-month,bank_transfer,5,2.49,0
769,Cliente 769,cliente769@example.com,0947918618,Fibra 500MB,68.57,44,3094.75,two-year,bank_transfer,1,3.07,0
770,Cliente 770,cliente770@example.com,0900354264,Fibra 500MB,35.56,12,400.85,one-year,credit_card,1,2.62,0
771,Cliente 771,cliente771@example.com,0918363722,Fibra 1GB,48.4,13,642.38,month-to-month,credit_card,3,4.25,0
772,Cliente 772,cliente772@example.com,0908766048,Plan Ilimitado,43.22,64,2902.95,month-to-month,bank_transfer,1,3.82,0
773,Cliente 773,cliente773@example.com,0920806870,Fibra 200MB,46.05,37,1766.06,month-to-month,bank_transfer,2,4.91,1
774,Cliente 774,cliente774@example.com,0980804820,Combo TV+Internet,29.07,20,549.78,two-year,bank_transfer,0,5.0,0
775,Cliente 775,cliente775@example.com,0903324352,Plan Ilimitado,55.37,10,568.61,one-year,bank_transfer,1,4.35,0
776,Cliente 776,cliente776@example.com,0938773837,Plan Familiar,52.52,9,432.17,month-to-month,credit_card,3,4.09,0
777,Cliente 777,cliente777@example.com,0973613563,Plan Familiar,68.13,67,4572.27,month-to-month,credit_card,0,4.41,0
778,Cliente 778,cliente778@example.com,0976805742,Plan Ilimitado,44.82,71,3027.32,two-year,bank_transfer,2,4.11,0
779,Cliente 779,cliente779@example.com,0954494201,Fibra 1GB,37.59,28,1051.26,month-to-month,bank_transfer,1,3.66,0
780,Cliente 780,cliente780@example.com,0952132509,Plan Prepago Movil,59.21,14,797.31,one-year,cash,0,3.57,0
781,Cliente 781,cliente781@example.com,0998170772,Plan Familiar,30.7,30,830.15,one-year,credit_card,3,2.48,0
782,Cliente 782,cliente782@example.com,0949153169,Fibra 500MB,64.53,9,542.84,month-to-month,bank_transfer,2,4.52,0
783,Cliente 783,cliente783@example.com,0955512752,Fibra 200MB,64.49,40,2338.04,month-to-month,bank_transfer,1,3.57,0
784,Cliente 784,cliente784@example.com,0901527512,Fibra 500MB,67.63,45,2934.06,month-to-month,credit_card,0,5.0,0
785,Cliente 785,cliente785@example.com,0900738235,Fibra 500MB,51.78,71,3772.01,month-to-month,bank_transfer,2,4.61,0
786,Cliente 786,cliente786@example.com,0924108212,Plan Prepago Movil,36.24,23,842.44,two-year,bank_transfer,0,2.91,0
787,Cliente 787,cliente787@example.com,0944782211,Plan Ilimitado,46.97,14,669.64,one-year,credit_card,1,4.97,0
788,Cliente 788,cliente788@example.com,0900468326,Fibra 200MB,51.84,9,476.4,two-year,credit_card,1,1.0,0
789,Cliente 789,cliente789@example.com,0966105429,Fibra 1GB,34.92,27,901.16,month-to-month,credit_card,1,5.0,0
790,Cliente 790,cliente790@example.com,0912752542,Fibra 500MB,69.0,43,2895.51,month-to-month,cash,2,2.13,0
791,Cliente 791,cliente791@example.com,0967009205,Combo TV+Internet,55.44,4,216.5,one-year,credit_card,2,4.14,0
792,Cliente 792,cliente792@example.com,0939901630,Fibra 200MB,28.94,55,1459.56,month-to-month,credit_card,1,4.07,0
793,Cliente 793,cliente793@example.com,0946947469,Plan Ilimitado,78.89,33,2576.61,month-to-month,credit_card,1,4.84,0
794,Cliente 794,cliente794@example.com,0986817992,Plan Ilimitado,46.75,57,2686.14,month-to-month,credit_card,1,3.24,0
795,Cliente 795,cliente795@example.com,0946062863,Fibra 1GB,25.31,33,828.25,one-year,credit_card,0,1.24,0
796,Cliente 796,cliente796@example.com,0906560479,Plan Ilimitado,30.06,11,334.59,one-year,bank_transfer,1,3.24,0
797,Cliente 797,cliente797@example.com,0932728691,Plan Familiar,71.78,1,65.88,month-to-month,credit_card,2,3.36,0
798,Cliente 798,cliente798@example.com,0908232486,Plan Ilimitado,77.85,40,3158.25,two-year,credit_card,1,1.35,0
799,Cliente 799,cliente799@example.com,0908463043,Combo TV+Internet,63.17,39,2294.18,month-to-month,credit_card,5,3.65,0
800,Cliente 800,cliente800@example.com,0907892655,Plan Familiar,68.75,59,4184.12,month-to-month,credit_card,1,2.42,0
801,Cliente 801,cliente801@example.com,0973246430,Combo TV+Internet,66.9,64,4010.74,month-to-month,credit_card,2,4.31,0
802,Cliente 802,cliente802@example.com,0950464522,Plan Ilimitado,55.02,11,589.36,two-year,bank_transfer,3,,0
803,Cliente 803,cliente803@example.com,0988123707,Fibra 1GB,50.92,22,1090.09,month-to-month,bank_transfer,2,5.0,0
804,Cliente 804,cliente804@example.com,0908089794,Fibra 500MB,54.72,15,771.82,month-to-month,bank_transfer,2,3.32,0
805,Cliente 805,cliente805@example.com,0966087426,Combo TV+Internet,58.25,7,389.1,month-to-month,credit_card,1,4.07,1
806,Cliente 806,cliente806@example.com,0991957116,Plan Prepago Movil,31.65,0,0.0,one-year,cash,3,3.37,0
807,Cliente 807,cliente807@example.com,0923623337,Combo TV+Internet,58.18,6,344.02,one-year,bank_transfer,1,1.81,0
808,Cliente 808,cliente808@example.com,0919705117,Fibra 1GB,71.26,38,2807.95,month-to-month,credit_card,1,3.37,0
809,Cliente 809,cliente809@example.com,0925236608,Plan Familiar,41.29,11,430.34,two-year,credit_card,1,4.43,0
810,Cliente 810,cliente810@example.com,0952146029,Plan Ilimitado,39.36,14,537.93,month-to-month,bank_transfer,2,4.26,0
811,Cliente 811,cliente811@example.com,0918257962,Fibra 500MB,53.58,8,441.19,month-to-month,credit_card,0,,0
812,Cliente 812,cliente812@example.com,0907579856,Internet Hogar 100MB,33.31,52,1676.48,one-year,credit_card,0,2.0,0
813,Cliente 813,cliente813@example.com,0961303188,Fibra 500MB,21.3,46,1003.99,one-year,bank_transfer,0,4.31,0
814,Cliente 814,cliente814@example.com,0974050014,Plan Prepago Movil,65.66,70,4444.34,month-to-month,credit_card,2,4.06,0
815,Cliente 815,cliente815@example.com,0974758330,Plan Prepago Movil,36.88,8,285.02,one-year,cash,0,4.53,0
816,Cliente 816,cliente816@example.com,0920195636,Fibra 500MB,45.33,15,627.99,month-to-month,credit_card,2,3.3,0
817,Cliente 817,cliente817@example.com,0959757695,Plan Prepago Movil,34.02,33,1031.44,one-year,credit_card,0,1.75,0
818,Cliente 818,cliente818@example.com,0981138844,Internet Hogar 100MB,67.98,47,3168.62,one-year,credit_card,1,4.19,0
819,Cliente 819,cliente819@example.com,0942587036,Combo TV+Internet,60.36,9,556.33,two-year,credit_card,3,3.59,0
820,Cliente 820,cliente820@example.com,0957734174,Fibra 1GB,40.67,15,561.44,month-to-month,cash,0,5.0,0
821,Cliente 821,cliente821@example.com,0937981851,Plan Prepago Movil,23.76,30,738.83,one-year,cash,2,3.63,0
822,Cliente 822,cliente822@example.com,0932264780,Fibra 500MB,38.76,1,36.97,one-year,cash,1,3.55,0
823,Cliente 823,cliente823@example.com,0981000386,Fibra 500MB,55.26,28,1491.25,month-to-month,bank_transfer,3,4.06,0
824,Cliente 824,cliente824@example.com,0949400523,Fibra 200MB,48.4,55,2752.96,month-to-month,credit_card,2,2.94,0
825,Cliente 825,cliente825@example.com,0933901272,Plan Prepago Movil,46.96,38,1845.95,two-year,credit_card,1,2.89,0
826,Cliente 826,cliente826@example.com,0927666655,Plan Ilimitado,48.81,31,1480.92,month-to-month,credit_card,1,3.49,1
827,Cliente 827,cliente827@example.com,0973328021,Fibra 500MB,58.66,35,1933.02,one-year,cash,0,2.59,0
828,Cliente 828,cliente828@example.com,0932594937,Plan Ilimitado,44.25,69,2826.67,month-to-month,bank_transfer,0,3.35,0
829,Cliente 829,cliente829@example.com,0916769656,Plan Ilimitado,53.1,37,1848.27,two-year,bank_transfer,1,5.0,0
830,Cliente 830,cliente830@example.com,0932999722,Plan Ilimitado,27.24,39,1080.52,month-to-month,bank_transfer,1,4.75,0
831,Cliente 831,cliente831@example.com,0935270943,Combo TV+Internet,90.97,67,5782.25,two-year,bank_transfer,2,3.94,0
832,Cliente 832,cliente832@example.com,0944533312,Fibra 500MB,39.89,11,440.63,one-year,credit_card,1,5.0,0
833,Cliente 833,cliente833@example.com,0940440467,Plan Familiar,48.66,7,316.53,month-to-month,bank_transfer,1,2.69,0
834,Cliente 834,cliente834@example.com,0935036497,Combo TV+Internet,55.2,32,1716.54,one-year,bank_transfer,0,5.0,0
835,Cliente 835,cliente835@example.com,0994059190,Fibra 1GB,37.61,23,824.21,one-year,cash,0,3.09,0
836,Cliente 836,cliente836@example.com,0969228361,Fibra 500MB,45.14,14,616.5,month-to-month,credit_card,4,5.0,0
837,Cliente 837,cliente837@example.com,0965574648,Plan Ilimitado,44.92,8,354.15,month-to-month,credit_card,0,5.0,0
838,Cliente 838,cliente838@example.com,0952839954,Fibra 1GB,28.55,64,1916.08,one-year,bank_transfer,0,1.67,0
839,Cliente 839,cliente839@example.com,0928268119,Plan Ilimitado,52.89,44,2408.57,one-year,cash,2,5.0,0
840,Cliente 840,cliente840@example.com,0993265225,Fibra 500MB,15.31,50,768.85,month-to-month,cash,0,3.29,0
841,Cliente 841,cliente841@example.com,0925625951,Plan Ilimitado,76.55,8,565.28,two-year,bank_transfer,2,,1
842,Cliente 842,cliente842@example.com,0974707604,Fibra 200MB,59.27,24,1476.33,month-to-month,credit_card,2,4.18,1
843,Cliente 843,cliente843@example.com,0945669739,Plan Familiar,56.5,45,2628.66,month-to-month,credit_card,2,2.49,0
844,Cliente 844,cliente844@example.com,0948437710,Plan Ilimitado,15.0,38,588.81,one-year,bank_transfer,1,4.15,0
845,Cliente 845,cliente845@example.com,0971444495,Fibra 200MB,30.73,50,1493.25,month-to-month,credit_card,0,2.57,0
846,Cliente 846,cliente846@example.com,0984462991,Fibra 500MB,70.01,48,3110.48,month-to-month,bank_transfer,0,3.79,0
847,Cliente 847,cliente847@example.com,0913108139,Fibra 1GB,119.72,30,3638.87,month-to-month,cash,0,5.0,0
848,Cliente 848,cliente848@example.com,0930225402,Combo TV+Internet,66.5,57,3632.35,month-to-month,credit_card,0,4.03,0
849,Cliente 849,cliente849@example.com,0945494754,Plan Familiar,63.66,18,1090.52,month-to-month,credit_card,3,3.2,0
850,Cliente 850,cliente850@example.com,0906887247,Fibra 500MB,54.45,5,260.98,one-year,credit_card,2,4.2,0
851,Cliente 851,cliente851@example.com,0976075057,Fibra 200MB,29.75,66,1931.81,month-to-month,credit_card,0,,0
852,Cliente 852,cliente852@example.com,0997266181,Plan Familiar,62.91,1,59.77,two-year,bank_transfer,0,2.68,0
853,Cliente 853,cliente853@example.com,0977960934,Plan Ilimitado,25.18,20,505.36,one-year,credit_card,1,3.13,0
854,Cliente 854,cliente854@example.com,0982675775,Fibra 500MB,23.21,8,185.15,month-to-month,credit_card,1,4.47,0
855,Cliente 855,cliente855@example.com,0907738211,Plan Prepago Movil,22.08,16,344.92,month-to-month,credit_card,2,4.05,0
856,Cliente 856,cliente856@example.com,0952664298,Plan Familiar,62.56,28,1590.69,one-year,credit_card,2,4.19,0
857,Cliente 857,cliente857@example.com,0932864572,Fibra 200MB,43.97,9,411.75,month-to-month,bank_transfer,2,3.57,0
858,Cliente 858,cliente858@example.com,0995199962,Fibra 500MB,46.82,34,1531.0,month-to-month,bank_transfer,4,2.73,0
859,Cliente 859,cliente859@example.com,0955513453,Plan Prepago Movil,44.72,67,2898.62,two-year,bank_transfer,0,5.0,0
860,Cliente 860,cliente860@example.com,0979461109,Internet Hogar 100MB,24.74,9,215.63,one-year,bank_transfer,0,,0
861,Cliente 861,cliente861@example.com,0936611775,Internet Hogar 100MB,32.93,67,2106.48,one-year,credit_card,5,4.06,0
862,Cliente 862,cliente862@example.com,0934710211,Fibra 500MB,33.83,30,1016.11,month-to-month,bank_transfer,0,3.48,0
863,Cliente 863,cliente863@example.com,0948624439,Plan Prepago Movil,19.71,43,764.55,month-to-month,credit_card,2,4.22,0
864,Cliente 864,cliente864@example.com,0999477719,Plan Prepago Movil,35.92,32,1185.1,month-to-month,cash,2,2.93,0
865,Cliente 865,cliente865@example.com,0997542092,Fibra 500MB,25.54,23,537.7,one-year,credit_card,3,4.76,0
866,Cliente 866,cliente866@example.com,0934622330,Combo TV+Internet,55.4,7,407.17,month-to-month,credit_card,1,5.0,0
867,Cliente 867,cliente867@example.com,0935439286,Plan Familiar,56.9,43,2432.54,month-to-month,credit_card,4,4.69,0
868,Cliente 868,cliente868@example.com,0962945246,Fibra 500MB,21.71,66,1303.81,month-to-month,bank_transfer,1,3.77,0
869,Cliente 869,cliente869@example.com,0998109818,Plan Prepago Movil,39.66,38,1483.52,one-year,credit_card,0,3.12,0
870,Cliente 870,cliente870@example.com,0979183520,Fibra 200MB,78.41,43,3202.02,one-year,cash,4,5.0,0
871,Cliente 871,cliente871@example.com,0960419419,Plan Prepago Movil,27.35,46,1312.14,month-to-month,credit_card,0,2.51,0
872,Cliente 872,cliente872@example.com,0961357980,Fibra 200MB,52.68,28,1494.69,month-to-month,cash,0,4.57,0
873,Cliente 873,cliente873@example.com,0940322244,Internet Hogar 100MB,46.9,8,366.21,month-to-month,bank_transfer,1,3.97,1
874,Cliente 874,cliente874@example.com,0994053166,Fibra 500MB,64.67,37,2307.77,month-to-month,credit_card,0,3.53,0
875,Cliente 875,cliente875@example.com,0932449017,Fibra 500MB,50.32,63,3326.7,month-to-month,credit_card,1,3.8,0
876,Cliente 876,cliente876@example.com,0996328644,Plan Familiar,37.24,22,819.37,month-to-month,credit_card,1,3.04,1
877,Cliente 877,cliente877@example.com,0918091104,Plan Prepago Movil,46.2,63,2843.92,one-year,cash,1,4.07,0
878,Cliente 878,cliente878@example.com,0902773015,Plan Familiar,46.46,62,2764.41,one-year,cash,1,3.95,0
879,Cliente 879,cliente879@example.com,0948436881,Plan Ilimitado,43.35,17,699.14,two-year,credit_card,0,,0
880,Cliente 880,cliente880@example.com,0949871381,Fibra 1GB,21.26,41,876.73,two-year,credit_card,2,4.78,0
881,Cliente 881,cliente881@example.com,0975760139,Plan Familiar,67.38,54,3595.52,month-to-month,credit_card,2,4.17,0
882,Cliente 882,cliente882@example.com,0997297274,Plan Prepago Movil,64.2,36,2374.13,month-to-month,credit_card,0,4.23,1
883,Cliente 883,cliente883@example.com,0942629121,Plan Familiar,26.2,51,1313.53,month-to-month,bank_transfer,2,5.0,0
884,Cliente 884,cliente884@example.com,0926912185,Fibra 200MB,39.59,66,2579.89,one-year,credit_card,2,2.53,0
885,Cliente 885,cliente885@example.com,0937070502,Internet Hogar 100MB,40.95,45,1790.42,month-to-month,credit_card,0,,0
886,Cliente 886,cliente886@example.com,0965468291,Fibra 500MB,24.18,61,1496.21,month-to-month,cash,0,1.5,0
887,Cliente 887,cliente887@example.com,0999404252,Fibra 1GB,15.0,58,837.16,month-to-month,bank_transfer,0,4.21,0
888,Cliente 888,cliente888@example.com,0908858998,Fibra 200MB,32.93,59,1996.86,month-to-month,bank_transfer,3,4.53,0
889,Cliente 889,cliente889@example.com,0907910388,Plan Prepago Movil,38.58,62,2270.11,one-year,credit_card,2,2.5,0
890,Cliente 890,cliente890@example.com,0959188926,Fibra 500MB,19.06,16,306.15,one-year,cash,1,5.0,0
891,Cliente 891,cliente891@example.com,0924957401,Fibra 500MB,48.19,1,49.83,month-to-month,bank_transfer,0,2.81,0
892,Cliente 892,cliente892@example.com,0963308053,Plan Ilimitado,65.93,11,736.37,two-year,bank_transfer,0,3.22,0
893,Cliente 893,cliente893@example.com,0996061527,Fibra 200MB,60.16,18,1030.24,month-to-month,credit_card,1,3.73,0
894,Cliente 894,cliente894@example.com,0944842580,Fibra 200MB,42.72,50,2148.71,month-to-month,cash,0,5.0,0
895,Cliente 895,cliente895@example.com,0925270258,Plan Prepago Movil,15.0,37,516.73,month-to-month,bank_transfer,1,2.66,1
896,Cliente 896,cliente896@example.com,0932952807,Fibra 200MB,57.88,34,1788.3,one-year,cash,3,3.92,0
897,Cliente 897,cliente897@example.com,0995965116,Plan Ilimitado,47.64,0,0.0,one-year,bank_transfer,2,4.45,0
898,Cliente 898,cliente898@example.com,0966200129,Fibra 200MB,52.64,49,2634.05,month-to-month,bank_transfer,2,4.23,0
899,Cliente 899,cliente899@example.com,0971384233,Fibra 200MB,79.85,26,1875.63,two-year,bank_transfer,0,4.27,0
900,Cliente 900,cliente900@example.com,0955562483,Combo TV+Internet,30.15,55,1728.18,month-to-month,cash,2,4.44,0
901,Cliente 901,cliente901@example.com,0994373335,Plan Familiar,15.0,8,116.03,month-to-month,credit_card,0,2.99,1
902,Cliente 902,cliente902@example.com,0903735292,Fibra 200MB,26.04,21,566.41,one-year,credit_card,0,5.0,0
903,Cliente 903,cliente903@example.com,0977499051,Combo TV+Internet,53.75,3,164.19,two-year,bank_transfer,2,3.48,0
904,Cliente 904,cliente904@example.com,0999438376,Fibra 1GB,45.48,20,941.53,one-year,bank_transfer,2,3.33,0
905,Cliente 905,cliente905@example.com,0923944955,Plan Ilimitado,23.12,67,1587.78,two-year,bank_transfer,1,5.0,0
906,Cliente 906,cliente906@example.com,0936028298,Plan Familiar,19.45,35,712.13,month-to-month,bank_transfer,1,2.91,0
907,Cliente 907,cliente907@example.com,0939784158,Plan Prepago Movil,38.62,32,1228.88,one-year,bank_transfer,1,3.95,0
908,Cliente 908,cliente908@example.com,0900855664,Internet Hogar 100MB,22.57,19,400.57,two-year,bank_transfer,3,2.8,0
909,Cliente 909,cliente909@example.com,0964273831,Plan Ilimitado,54.37,19,990.09,month-to-month,credit_card,1,5.0,0
910,Cliente 910,cliente910@example.com,0981964221,Plan Familiar,37.59,48,1827.38,month-to-month,cash,3,5.0,1
911,Cliente 911,cliente911@example.com,0982016439,Combo TV+Internet,33.71,71,2210.42,two-year,credit_card,0,3.48,0
912,Cliente 912,cliente912@example.com,0938151066,Plan Ilimitado,31.35,54,1759.73,month-to-month,bank_transfer,1,4.17,0
913,Cliente 913,cliente913@example.com,0954271496,Plan Familiar,49.74,53,2453.77,month-to-month,cash,0,3.61,0
914,Cliente 914,cliente914@example.com,0982085783,Plan Familiar,45.77,34,1605.04,two-year,credit_card,1,3.22,0
915,Cliente 915,cliente915@example.com,0919315007,Internet Hogar 100MB,48.64,7,331.14,two-year,credit_card,0,3.73,0
916,Cliente 916,cliente916@example.com,0906419161,Plan Familiar,48.24,52,2573.93,two-year,credit_card,0,3.56,1
917,Cliente 917,cliente917@example.com,0951840055,Fibra 200MB,43.7,59,2691.09,two-year,bank_transfer,1,1.93,0
918,Cliente 918,cliente918@example.com,0936777920,Internet Hogar 100MB,26.4,37,940.97,month-to-month,credit_card,0,3.89,0
919,Cliente 919,cliente919@example.com,0910219325,Fibra 200MB,31.85,6,191.96,two-year,credit_card,2,3.55,0
920,Cliente 920,cliente920@example.com,0940968982,Internet Hogar 100MB,37.9,52,1840.74,month-to-month,cash,1,3.94,0
921,Cliente 921,cliente921@example.com,0970376770,Internet Hogar 100MB,82.17,67,5616.15,one-year,credit_card,3,3.51,0
922,Cliente 922,cliente922@example.com,0956124687,Fibra 200MB,20.72,16,339.14,month-to-month,bank_transfer,1,3.2,0
923,Cliente 923,cliente923@example.com,0992328655,Internet Hogar 100MB,37.46,11,389.1,two-year,bank_transfer,2,4.56,0
924,Cliente 924,cliente924@example.com,0938657737,Combo TV+Internet,46.77,53,2239.91,one-year,credit_card,2,4.19,0
925,Cliente 925,cliente925@example.com,0976110215,Fibra 1GB,39.54,24,915.44,two-year,credit_card,2,5.0,0
926,Cliente 926,cliente926@example.com,0990200069,Plan Ilimitado,64.33,52,3095.95,month-to-month,cash,3,4.14,0
927,Cliente 927,cliente927@example.com,0976185937,Combo TV+Internet,39.45,51,2057.79,month-to-month,bank_transfer,3,3.38,0
928,Cliente 928,cliente928@example.com,0945141778,Combo TV+Internet,40.78,19,727.68,month-to-month,credit_card,2,4.28,0
929,Cliente 929,cliente929@example.com,0948849724,Fibra 1GB,59.66,3,186.42,month-to-month,bank_transfer,1,1.42,1
930,Cliente 930,cliente930@example.com,0913323042,Fibra 1GB,77.59,40,3245.66,one-year,bank_transfer,2,5.0,0
931,Cliente 931,cliente931@example.com,0927815960,Fibra 200MB,70.33,29,2113.66,month-to-month,credit_card,1,3.9,0
932,Cliente 932,cliente932@example.com,0970645281,Plan Familiar,42.54,62,2610.95,one-year,bank_transfer,2,5.0,0
933,Cliente 933,cliente933@example.com,0990355225,Fibra 1GB,44.11,26,1078.18,month-to-month,bank_transfer,2,2.64,0
934,Cliente 934,cliente934@example.com,0901300081,Fibra 1GB,45.84,18,842.52,month-to-month,credit_card,0,2.37,0
935,Cliente 935,cliente935@example.com,0917446648,Plan Ilimitado,47.65,62,2969.78,one-year,cash,2,4.0,0
936,Cliente 936,cliente936@example.com,0922588707,Plan Familiar,29.75,53,1650.19,month-to-month,credit_card,2,4.0,0
937,Cliente 937,cliente937@example.com,0918115534,Fibra 200MB,61.86,45,2662.85,month-to-month,credit_card,1,3.97,0
938,Cliente 938,cliente938@example.com,0976725129,Plan Familiar,48.72,69,3055.15,month-to-month,credit_card,1,3.8,0
939,Cliente 939,cliente939@example.com,0904420175,Plan Ilimitado,44.19,57,2644.16,month-to-month,bank_transfer,1,2.91,0
940,Cliente 940,cliente940@example.com,0951513940,Combo TV+Internet,22.12,63,1429.43,one-year,bank_transfer,0,1.97,0
941,Cliente 941,cliente941@example.com,0951066271,Plan Ilimitado,46.12,58,2496.34,month-to-month,cash,2,3.91,0
942,Cliente 942,cliente942@example.com,0955165477,Fibra 500MB,15.0,29,438.85,month-to-month,credit_card,1,2.19,0
943,Cliente 943,cliente943@example.com,0948062568,Fibra 1GB,34.53,4,124.32,one-year,bank_transfer,1,2.09,0
944,Cliente 944,cliente944@example.com,0950951102,Fibra 500MB,34.86,44,1508.79,month-to-month,bank_transfer,1,3.18,0
945,Cliente 945,cliente945@example.com,0929803341,Plan Familiar,50.17,55,2633.59,one-year,credit_card,3,4.07,0
946,Cliente 946,cliente946@example.com,0925589388,Plan Ilimitado,78.84,72,5433.53,month-to-month,credit_card,0,5.0,0
947,Cliente 947,cliente947@example.com,0934697871,Internet Hogar 100MB,55.29,49,2537.66,two-year,cash,0,4.68,0
948,Cliente 948,cliente948@example.com,0928412451,Fibra 200MB,71.07,41,2742.61,month-to-month,credit_card,1,5.0,0
949,Cliente 949,cliente949@example.com,0923290725,Plan Ilimitado,56.61,42,2302.01,month-to-month,bank_transfer,1,4.32,0
950,Cliente 950,cliente950@example.com,0939930178,Fibra 500MB,65.25,8,489.23,two-year,bank_transfer,2,4.0,0
951,Cliente 951,cliente951@example.com,0900487092,Fibra 1GB,78.43,0,0.0,one-year,credit_card,4,5.0,0
952,Cliente 952,cliente952@example.com,0923736211,Plan Prepago Movil,31.83,3,94.21,one-year,cash,1,2.14,0
953,Cliente 953,cliente953@example.com,0940575411,Plan Familiar,30.65,66,2036.39,two-year,cash,2,3.15,0
954,Cliente 954,cliente954@example.com,0910526334,Plan Familiar,57.04,57,3256.39,month-to-month,bank_transfer,0,3.23,0
955,Cliente 955,cliente955@example.com,0931091244,Fibra 1GB,44.93,18,757.22,two-year,bank_transfer,1,4.58,0
956,Cliente 956,cliente956@example.com,0977639033,Fibra 200MB,48.97,30,1330.83,one-year,bank_transfer,2,2.52,1
957,Cliente 957,cliente957@example.com,0935081358,Plan Familiar,40.52,35,1453.52,month-to-month,bank_transfer,0,4.44,0
958,Cliente 958,cliente958@example.com,0955275048,Fibra 200MB,34.27,18,635.89,month-to-month,credit_card,1,4.24,0
959,Cliente 959,cliente959@example.com,0982737539,Fibra 500MB,74.17,30,2329.31,month-to-month,credit_card,3,4.49,0
960,Cliente 960,cliente960@example.com,0923921948,Fibra 1GB,25.2,25,657.69,two-year,credit_card,1,,0
961,Cliente 961,cliente961@example.com,0906142439,Fibra 200MB,57.36,50,2853.87,month-to-month,bank_transfer,1,5.0,0
962,Cliente 962,cliente962@example.com,0960474659,Fibra 1GB,54.44,55,3096.42,month-to-month,bank_transfer,2,3.55,1
963,Cliente 963,cliente963@example.com,0965927739,Plan Prepago Movil,16.58,7,112.25,one-year,credit_card,1,4.18,0
964,Cliente 964,cliente964@example.com,0929023347,Combo TV+Internet,30.05,33,1009.6,one-year,cash,0,2.79,0
965,Cliente 965,cliente965@example.com,0945103110,Combo TV+Internet,33.07,72,2484.14,month-to-month,credit_card,2,2.54,1
966,Cliente 966,cliente966@example.com,0921132966,Fibra 500MB,55.16,63,3542.64,two-year,credit_card,1,5.0,0
967,Cliente 967,cliente967@example.com,0960469427,Fibra 200MB,38.39,57,2105.88,month-to-month,credit_card,2,2.71,1
968,Cliente 968,cliente968@example.com,0918303940,Internet Hogar 100MB,43.46,53,2203.56,two-year,bank_transfer,3,4.31,0
969,Cliente 969,cliente969@example.com,0937097771,Plan Prepago Movil,18.76,0,0.0,month-to-month,credit_card,1,4.18,0
970,Cliente 970,cliente970@example.com,0982101180,Internet Hogar 100MB,86.87,71,5890.59,month-to-month,bank_transfer,0,4.89,0
971,Cliente 971,cliente971@example.com,0960955084,Fibra 500MB,46.28,53,2509.47,one-year,bank_transfer,2,1.78,0
972,Cliente 972,cliente972@example.com,0917902607,Plan Prepago Movil,53.98,64,3472.77,month-to-month,credit_card,4,4.58,0
973,Cliente 973,cliente973@example.com,0965340765,Combo TV+Internet,35.27,66,2182.29,month-to-month,cash,1,,1
974,Cliente 974,cliente974@example.com,0975489853,Plan Ilimitado,33.25,18,602.53,month-to-month,credit_card,1,2.94,0
975,Cliente 975,cliente975@example.com,0914881566,Plan Familiar,79.43,1,76.01,one-year,bank_transfer,1,,0
976,Cliente 976,cliente976@example.com,0980407548,Plan Prepago Movil,15.0,48,708.24,two-year,credit_card,2,4.74,0
977,Cliente 977,cliente977@example.com,0983890717,Combo TV+Internet,50.02,33,1577.3,two-year,bank_transfer,0,4.4,0
978,Cliente 978,cliente978@example.com,0968526301,Internet Hogar 100MB,23.19,1,22.69,two-year,cash,0,3.46,0
979,Cliente 979,cliente979@example.com,0983100718,Fibra 500MB,37.71,19,723.28,two-year,credit_card,1,2.35,0
980,Cliente 980,cliente980@example.com,0952943667,Plan Prepago Movil,33.51,72,2436.05,month-to-month,credit_card,1,2.42,0
981,Cliente 981,cliente981@example.com,0969421278,Fibra 500MB,27.25,26,717.69,month-to-month,credit_card,2,4.43,0
982,Cliente 982,cliente982@example.com,0920770134,Plan Familiar,45.64,19,831.31,two-year,credit_card,3,2.19,0
983,Cliente 983,cliente983@example.com,0915479148,Fibra 1GB,15.0,47,707.52,two-year,cash,0,3.47,0
984,Cliente 984,cliente984@example.com,0908376918,Plan Familiar,39.32,48,1766.2,two-year,bank_transfer,2,5.0,1
985,Cliente 985,cliente985@example.com,0957754859,Plan Prepago Movil,43.37,24,1011.33,one-year,bank_transfer,0,4.11,0
986,Cliente 986,cliente986@example.com,0966527267,Plan Familiar,20.53,61,1236.63,month-to-month,cash,0,4.42,0
987,Cliente 987,cliente987@example.com,0949123952,Combo TV+Internet,72.24,42,3043.1,two-year,cash,1,2.43,0
988,Cliente 988,cliente988@example.com,0994291905,Plan Ilimitado,34.3,11,391.18,two-year,cash,2,2.25,0
989,Cliente 989,cliente989@example.com,0959989858,Internet Hogar 100MB,40.73,23,885.94,one-year,credit_card,0,4.48,0
990,Cliente 990,cliente990@example.com,0973801150,Fibra 1GB,34.34,61,2150.86,two-year,credit_card,0,3.29,0
991,Cliente 991,cliente991@example.com,0922202275,Plan Familiar,43.53,6,247.25,one-year,credit_card,1,4.89,0
992,Cliente 992,cliente992@example.com,0931536290,Plan Familiar,68.55,0,0.0,two-year,credit_card,3,3.76,0
993,Cliente 993,cliente993@example.com,0986684756,Combo TV+Internet,89.51,47,4308.84,month-to-month,credit_card,2,5.0,0
994,Cliente 994,cliente994@example.com,0959371072,Fibra 1GB,58.42,32,1885.28,two-year,credit_card,1,,0
995,Cliente 995,cliente995@example.com,0906664801,Plan Prepago Movil,64.58,18,1196.65,month-to-month,credit_card,2,,0
996,Cliente 996,cliente996@example.com,0939759915,Plan Familiar,75.9,34,2637.97,month-to-month,credit_card,0,2.73,0
997,Cliente 997,cliente997@example.com,0991139262,Fibra 500MB,49.48,13,605.58,month-to-month,credit_card,2,4.85,0
998,Cliente 998,cliente998@example.com,0978035163,Internet Hogar 100MB,73.26,27,2074.83,month-to-month,credit_card,0,4.19,0
999,Cliente 999,cliente999@example.com,0906021048,Internet Hogar 100MB,59.26,17,1048.27,month-to-month,credit_card,0,2.65,0
1000,Cliente 1000,cliente1000@example.com,0932893076,Internet Hogar 100MB,47.59,42,1927.88,two-year,bank_transfer,2,3.36,0
1001,Cliente 1001,cliente1001@example.com,0996911673,Plan Familiar,51.31,49,2280.58,one-year,bank_transfer,1,5.0,1
1002,Cliente 1002,cliente1002@example.com,0943089951,Fibra 200MB,15.0,66,936.07,two-year,bank_transfer,1,5.0,0
1003,Cliente 1003,cliente1003@example.com,0946119051,Plan Ilimitado,50.26,4,206.15,month-to-month,credit_card,2,2.15,1
1004,Cliente 1004,cliente1004@example.com,0906178519,Plan Prepago Movil,17.21,23,412.7,month-to-month,credit_card,1,3.2,0
1005,Cliente 1005,cliente1005@example.com,0937116255,Plan Familiar,15.75,19,306.66,one-year,credit_card,0,5.0,0
1006,Cliente 1006,cliente1006@example.com,0913109084,Fibra 200MB,48.47,42,1953.32,one-year,credit_card,2,3.53,0
1007,Cliente 1007,cliente1007@example.com,0925960779,Plan Familiar,24.95,38,861.33,month-to-month,credit_card,1,3.91,0
1008,Cliente 1008,cliente1008@example.com,0928336522,Internet Hogar 100MB,44.87,64,2807.46,two-year,cash,2,4.84,0
1009,Cliente 1009,cliente1009@example.com,0969253277,Plan Ilimitado,47.49,67,3043.28,two-year,credit_card,2,2.24,0
1010,Cliente 1010,cliente1010@example.com,0944499083,Internet Hogar 100MB,48.29,56,2483.7,one-year,credit_card,1,2.68,0
1011,Cliente 1011,cliente1011@example.com,0969446326,Internet Hogar 100MB,28.73,14,368.38,two-year,bank_transfer,0,3.35,0
1012,Cliente 1012,cliente1012@example.com,0926201213,Combo TV+Internet,61.18,2,112.93,one-year,bank_transfer,2,5.0,0
1013,Cliente 1013,cliente1013@example.com,0942530307,Fibra 500MB,43.39,65,2625.39,one-year,credit_card,0,4.83,0
1014,Cliente 1014,cliente1014@example.com,0945148294,Fibra 1GB,52.94,68,3646.96,month-to-month,credit_card,0,4.5,0
1015,Cliente 1015,cliente1015@example.com,0911494138,Internet Hogar 100MB,23.46,18,404.23,month-to-month,cash,0,3.56,0
1016,Cliente 1016,cliente1016@example.com,0996884808,Plan Prepago Movil,41.79,3,121.05,month-to-month,credit_card,1,4.95,0
1017,Cliente 1017,cliente1017@example.com,0955921670,Fibra 200MB,64.75,49,3140.25,one-year,bank_transfer,3,3.54,0
1018,Cliente 1018,cliente1018@example.com,0943881572,Internet Hogar 100MB,62.46,42,2738.8,one-year,bank_transfer,4,4.35,0
1019,Cliente 1019,cliente1019@example.com,0998105867,Plan Familiar,30.65,64,1988.02,month-to-month,credit_card,0,4.71,0
1020,Cliente 1020,cliente1020@example.com,0971009980,Plan Familiar,35.18,42,1472.92,one-year,bank_transfer,3,5.0,0
1021,Cliente 1021,cliente1021@example.com,0989740326,Fibra 200MB,27.2,55,1513.32,month-to-month,credit_card,0,3.65,0
1022,Cliente 1022,cliente1022@example.com,0984037603,Fibra 500MB,33.18,57,1906.19,month-to-month,credit_card,2,3.31,0
1023,Cliente 1023,cliente1023@example.com,0930381566,Fibra 1GB,19.82,0,0.0,two-year,credit_card,2,,0
1024,Cliente 1024,cliente1024@example.com,0935768219,Fibra 1GB,42.51,10,414.24,month-to-month,cash,0,,0
1025,Cliente 1025,cliente1025@example.com,0974598857,Plan Familiar,56.4,56,3111.11,month-to-month,credit_card,2,3.11,0
1026,Cliente 1026,cliente1026@example.com,0954608356,Fibra 200MB,30.87,13,388.96,month-to-month,credit_card,0,2.49,0
1027,Cliente 1027,cliente1027@example.com,0933108561,Internet Hogar 100MB,43.37,15,624.04,month-to-month,cash,0,5.0,0
1028,Cliente 1028,cliente1028@example.com,0983457191,Fibra 1GB,41.03,54,2084.05,one-year,credit_card,1,1.9,0
1029,Cliente 1029,cliente1029@example.com,0962959922,Fibra 1GB,63.99,14,854.01,two-year,cash,0,1.85,0
1030,Cliente 1030,cliente1030@example.com,0917019641,Plan Prepago Movil,33.99,10,327.76,one-year,bank_transfer,1,3.41,0
1031,Cliente 1031,cliente1031@example.com,0988073620,Plan Prepago Movil,34.65,0,0.0,one-year,bank_transfer,4,3.71,0
1032,Cliente 1032,cliente1032@example.com,0978614577,Combo TV+Internet,29.77,34,986.86,month-to-month,bank_transfer,1,2.43,0
1033,Cliente 1033,cliente1033@example.com,0986982707,Plan Ilimitado,24.52,46,1033.39,one-year,bank_transfer,0,3.84,0
1034,Cliente 1034,cliente1034@example.com,0922536565,Plan Prepago Movil,54.53,53,2748.46,month-to-month,credit_card,1,3.89,0
1035,Cliente 1035,cliente1035@example.com,0926956701,Combo TV+Internet,42.57,66,2687.2,month-to-month,cash,0,3.07,0
1036,Cliente 1036,cliente1036@example.com,0953697231,Internet Hogar 100MB,45.99,47,2174.58,two-year,cash,1,5.0,0
1037,Cliente 1037,cliente1037@example.com,0907617487,Combo TV+Internet,67.94,55,3549.62,month-to-month,cash,0,4.07,0
1038,Cliente 1038,cliente1038@example.com,0924295855,Internet Hogar 100MB,68.98,15,932.46,month-to-month,bank_transfer,0,,0
1039,Cliente 1039,cliente1039@example.com,0919628206,Combo TV+Internet,15.37,24,336.66,month-to-month,bank_transfer,0,2.0,1
1040,Cliente 1040,cliente1040@example.com,0975722322,Plan Familiar,56.66,22,1214.8,two-year,bank_transfer,1,1.99,0
1041,Cliente 1041,cliente1041@example.com,0902534908,Plan Familiar,49.06,4,182.16,month-to-month,credit_card,0,4.11,0
1042,Cliente 1042,cliente1042@example.com,0905148054,Fibra 500MB,36.69,70,2502.02,month-to-month,bank_transfer,3,,0
1043,Cliente 1043,cliente1043@example.com,0946372349,Fibra 1GB,50.9,17,853.3,two-year,bank_transfer,3,2.49,1
1044,Cliente 1044,cliente1044@example.com,0958105922,Combo TV+Internet,15.0,32,499.21,month-to-month,bank_transfer,0,3.76,0
1045,Cliente 1045,cliente1045@example.com,0919063474,Fibra 200MB,71.33,26,1851.5,two-year,credit_card,0,2.24,0
1046,Cliente 1046,cliente1046@example.com,0905089844,Plan Familiar,54.27,3,147.29,month-to-month,bank_transfer,1,2.81,1
1047,Cliente 1047,cliente1047@example.com,0958748472,Plan Familiar,29.43,65,1830.9,one-year,bank_transfer,1,3.81,0
1048,Cliente 1048,cliente1048@example.com,0948262436,Fibra 1GB,34.46,16,561.85,two-year,credit_card,1,3.06,0
1049,Cliente 1049,cliente1049@example.com,0978319363,Plan Prepago Movil,15.0,7,98.6,month-to-month,cash,1,2.16,1
1050,Cliente 1050,cliente1050@example.com,0980034742,Fibra 1GB,39.35,24,980.99,one-year,bank_transfer,2,2.14,0
1051,Cliente 1051,cliente1051@example.com,0908593224,Plan Familiar,36.31,10,355.6,month-to-month,credit_card,4,1.53,1
1052,Cliente 1052,cliente1052@example.com,0911765445,Fibra 500MB,21.15,72,1391.64,one-year,credit_card,4,4.12,0
1053,Cliente 1053,cliente1053@example.com,0927077528,Combo TV+Internet,58.98,13,717.86,two-year,bank_transfer,0,4.26,0
1054,Cliente 1054,cliente1054@example.com,0989060007,Fibra 500MB,67.98,22,1549.32,one-year,credit_card,3,4.25,0
1055,Cliente 1055,cliente1055@example.com,0978651793,Combo TV+Internet,44.51,19,886.89,two-year,cash,1,2.6,0
1056,Cliente 1056,cliente1056@example.com,0965572891,Plan Familiar,39.5,1,40.66,one-year,credit_card,1,4.71,0
1057,Cliente 1057,cliente1057@example.com,0950336337,Internet Hogar 100MB,52.83,0,0.0,one-year,credit_card,2,4.38,0
1058,Cliente 1058,cliente1058@example.com,0970371546,Fibra 200MB,44.65,37,1677.36,month-to-month,credit_card,2,3.61,0
1059,Cliente 1059,cliente1059@example.com,0965473443,Plan Prepago Movil,25.52,16,381.1,one-year,bank_transfer,3,3.43,0
1060,Cliente 1060,cliente1060@example.com,0966847399,Combo TV+Internet,33.25,6,191.06,two-year,cash,0,2.89,0
1061,Cliente 1061,cliente1061@example.com,0957519742,Internet Hogar 100MB,39.66,21,836.67,one-year,cash,1,3.81,0
1062,Cliente 1062,cliente1062@example.com,0964825173,Combo TV+Internet,49.47,20,1034.25,month-to-month,bank_transfer,2,5.0,0
1063,Cliente 1063,cliente1063@example.com,0915539032,Fibra 1GB,45.17,30,1308.86,month-to-month,cash,2,4.85,0
1064,Cliente 1064,cliente1064@example.com,0992252225,Combo TV+Internet,48.79,72,3422.86,one-year,credit_card,0,3.32,0
1065,Cliente 1065,cliente1065@example.com,0974828706,Fibra 1GB,17.55,22,360.24,two-year,bank_transfer,1,4.19,0
1066,Cliente 1066,cliente1066@example.com,0996248345,Plan Familiar,56.97,51,2790.66,month-to-month,cash,0,2.39,0
1067,Cliente 1067,cliente1067@example.com,0989744604,Plan Familiar,45.06,56,2294.88,month-to-month,credit_card,1,4.4,0
1068,Cliente 1068,cliente1068@example.com,0939826484,Plan Prepago Movil,90.95,3,280.7,month-to-month,cash,2,2.69,1
1069,Cliente 1069,cliente1069@example.com,0967872737,Combo TV+Internet,38.02,36,1236.64,month-to-month,credit_card,1,4.36,0
1070,Cliente 1070,cliente1070@example.com,0994814873,Plan Ilimitado,50.82,32,1630.35,two-year,credit_card,3,5.0,0
1071,Cliente 1071,cliente1071@example.com,0951815464,Combo TV+Internet,95.93,37,3339.94,month-to-month,bank_transfer,1,2.97,1
1072,Cliente 1072,cliente1072@example.com,0906860122,Fibra 1GB,48.49,12,565.25,month-to-month,cash,0,5.0,0
1073,Cliente 1073,cliente1073@example.com,0918779810,Combo TV+Internet,43.78,33,1361.28,month-to-month,credit_card,0,4.14,0
1074,Cliente 1074,cliente1074@example.com,0979786416,Plan Prepago Movil,27.24,8,209.21,month-to-month,cash,0,2.78,0
1075,Cliente 1075,cliente1075@example.com,0922864774,Fibra 200MB,72.51,69,4913.22,two-year,credit_card,1,2.72,0
1076,Cliente 1076,cliente1076@example.com,0990441717,Combo TV+Internet,24.14,42,1009.96,month-to-month,bank_transfer,2,5.0,0
1077,Cliente 1077,cliente1077@example.com,0974297171,Internet Hogar 100MB,52.69,2,109.71,month-to-month,bank_transfer,0,4.14,0
1078,Cliente 1078,cliente1078@example.com,0962687777,Fibra 200MB,36.48,36,1247.39,month-to-month,credit_card,1,2.98,0
1079,Cliente 1079,cliente1079@example.com,0998742366,Internet Hogar 100MB,41.59,67,2752.34,two-year,bank_transfer,0,3.38,0
1080,Cliente 1080,cliente1080@example.com,0944750133,Plan Prepago Movil,19.37,54,1082.86,two-year,bank_transfer,3,4.07,0
1081,Cliente 1081,cliente1081@example.com,0974400980,Plan Prepago Movil,69.18,19,1240.2,month-to-month,bank_transfer,1,3.59,0
1082,Cliente 1082,cliente1082@example.com,0949704825,Internet Hogar 100MB,40.0,65,2677.37,one-year,credit_card,1,3.98,0
1083,Cliente 1083,cliente1083@example.com,0931825367,Fibra 500MB,23.13,13,313.81,month-to-month,credit_card,1,5.0,0
1084,Cliente 1084,cliente1084@example.com,0951226616,Plan Familiar,67.55,18,1248.88,one-year,cash,1,,0
1085,Cliente 1085,cliente1085@example.com,0944807522,Internet Hogar 100MB,35.93,11,389.49,month-to-month,bank_transfer,0,4.31,0
1086,Cliente 1086,cliente1086@example.com,0916623975,Plan Familiar,51.02,67,3446.77,two-year,cash,3,3.52,0
1087,Cliente 1087,cliente1087@example.com,0915381997,Plan Prepago Movil,60.15,52,3040.72,two-year,bank_transfer,0,3.05,0
1088,Cliente 1088,cliente1088@example.com,0955988147,Internet Hogar 100MB,53.53,37,1959.99,month-to-month,cash,1,4.78,0
1089,Cliente 1089,cliente1089@example.com,0916359837,Fibra 500MB,15.0,48,753.24,month-to-month,credit_card,1,1.99,0
1090,Cliente 1090,cliente1090@example.com,0907192662,Fibra 200MB,57.52,18,970.82,month-to-month,bank_transfer,2,1.0,1
1091,Cliente 1091,cliente1091@example.com,0981954206,Combo TV+Internet,43.19,5,220.03,month-to-month,bank_transfer,1,3.85,1
1092,Cliente 1092,cliente1092@example.com,0978925957,Fibra 500MB,39.08,61,2326.51,month-to-month,credit_card,0,3.45,0
1093,Cliente 1093,cliente1093@example.com,0979319416,Fibra 500MB,43.04,70,2791.45,month-to-month,credit_card,1,2.11,0
1094,Cliente 1094,cliente1094@example.com,0987390812,Plan Prepago Movil,16.02,2,31.93,two-year,bank_transfer,2,1.72,0
1095,Cliente 1095,cliente1095@example.com,0934071109,Fibra 200MB,48.46,3,148.12,month-to-month,cash,3,5.0,0
1096,Cliente 1096,cliente1096@example.com,0907684941,Combo TV+Internet,20.44,40,805.59,two-year,bank_transfer,1,4.11,0
1097,Cliente 1097,cliente1097@example.com,0994063817,Fibra 200MB,39.85,3,122.61,month-to-month,credit_card,0,3.62,0
1098,Cliente 1098,cliente1098@example.com,0981569244,Fibra 1GB,47.81,52,2373.95,month-to-month,cash,0,5.0,0
1099,Cliente 1099,cliente1099@example.com,0939618184,Combo TV+Internet,64.33,69,4603.29,month-to-month,credit_card,2,4.72,0
1100,Cliente 1100,cliente1100@example.com,0968814064,Plan Prepago Movil,30.25,20,603.34,two-year,credit_card,1,5.0,0
1101,Cliente 1101,cliente1101@example.com,0996412818,Combo TV+Internet,71.13,21,1524.31,month-to-month,cash,3,,0
1102,Cliente 1102,cliente1102@example.com,0965402542,Plan Familiar,62.04,63,3677.71,month-to-month,bank_transfer,1,2.26,0
1103,Cliente 1103,cliente1103@example.com,0984371030,Fibra 1GB,37.27,26,936.96,one-year,cash,1,4.28,0
1104,Cliente 1104,cliente1104@example.com,0931602254,Plan Prepago Movil,25.04,17,441.19,one-year,cash,2,4.06,0
1105,Cliente 1105,cliente1105@example.com,0977309359,Fibra 200MB,19.01,6,103.52,one-year,bank_transfer,0,4.97,0
1106,Cliente 1106,cliente1106@example.com,0965381430,Plan Ilimitado,49.89,61,2923.38,month-to-month,credit_card,2,1.81,0
1107,Cliente 1107,cliente1107@example.com,0921077804,Plan Ilimitado,31.73,67,2162.15,month-to-month,credit_card,1,4.37,0
1108,Cliente 1108,cliente1108@example.com,0964041070,Internet Hogar 100MB,66.59,5,336.8,two-year,cash,2,,0
1109,Cliente 1109,cliente1109@example.com,0929904366,Plan Familiar,32.77,58,1953.39,one-year,cash,1,4.63,0
1110,Cliente 1110,cliente1110@example.com,0904292068,Fibra 1GB,28.79,11,320.14,one-year,credit_card,1,3.15,0
1111,Cliente 1111,cliente1111@example.com,0981721588,Fibra 200MB,49.21,10,512.8,month-to-month,credit_card,1,4.17,0
1112,Cliente 1112,cliente1112@example.com,0964521410,Fibra 1GB,32.65,27,859.28,month-to-month,credit_card,1,2.75,0
1113,Cliente 1113,cliente1113@example.com,0978794624,Combo TV+Internet,45.15,31,1390.75,two-year,credit_card,1,3.28,0
1114,Cliente 1114,cliente1114@example.com,0916458043,Fibra 200MB,62.75,62,3996.15,one-year,cash,2,2.45,1
1115,Cliente 1115,cliente1115@example.com,0976782338,Internet Hogar 100MB,47.11,51,2415.23,month-to-month,credit_card,2,2.77,0
1116,Cliente 1116,cliente1116@example.com,0947294940,Plan Prepago Movil,47.18,10,431.84,two-year,credit_card,3,3.33,0
1117,Cliente 1117,cliente1117@example.com,0924173890,Combo TV+Internet,48.69,42,1953.06,one-year,cash,1,3.06,0
1118,Cliente 1118,cliente1118@example.com,0926881213,Fibra 200MB,15.0,63,928.83,month-to-month,bank_transfer,2,2.77,0
1119,Cliente 1119,cliente1119@example.com,0963735520,Fibra 500MB,52.05,48,2531.4,month-to-month,bank_transfer,0,2.17,0
1120,Cliente 1120,cliente1120@example.com,0927713880,Fibra 1GB,47.88,16,751.93,one-year,credit_card,0,5.0,0
1121,Cliente 1121,cliente1121@example.com,0977130681,Fibra 500MB,61.07,9,558.77,month-to-month,credit_card,2,3.05,1
1122,Cliente 1122,cliente1122@example.com,0935022067,Plan Ilimitado,55.9,33,1892.0,one-year,credit_card,3,3.96,0
1123,Cliente 1123,cliente1123@example.com,0901095500,Fibra 1GB,41.36,34,1321.54,one-year,credit_card,1,1.67,0
1124,Cliente 1124,cliente1124@example.com,0999510853,Fibra 500MB,63.58,25,1577.44,month-to-month,credit_card,1,5.0,0
1125,Cliente 1125,cliente1125@example.com,0905887076,Fibra 200MB,39.73,7,273.54,two-year,credit_card,0,3.78,0
1126,Cliente 1126,cliente1126@example.com,0981877180,Plan Prepago Movil,49.45,8,369.53,month-to-month,credit_card,2,3.11,1
1127,Cliente 1127,cliente1127@example.com,0921269919,Fibra 1GB,39.4,38,1457.5,month-to-month,credit_card,1,3.12,0
1128,Cliente 1128,cliente1128@example.com,0917183855,Plan Ilimitado,53.31,68,3560.86,one-year,cash,1,4.56,0
1129,Cliente 1129,cliente1129@example.com,0942561148,Fibra 500MB,38.22,43,1680.6,one-year,credit_card,0,1.0,0
1130,Cliente 1130,cliente1130@example.com,0934923851,Fibra 200MB,74.66,31,2243.06,month-to-month,credit_card,0,2.69,0
1131,Cliente 1131,cliente1131@example.com,0929894617,Fibra 1GB,81.31,67,4969.11,one-year,cash,2,3.47,0
1132,Cliente 1132,cliente1132@example.com,0950849840,Plan Prepago Movil,60.73,50,2954.8,two-year,credit_card,1,3.46,0
1133,Cliente 1133,cliente1133@example.com,0912239617,Fibra 1GB,72.74,52,3879.66,two-year,bank_transfer,3,5.0,0
1134,Cliente 1134,cliente1134@example.com,0900624831,Plan Prepago Movil,17.29,41,698.74,two-year,cash,1,3.23,0
1135,Cliente 1135,cliente1135@example.com,0992611780,Plan Familiar,19.42,55,1012.38,month-to-month,bank_transfer,1,4.69,0
1136,Cliente 1136,cliente1136@example.com,0993957019,Plan Familiar,39.21,36,1465.4,month-to-month,credit_card,2,5.0,0
1137,Cliente 1137,cliente1137@example.com,0918163471,Plan Familiar,45.74,45,1900.53,one-year,bank_transfer,2,4.34,0
1138,Cliente 1138,cliente1138@example.com,0935320601,Combo TV+Internet,41.43,45,1769.33,month-to-month,bank_transfer,2,2.86,0
1139,Cliente 1139,cliente1139@example.com,0927130511,Fibra 200MB,15.44,54,805.05,one-year,credit_card,1,,0
1140,Cliente 1140,cliente1140@example.com,0932045449,Fibra 200MB,65.73,65,4318.15,month-to-month,credit_card,0,4.42,0
1141,Cliente 1141,cliente1141@example.com,0923509563,Fibra 1GB,83.78,21,1804.0,month-to-month,credit_card,2,5.0,0
1142,Cliente 1142,cliente1142@example.com,0968526866,Internet Hogar 100MB,68.06,51,3154.44,month-to-month,cash,0,4.2,0
1143,Cliente 1143,cliente1143@example.com,0941742405,Fibra 200MB,64.54,2,131.51,month-to-month,credit_card,2,4.96,0
1144,Cliente 1144,cliente1144@example.com,0953753715,Combo TV+Internet,49.07,38,1879.73,month-to-month,credit_card,1,5.0,0
1145,Cliente 1145,cliente1145@example.com,0916080464,Plan Familiar,29.83,65,2005.26,one-year,bank_transfer,2,4.52,0
1146,Cliente 1146,cliente1146@example.com,0922817204,Fibra 500MB,46.31,47,2252.89,one-year,cash,2,2.39,0
1147,Cliente 1147,cliente1147@example.com,0907727760,Plan Familiar,82.9,19,1601.29,month-to-month,credit_card,0,3.66,0
1148,Cliente 1148,cliente1148@example.com,0911835491,Plan Familiar,38.66,44,1579.47,month-to-month,credit_card,1,5.0,0
1149,Cliente 1149,cliente1149@example.com,0971952474,Plan Ilimitado,36.81,26,906.41,two-year,credit_card,1,3.33,0
1150,Cliente 1150,cliente1150@example.com,0903934102,Fibra 1GB,64.93,31,2094.24,month-to-month,bank_transfer,0,5.0,0
1151,Cliente 1151,cliente1151@example.com,0985358938,Fibra 1GB,66.13,16,1047.21,month-to-month,bank_transfer,0,3.53,0
1152,Cliente 1152,cliente1152@example.com,0980827853,Plan Prepago Movil,29.74,45,1312.62,month-to-month,cash,0,3.97,1
1153,Cliente 1153,cliente1153@example.com,0984763520,Plan Familiar,40.29,14,585.13,one-year,credit_card,0,3.21,0
1154,Cliente 1154,cliente1154@example.com,0962516121,Plan Ilimitado,35.97,32,1186.87,two-year,credit_card,2,3.78,0
1155,Cliente 1155,cliente1155@example.com,0996648040,Fibra 500MB,46.25,68,3173.7,one-year,credit_card,1,3.83,0
1156,Cliente 1156,cliente1156@example.com,0969717235,Plan Ilimitado,64.87,55,3683.23,two-year,credit_card,0,1.83,1
1157,Cliente 1157,cliente1157@example.com,0941517089,Combo TV+Internet,30.53,30,839.95,two-year,bank_transfer,1,3.11,0
1158,Cliente 1158,cliente1158@example.com,0976455815,Fibra 1GB,64.61,70,4584.35,month-to-month,bank_transfer,1,2.24,0
1159,Cliente 1159,cliente1159@example.com,0952440413,Fibra 200MB,46.83,1,48.93,month-to-month,credit_card,2,3.15,0
1160,Cliente 1160,cliente1160@example.com,0927912143,Plan Prepago Movil,86.87,70,5517.48,month-to-month,bank_transfer,1,2.73,0
1161,Cliente 1161,cliente1161@example.com,0940899460,Plan Ilimitado,50.74,25,1184.09,month-to-month,credit_card,0,4.71,0
1162,Cliente 1162,cliente1162@example.com,0966770444,Fibra 200MB,43.26,59,2601.08,one-year,bank_transfer,0,4.73,0
1163,Cliente 1163,cliente1163@example.com,0957526516,Fibra 1GB,55.34,69,3734.48,month-to-month,credit_card,4,4.22,1
1164,Cliente 1164,cliente1164@example.com,0958385911,Plan Familiar,38.93,43,1528.34,month-to-month,bank_transfer,5,2.21,0
1165,Cliente 1165,cliente1165@example.com,0928560339,Plan Familiar,15.0,44,620.53,month-to-month,credit_card,3,3.49,0
1166,Cliente 1166,cliente1166@example.com,0918372061,Fibra 500MB,40.67,54,2083.32,one-year,cash,0,2.12,0
1167,Cliente 1167,cliente1167@example.com,0919293242,Fibra 200MB,40.39,17,651.03,one-year,cash,4,3.44,0
1168,Cliente 1168,cliente1168@example.com,0996702549,Fibra 200MB,16.34,12,202.29,two-year,cash,1,4.31,0
1169,Cliente 1169,cliente1169@example.com,0972474572,Internet Hogar 100MB,43.69,25,1091.49,month-to-month,cash,0,4.69,0
1170,Cliente 1170,cliente1170@example.com,0904258775,Internet Hogar 100MB,15.0,34,515.22,month-to-month,credit_card,1,4.12,0
1171,Cliente 1171,cliente1171@example.com,0989712905,Plan Familiar,38.74,54,1887.02,two-year,bank_transfer,2,4.98,0
1172,Cliente 1172,cliente1172@example.com,0963702214,Plan Ilimitado,49.38,18,856.95,one-year,credit_card,1,3.89,0
1173,Cliente 1173,cliente1173@example.com,0949470033,Fibra 1GB,46.75,41,1816.45,one-year,cash,1,3.34,0
1174,Cliente 1174,cliente1174@example.com,0994488742,Plan Prepago Movil,37.6,0,0.0,month-to-month,credit_card,2,4.56,0
1175,Cliente 1175,cliente1175@example.com,0900814550,Plan Familiar,43.46,2,90.66,month-to-month,credit_card,0,4.6,0
1176,Cliente 1176,cliente1176@example.com,0952384409,Fibra 1GB,30.89,70,2083.38,two-year,bank_transfer,0,3.02,0
1177,Cliente 1177,cliente1177@example.com,0957422085,Plan Ilimitado,45.19,62,2930.55,one-year,credit_card,1,4.02,0
1178,Cliente 1178,cliente1178@example.com,0937144977,Plan Familiar,46.05,63,2617.28,one-year,bank_transfer,0,3.28,0
1179,Cliente 1179,cliente1179@example.com,0925906374,Fibra 500MB,28.8,23,628.52,month-to-month,credit_card,1,1.39,1
1180,Cliente 1180,cliente1180@example.com,0972886412,Plan Familiar,49.82,37,1873.28,month-to-month,bank_transfer,0,4.08,0
1181,Cliente 1181,cliente1181@example.com,0937969175,Fibra 200MB,49.71,49,2323.78,month-to-month,cash,1,2.18,0
1182,Cliente 1182,cliente1182@example.com,0916942366,Fibra 500MB,42.01,18,785.02,one-year,bank_transfer,2,3.96,0
1183,Cliente 1183,cliente1183@example.com,0926703276,Fibra 1GB,88.58,54,4461.74,month-to-month,credit_card,1,1.91,0
1184,Cliente 1184,cliente1184@example.com,0952499147,Fibra 500MB,42.47,50,2164.59,month-to-month,credit_card,0,2.81,0
1185,Cliente 1185,cliente1185@example.com,0929439601,Plan Ilimitado,39.97,29,1078.29,month-to-month,credit_card,1,3.12,0
1186,Cliente 1186,cliente1186@example.com,0996897994,Fibra 200MB,37.4,31,1077.74,two-year,credit_card,3,4.92,0
1187,Cliente 1187,cliente1187@example.com,0968988348,Plan Ilimitado,27.52,22,585.38,month-to-month,bank_transfer,2,3.01,1
1188,Cliente 1188,cliente1188@example.com,0911794835,Fibra 1GB,57.35,58,3465.14,month-to-month,credit_card,2,2.42,0
1189,Cliente 1189,cliente1189@example.com,0993897094,Plan Familiar,32.65,72,2322.16,one-year,credit_card,0,4.0,0
1190,Cliente 1190,cliente1190@example.com,0924436162,Fibra 500MB,34.78,72,2492.28,two-year,credit_card,0,3.36,0
1191,Cliente 1191,cliente1191@example.com,0979483855,Fibra 200MB,35.31,56,1782.51,one-year,cash,1,4.47,0
1192,Cliente 1192,cliente1192@example.com,0916751668,Plan Prepago Movil,27.27,25,619.36,two-year,credit_card,0,2.49,0
1193,Cliente 1193,cliente1193@example.com,0992291914,Fibra 200MB,15.0,57,778.08,month-to-month,credit_card,0,3.83,0
1194,Cliente 1194,cliente1194@example.com,0919580050,Internet Hogar 100MB,36.67,17,637.69,two-year,bank_transfer,2,5.0,0
1195,Cliente 1195,cliente1195@example.com,0957471214,Plan Prepago Movil,60.72,65,3692.34,two-year,credit_card,2,3.34,0
1196,Cliente 1196,cliente1196@example.com,0935147072,Plan Ilimitado,48.55,19,875.71,month-to-month,cash,2,3.81,0
1197,Cliente 1197,cliente1197@example.com,0988403636,Plan Prepago Movil,73.09,29,2101.58,one-year,credit_card,1,1.77,0
1198,Cliente 1198,cliente1198@example.com,0989392915,Plan Prepago Movil,58.52,6,346.76,month-to-month,bank_transfer,0,2.66,0
1199,Cliente 1199,cliente1199@example.com,0960428410,Combo TV+Internet,54.43,5,261.69,month-to-month,bank_transfer,2,4.11,0
1200,Cliente 1200,cliente1200@example.com,0900432345,Fibra 1GB,78.89,28,1989.45,month-to-month,cash,0,3.24,0
1201,Cliente 1201,cliente1201@example.com,0949334075,Fibra 200MB,43.25,40,1673.67,month-to-month,bank_transfer,3,4.28,0
1202,Cliente 1202,cliente1202@example.com,0933593413,Fibra 500MB,46.14,1,46.64,two-year,bank_transfer,3,4.07,1
1203,Cliente 1203,cliente1203@example.com,0977849511,Internet Hogar 100MB,44.79,61,2555.38,month-to-month,credit_card,1,2.15,0
1204,Cliente 1204,cliente1204@example.com,0943106722,Fibra 1GB,72.79,8,585.96,one-year,bank_transfer,0,4.72,0
1205,Cliente 1205,cliente1205@example.com,0951853513,Plan Ilimitado,45.05,72,2926.61,month-to-month,bank_transfer,1,2.23,1
1206,Cliente 1206,cliente1206@example.com,0959863913,Internet Hogar 100MB,33.33,19,656.2,month-to-month,bank_transfer,0,2.76,0
1207,Cliente 1207,cliente1207@example.com,0945649460,Fibra 500MB,55.58,27,1564.45,month-to-month,bank_transfer,1,3.85,0
1208,Cliente 1208,cliente1208@example.com,0912086831,Plan Prepago Movil,30.31,11,300.19,month-to-month,credit_card,0,5.0,0
1209,Cliente 1209,cliente1209@example.com,0930312692,Plan Prepago Movil,54.6,60,3173.37,one-year,credit_card,1,2.5,0
1210,Cliente 1210,cliente1210@example.com,0997101768,Fibra 200MB,52.45,53,2674.42,two-year,credit_card,3,3.76,0
1211,Cliente 1211,cliente1211@example.com,0950987925,Internet Hogar 100MB,41.59,5,213.42,month-to-month,credit_card,0,3.77,1
1212,Cliente 1212,cliente1212@example.com,0952959349,Plan Ilimitado,55.18,7,378.96,two-year,credit_card,1,4.32,0
1213,Cliente 1213,cliente1213@example.com,0915777602,Fibra 500MB,18.22,44,795.03,one-year,credit_card,2,4.9,0
1214,Cliente 1214,cliente1214@example.com,0975383343,Combo TV+Internet,47.93,63,2809.35,one-year,bank_transfer,2,3.16,0
1215,Cliente 1215,cliente1215@example.com,0959933851,Plan Prepago Movil,36.67,8,267.42,month-to-month,bank_transfer,0,4.71,0
1216,Cliente 1216,cliente1216@example.com,0957467190,Plan Prepago Movil,96.52,16,1550.27,month-to-month,bank_transfer,1,5.0,1
1217,Cliente 1217,cliente1217@example.com,0912065392,Plan Prepago Movil,47.8,39,1851.34,two-year,bank_transfer,2,5.0,0
1218,Cliente 1218,cliente1218@example.com,0985692176,Plan Prepago Movil,34.26,7,245.78,one-year,credit_card,3,4.15,0
1219,Cliente 1219,cliente1219@example.com,0919751955,Internet Hogar 100MB,20.19,22,456.04,month-to-month,credit_card,1,3.77,0
1220,Cliente 1220,cliente1220@example.com,0906873145,Internet Hogar 100MB,68.5,0,0.0,two-year,bank_transfer,1,3.08,0
1221,Cliente 1221,cliente1221@example.com,0926912417,Internet Hogar 100MB,38.7,36,1366.39,month-to-month,cash,2,2.0,1
1222,Cliente 1222,cliente1222@example.com,0900347171,Plan Prepago Movil,30.76,52,1658.86,one-year,bank_transfer,1,3.29,0
1223,Cliente 1223,cliente1223@example.com,0995707450,Combo TV+Internet,51.05,30,1562.42,month-to-month,bank_transfer,0,3.72,0
1224,Cliente 1224,cliente1224@example.com,0969987230,Internet Hogar 100MB,56.69,18,1053.44,two-year,bank_transfer,2,3.48,0
1225,Cliente 1225,cliente1225@example.com,0922609765,Combo TV+Internet,56.41,30,1775.86,month-to-month,bank_transfer,1,4.26,0
1226,Cliente 1226,cliente1226@example.com,0925686844,Fibra 500MB,45.36,37,1612.07,month-to-month,bank_transfer,1,2.0,1
1227,Cliente 1227,cliente1227@example.com,0976345631,Internet Hogar 100MB,47.87,12,578.77,one-year,bank_transfer,1,3.4,0
1228,Cliente 1228,cliente1228@example.com,0983128164,Fibra 200MB,49.18,8,394.7,month-to-month,credit_card,2,5.0,0
1229,Cliente 1229,cliente1229@example.com,0967237983,Fibra 1GB,51.06,13,614.74,two-year,credit_card,1,4.7,0
1230,Cliente 1230,cliente1230@example.com,0929616311,Fibra 500MB,52.65,71,3721.26,one-year,credit_card,1,4.28,0
1231,Cliente 1231,cliente1231@example.com,0932711642,Plan Prepago Movil,64.7,52,3244.0,month-to-month,bank_transfer,1,4.03,0
1232,Cliente 1232,cliente1232@example.com,0900225614,Fibra 200MB,46.02,9,400.76,month-to-month,bank_transfer,0,3.2,0
1233,Cliente 1233,cliente1233@example.com,0941403727,Fibra 200MB,30.3,21,589.86,two-year,credit_card,1,,0
1234,Cliente 1234,cliente1234@example.com,0914958214,Combo TV+Internet,42.4,30,1286.9,one-year,credit_card,1,4.1,0
1235,Cliente 1235,cliente1235@example.com,0927370326,Fibra 200MB,58.57,13,764.98,two-year,bank_transfer,2,1.0,0
1236,Cliente 1236,cliente1236@example.com,0924373607,Fibra 500MB,15.0,62,911.25,month-to-month,credit_card,1,3.24,0
1237,Cliente 1237,cliente1237@example.com,0961139244,Internet Hogar 100MB,15.0,68,941.98,two-year,cash,1,3.6,0
1238,Cliente 1238,cliente1238@example.com,0924161535,Plan Ilimitado,61.53,17,1028.78,month-to-month,credit_card,1,3.11,0
1239,Cliente 1239,cliente1239@example.com,0956625232,Fibra 200MB,72.36,1,66.21,one-year,credit_card,0,5.0,0
1240,Cliente 1240,cliente1240@example.com,0957600352,Fibra 500MB,22.23,19,401.63,month-to-month,credit_card,0,5.0,0
1241,Cliente 1241,cliente1241@example.com,0995890801,Internet Hogar 100MB,46.81,42,1879.23,month-to-month,credit_card,3,4.74,0
1242,Cliente 1242,cliente1242@example.com,0955601753,Combo TV+Internet,37.81,59,2303.32,two-year,credit_card,0,2.58,0
1243,Cliente 1243,cliente1243@example.com,0912348449,Fibra 200MB,40.31,24,931.0,two-year,credit_card,3,5.0,0
1244,Cliente 1244,cliente1244@example.com,0900994211,Internet Hogar 100MB,50.5,19,949.68,month-to-month,credit_card,1,4.28,0
1245,Cliente 1245,cliente1245@example.com,0987856835,Fibra 500MB,21.73,18,403.35,two-year,credit_card,1,2.56,0
1246,Cliente 1246,cliente1246@example.com,0925223926,Internet Hogar 100MB,25.07,0,0.0,month-to-month,bank_transfer,1,3.64,0
1247,Cliente 1247,cliente1247@example.com,0956177138,Internet Hogar 100MB,39.58,1,40.87,month-to-month,credit_card,3,4.65,0
1248,Cliente 1248,cliente1248@example.com,0925883794,Combo TV+Internet,42.38,31,1209.29,month-to-month,credit_card,2,2.94,0
1249,Cliente 1249,cliente1249@example.com,0997671087,Fibra 200MB,24.73,45,1062.47,month-to-month,credit_card,1,,1
1250,Cliente 1250,cliente1250@example.com,0995389881,Fibra 1GB,59.21,0,0.0,month-to-month,cash,1,3.95,0
1251,Cliente 1251,cliente1251@example.com,0980710738,Fibra 500MB,37.48,14,516.4,month-to-month,bank_transfer,1,,1
1252,Cliente 1252,cliente1252@example.com,0927688535,Fibra 1GB,37.41,66,2576.69,month-to-month,cash,2,3.3,0
1253,Cliente 1253,cliente1253@example.com,0969104492,Combo TV+Internet,50.09,72,3601.22,one-year,cash,1,2.47,0
1254,Cliente 1254,cliente1254@example.com,0911869204,Internet Hogar 100MB,42.68,46,1951.33,two-year,credit_card,1,4.56,0
1255,Cliente 1255,cliente1255@example.com,0911830238,Internet Hogar 100MB,60.07,38,2149.64,one-year,bank_transfer,1,2.6,0
1256,Cliente 1256,cliente1256@example.com,0965571430,Fibra 1GB,28.2,42,1231.38,month-to-month,credit_card,0,3.92,0
1257,Cliente 1257,cliente1257@example.com,0956603315,Fibra 1GB,19.85,27,520.26,one-year,cash,1,2.07,0
1258,Cliente 1258,cliente1258@example.com,0957784256,Plan Ilimitado,39.42,14,518.79,month-to-month,credit_card,2,2.35,0
1259,Cliente 1259,cliente1259@example.com,0934976905,Fibra 200MB,46.08,27,1304.07,one-year,credit_card,1,,0
1260,Cliente 1260,cliente1260@example.com,0922774558,Fibra 1GB,22.67,51,1113.93,one-year,cash,1,3.28,0
1261,Cliente 1261,cliente1261@example.com,0905092087,Plan Familiar,20.02,48,918.41,month-to-month,cash,2,3.8,0
1262,Cliente 1262,cliente1262@example.com,0993269936,Fibra 200MB,48.28,49,2141.55,month-to-month,cash,1,4.0,0
1263,Cliente 1263,cliente1263@example.com,0987616145,Plan Prepago Movil,31.36,44,1278.76,two-year,credit_card,1,1.65,0
1264,Cliente 1264,cliente1264@example.com,0904316786,Fibra 200MB,18.85,4,77.01,two-year,credit_card,0,3.41,0
1265,Cliente 1265,cliente1265@example.com,0910803316,Internet Hogar 100MB,62.38,45,2729.64,one-year,credit_card,1,2.77,0
1266,Cliente 1266,cliente1266@example.com,0978442088,Fibra 200MB,33.63,64,2245.37,two-year,credit_card,1,4.19,0
1267,Cliente 1267,cliente1267@example.com,0991468419,Plan Familiar,65.7,47,2817.96,two-year,bank_transfer,0,3.31,0
1268,Cliente 1268,cliente1268@example.com,0907305341,Plan Prepago Movil,45.51,42,1896.88,month-to-month,credit_card,1,3.51,0
1269,Cliente 1269,cliente1269@example.com,0962131557,Fibra 500MB,50.31,16,811.4,one-year,bank_transfer,2,2.78,0
1270,Cliente 1270,cliente1270@example.com,0990040884,Fibra 500MB,41.19,57,2331.81,month-to-month,credit_card,3,,0
1271,Cliente 1271,cliente1271@example.com,0995575725,Fibra 1GB,15.0,32,470.15,month-to-month,bank_transfer,2,2.19,0
1272,Cliente 1272,cliente1272@example.com,0989105064,Fibra 500MB,24.54,19,460.08,month-to-month,cash,0,3.16,0
1273,Cliente 1273,cliente1273@example.com,0981020176,Fibra 200MB,42.74,35,1501.03,two-year,bank_transfer,0,,0
1274,Cliente 1274,cliente1274@example.com,0964288286,Plan Ilimitado,51.57,8,424.73,one-year,credit_card,4,3.32,0
1275,Cliente 1275,cliente1275@example.com,0932503641,Internet Hogar 100MB,15.0,67,955.2,month-to-month,credit_card,1,2.76,0
1276,Cliente 1276,cliente1276@example.com,0916861625,Fibra 1GB,44.04,51,2176.3,month-to-month,credit_card,0,1.61,0
1277,Cliente 1277,cliente1277@example.com,0958800930,Fibra 500MB,24.8,23,567.77,month-to-month,bank_transfer,0,2.84,0
1278,Cliente 1278,cliente1278@example.com,0914896278,Plan Ilimitado,49.22,57,2657.22,one-year,bank_transfer,1,2.54,0
1279,Cliente 1279,cliente1279@example.com,0945486085,Fibra 1GB,44.65,3,124.15,two-year,credit_card,1,5.0,0
1280,Cliente 1280,cliente1280@example.com,0941601627,Combo TV+Internet,58.38,28,1708.08,month-to-month,cash,1,5.0,0
1281,Cliente 1281,cliente1281@example.com,0927677734,Fibra 200MB,64.2,47,2803.8,month-to-month,bank_transfer,0,3.54,0
1282,Cliente 1282,cliente1282@example.com,0903479612,Fibra 500MB,53.26,1,49.79,one-year,cash,1,2.05,0
1283,Cliente 1283,cliente1283@example.com,0954915742,Fibra 500MB,60.49,51,3062.79,month-to-month,credit_card,3,4.41,0
1284,Cliente 1284,cliente1284@example.com,0916678914,Fibra 1GB,38.69,59,2080.93,month-to-month,cash,0,2.52,0
1285,Cliente 1285,cliente1285@example.com,0938163053,Fibra 500MB,95.82,43,3729.28,month-to-month,credit_card,2,3.0,0
1286,Cliente 1286,cliente1286@example.com,0963111421,Fibra 200MB,23.06,15,314.63,month-to-month,credit_card,0,2.91,0
1287,Cliente 1287,cliente1287@example.com,0938835146,Plan Familiar,35.5,54,1760.74,month-to-month,cash,2,3.05,1
1288,Cliente 1288,cliente1288@example.com,0908992818,Internet Hogar 100MB,61.22,24,1416.94,two-year,cash,2,3.21,0
1289,Cliente 1289,cliente1289@example.com,0913952339,Fibra 500MB,58.55,53,3178.83,month-to-month,bank_transfer,2,2.16,0
1290,Cliente 1290,cliente1290@example.com,0940150268,Plan Familiar,53.77,45,2301.8,month-to-month,credit_card,1,2.83,0
1291,Cliente 1291,cliente1291@example.com,0903387961,Fibra 1GB,57.16,6,330.66,one-year,credit_card,3,4.72,0
1292,Cliente 1292,cliente1292@example.com,0997637432,Fibra 500MB,15.0,7,103.95,two-year,bank_transfer,2,3.56,0
1293,Cliente 1293,cliente1293@example.com,0966232737,Fibra 1GB,73.61,1,69.59,month-to-month,cash,2,3.74,1
1294,Cliente 1294,cliente1294@example.com,0923000092,Combo TV+Internet,41.33,5,199.39,month-to-month,credit_card,1,1.14,0
1295,Cliente 1295,cliente1295@example.com,0959437719,Plan Familiar,67.43,21,1356.48,one-year,credit_card,1,4.64,0
1296,Cliente 1296,cliente1296@example.com,0913955846,Combo TV+Internet,15.0,1,14.27,month-to-month,bank_transfer,0,2.85,0
1297,Cliente 1297,cliente1297@example.com,0951373997,Internet Hogar 100MB,49.62,68,3233.32,one-year,bank_transfer,4,,0
1298,Cliente 1298,cliente1298@example.com,0907976642,Fibra 500MB,34.86,66,2074.52,month-to-month,credit_card,2,3.77,0
1299,Cliente 1299,cliente1299@example.com,0949018853,Fibra 500MB,55.3,12,685.46,month-to-month,bank_transfer,2,2.98,0
1300,Cliente 1300,cliente1300@example.com,0916583791,Fibra 200MB,50.71,22,1167.61,month-to-month,cash,0,1.75,0
1301,Cliente 1301,cliente1301@example.com,0976421125,Combo TV+Internet,51.59,54,2867.69,one-year,credit_card,1,5.0,0
1302,Cliente 1302,cliente1302@example.com,0959797587,Fibra 200MB,25.94,48,1121.68,month-to-month,bank_transfer,1,4.48,0
1303,Cliente 1303,cliente1303@example.com,0982723757,Fibra 500MB,43.97,42,1870.07,month-to-month,bank_transfer,1,4.55,0
1304,Cliente 1304,cliente1304@example.com,0977112380,Fibra 200MB,41.76,72,2964.52,month-to-month,bank_transfer,2,5.0,0
1305,Cliente 1305,cliente1305@example.com,0957332465,Fibra 200MB,53.92,45,2218.04,one-year,cash,0,3.85,0
1306,Cliente 1306,cliente1306@example.com,0980233712,Fibra 1GB,62.81,48,3135.26,month-to-month,bank_transfer,0,5.0,0
1307,Cliente 1307,cliente1307@example.com,0905990152,Fibra 200MB,47.71,36,1745.78,one-year,bank_transfer,2,3.07,0
1308,Cliente 1308,cliente1308@example.com,0926350900,Plan Ilimitado,22.03,38,771.67,one-year,credit_card,1,,0
1309,Cliente 1309,cliente1309@example.com,0948642265,Internet Hogar 100MB,46.94,21,1029.71,month-to-month,bank_transfer,3,2.91,0
1310,Cliente 1310,cliente1310@example.com,0964312242,Fibra 500MB,92.0,38,3212.58,two-year,credit_card,2,3.05,0
1311,Cliente 1311,cliente1311@example.com,0975301033,Internet Hogar 100MB,74.63,67,4841.21,two-year,credit_card,3,3.71,0
1312,Cliente 1312,cliente1312@example.com,0907598069,Fibra 200MB,15.0,27,374.16,month-to-month,bank_transfer,2,,0
1313,Cliente 1313,cliente1313@example.com,0986198594,Internet Hogar 100MB,46.14,9,383.09,month-to-month,bank_transfer,2,3.96,0
1314,Cliente 1314,cliente1314@example.com,0957757868,Plan Prepago Movil,61.78,43,2776.54,month-to-month,cash,2,3.26,0
1315,Cliente 1315,cliente1315@example.com,0945651416,Plan Ilimitado,41.72,57,2344.32,month-to-month,bank_transfer,0,1.41,0
1316,Cliente 1316,cliente1316@example.com,0976863009,Plan Prepago Movil,36.72,69,2378.81,month-to-month,cash,2,3.1,0
1317,Cliente 1317,cliente1317@example.com,0973927270,Combo TV+Internet,40.19,39,1593.21,two-year,credit_card,6,3.22,0
1318,Cliente 1318,cliente1318@example.com,0964503160,Fibra 1GB,54.94,57,3229.56,two-year,bank_transfer,4,,0
1319,Cliente 1319,cliente1319@example.com,0991594590,Fibra 200MB,24.33,18,454.42,month-to-month,cash,1,3.91,0
1320,Cliente 1320,cliente1320@example.com,0955764523,Fibra 500MB,66.4,30,2071.58,month-to-month,credit_card,0,5.0,0
1321,Cliente 1321,cliente1321@example.com,0996613299,Plan Familiar,43.99,30,1366.99,month-to-month,cash,2,4.17,1
1322,Cliente 1322,cliente1322@example.com,0934615257,Plan Ilimitado,28.17,24,673.27,month-to-month,bank_transfer,0,2.99,1
1323,Cliente 1323,cliente1323@example.com,0971237342,Plan Prepago Movil,65.24,52,3227.5,month-to-month,credit_card,1,3.54,0
1324,Cliente 1324,cliente1324@example.com,0934211410,Fibra 200MB,17.19,64,1142.88,two-year,bank_transfer,0,3.22,0
1325,Cliente 1325,cliente1325@example.com,0989561001,Fibra 200MB,35.01,23,739.5,two-year,credit_card,0,4.14,0
1326,Cliente 1326,cliente1326@example.com,0917772331,Plan Prepago Movil,34.71,9,289.06,month-to-month,credit_card,3,3.67,0
1327,Cliente 1327,cliente1327@example.com,0945224053,Plan Ilimitado,83.59,60,4840.23,one-year,credit_card,0,2.91,0
1328,Cliente 1328,cliente1328@example.com,0977335011,Plan Familiar,32.67,62,1909.17,one-year,credit_card,2,3.61,0
1329,Cliente 1329,cliente1329@example.com,0925256655,Fibra 500MB,15.0,68,1012.21,two-year,credit_card,3,4.11,0
1330,Cliente 1330,cliente1330@example.com,0944743998,Combo TV+Internet,34.53,18,643.79,month-to-month,cash,0,2.49,0
1331,Cliente 1331,cliente1331@example.com,0983968010,Plan Prepago Movil,53.2,52,2693.52,month-to-month,credit_card,0,3.95,0
1332,Cliente 1332,cliente1332@example.com,0993077956,Fibra 200MB,59.11,52,3021.71,one-year,cash,2,1.86,0
1333,Cliente 1333,cliente1333@example.com,0967501900,Fibra 200MB,85.98,57,4721.83,month-to-month,bank_transfer,0,4.82,0
1334,Cliente 1334,cliente1334@example.com,0989415035,Plan Prepago Movil,70.32,58,4103.58,one-year,credit_card,0,4.18,0
1335,Cliente 1335,cliente1335@example.com,0981604607,Fibra 1GB,48.38,69,3054.82,month-to-month,credit_card,2,5.0,0
1336,Cliente 1336,cliente1336@example.com,0992759581,Fibra 500MB,28.95,34,893.04,one-year,cash,3,2.37,0
1337,Cliente 1337,cliente1337@example.com,0924962864,Combo TV+Internet,74.23,5,369.74,two-year,bank_transfer,0,4.85,0
1338,Cliente 1338,cliente1338@example.com,0936858707,Plan Prepago Movil,38.37,14,526.56,month-to-month,cash,4,4.63,0
1339,Cliente 1339,cliente1339@example.com,0955609896,Fibra 200MB,33.15,64,2039.08,month-to-month,credit_card,2,3.4,0
1340,Cliente 1340,cliente1340@example.com,0926258144,Fibra 500MB,37.49,61,2172.77,one-year,bank_transfer,1,3.19,0
1341,Cliente 1341,cliente1341@example.com,0995333177,Fibra 500MB,22.46,0,0.0,month-to-month,bank_transfer,2,2.41,0
1342,Cliente 1342,cliente1342@example.com,0914770005,Plan Prepago Movil,36.63,26,954.36,one-year,cash,2,2.12,0
1343,Cliente 1343,cliente1343@example.com,0990779594,Plan Prepago Movil,40.8,17,668.09,one-year,credit_card,1,2.77,0
1344,Cliente 1344,cliente1344@example.com,0929536477,Fibra 500MB,58.15,23,1293.03,month-to-month,cash,2,2.22,0
1345,Cliente 1345,cliente1345@example.com,0905867936,Fibra 500MB,38.01,46,1807.94,two-year,credit_card,1,5.0,0
1346,Cliente 1346,cliente1346@example.com,0901627880,Combo TV+Internet,22.19,37,829.76,month-to-month,cash,0,1.95,0
1347,Cliente 1347,cliente1347@example.com,0935099721,Fibra 1GB,16.13,35,526.68,one-year,bank_transfer,2,3.76,0
1348,Cliente 1348,cliente1348@example.com,0987931915,Plan Prepago Movil,48.77,31,1509.72,month-to-month,bank_transfer,1,4.08,0
1349,Cliente 1349,cliente1349@example.com,0945406214,Fibra 500MB,46.31,46,1959.49,month-to-month,credit_card,1,3.99,0
1350,Cliente 1350,cliente1350@example.com,0927354810,Plan Familiar,35.02,49,1594.33,month-to-month,cash,0,4.09,0
1351,Cliente 1351,cliente1351@example.com,0983757625,Fibra 200MB,36.59,3,110.55,two-year,credit_card,0,4.64,0
1352,Cliente 1352,cliente1352@example.com,0933500609,Fibra 500MB,51.99,10,477.73,two-year,bank_transfer,0,3.11,0
1353,Cliente 1353,cliente1353@example.com,0968471637,Plan Ilimitado,70.03,24,1583.29,two-year,bank_transfer,3,3.7,1
1354,Cliente 1354,cliente1354@example.com,0937800358,Internet Hogar 100MB,30.96,31,993.07,month-to-month,bank_transfer,0,3.28,0
1355,Cliente 1355,cliente1355@example.com,0948779367,Plan Ilimitado,46.6,72,3391.26,month-to-month,bank_transfer,2,5.0,0
1356,Cliente 1356,cliente1356@example.com,0992729585,Internet Hogar 100MB,62.25,65,4205.75,one-year,bank_transfer,1,5.0,0
1357,Cliente 1357,cliente1357@example.com,0903665751,Plan Ilimitado,31.03,47,1505.48,one-year,bank_transfer,2,2.29,0
1358,Cliente 1358,cliente1358@example.com,0902169958,Combo TV+Internet,44.72,2,84.69,month-to-month,bank_transfer,2,1.37,0
1359,Cliente 1359,cliente1359@example.com,0961555892,Fibra 500MB,44.32,7,308.64,two-year,bank_transfer,1,4.23,0
1360,Cliente 1360,cliente1360@example.com,0906149690,Fibra 200MB,21.4,33,675.7,month-to-month,bank_transfer,2,4.78,1
1361,Cliente 1361,cliente1361@example.com,0973039491,Internet Hogar 100MB,48.03,42,2026.47,month-to-month,cash,0,5.0,0
1362,Cliente 1362,cliente1362@example.com,0964256063,Fibra 200MB,45.57,48,2082.95,two-year,bank_transfer,6,4.41,0
1363,Cliente 1363,cliente1363@example.com,0981292156,Fibra 500MB,54.99,10,495.02,month-to-month,credit_card,0,5.0,0
1364,Cliente 1364,cliente1364@example.com,0954120826,Internet Hogar 100MB,23.64,64,1382.98,month-to-month,bank_transfer,2,5.0,0
1365,Cliente 1365,cliente1365@example.com,0926003232,Internet Hogar 100MB,45.18,36,1651.94,one-year,credit_card,2,5.0,0
1366,Cliente 1366,cliente1366@example.com,0964196453,Internet Hogar 100MB,69.87,43,2741.83,two-year,credit_card,1,4.57,0
1367,Cliente 1367,cliente1367@example.com,0930836003,Fibra 200MB,82.39,2,163.12,month-to-month,bank_transfer,0,2.19,1
1368,Cliente 1368,cliente1368@example.com,0909053212,Fibra 500MB,68.04,60,4199.43,one-year,credit_card,0,3.59,0
1369,Cliente 1369,cliente1369@example.com,0905201825,Fibra 1GB,23.81,39,938.96,month-to-month,bank_transfer,2,3.93,0
1370,Cliente 1370,cliente1370@example.com,0944875280,Combo TV+Internet,53.12,16,817.64,month-to-month,cash,1,3.49,1
1371,Cliente 1371,cliente1371@example.com,0956912029,Plan Familiar,36.3,23,777.53,month-to-month,credit_card,0,3.56,0
1372,Cliente 1372,cliente1372@example.com,0907913870,Fibra 200MB,50.11,25,1300.83,month-to-month,credit_card,1,5.0,0
1373,Cliente 1373,cliente1373@example.com,0988343576,Internet Hogar 100MB,31.1,1,30.63,month-to-month,credit_card,1,2.77,0
1374,Cliente 1374,cliente1374@example.com,0990993129,Fibra 1GB,15.0,68,980.03,month-to-month,credit_card,1,4.48,0
1375,Cliente 1375,cliente1375@example.com,0900017093,Plan Prepago Movil,38.8,58,2343.36,one-year,bank_transfer,4,3.95,0
1376,Cliente 1376,cliente1376@example.com,0955860805,Plan Prepago Movil,58.01,64,3461.12,one-year,bank_transfer,0,2.66,0
1377,Cliente 1377,cliente1377@example.com,0985437689,Fibra 500MB,50.18,25,1212.28,one-year,bank_transfer,0,2.42,0
1378,Cliente 1378,cliente1378@example.com,0953532342,Plan Familiar,52.25,40,1915.06,two-year,credit_card,0,1.73,1
1379,Cliente 1379,cliente1379@example.com,0935117831,Fibra 200MB,48.89,33,1482.25,month-to-month,bank_transfer,0,4.13,0
1380,Cliente 1380,cliente1380@example.com,0941805347,Plan Prepago Movil,52.28,34,1706.04,month-to-month,credit_card,1,3.53,0
1381,Cliente 1381,cliente1381@example.com,0929943287,Fibra 200MB,54.53,42,2301.59,month-to-month,bank_transfer,1,2.69,0
1382,Cliente 1382,cliente1382@example.com,0946368465,Plan Ilimitado,40.06,32,1218.89,one-year,bank_transfer,1,1.54,0
1383,Cliente 1383,cliente1383@example.com,0900221960,Internet Hogar 100MB,46.49,56,2612.4,month-to-month,credit_card,1,4.08,0
1384,Cliente 1384,cliente1384@example.com,0993920139,Plan Ilimitado,76.38,4,311.87,month-to-month,cash,1,3.41,0
1385,Cliente 1385,cliente1385@example.com,0951345800,Plan Prepago Movil,47.56,14,686.9,month-to-month,bank_transfer,2,2.81,0
1386,Cliente 1386,cliente1386@example.com,0971633171,Internet Hogar 100MB,45.77,65,2697.5,month-to-month,credit_card,0,2.54,0
1387,Cliente 1387,cliente1387@example.com,0905112679,Fibra 200MB,46.85,64,3046.55,two-year,bank_transfer,0,3.34,0
1388,Cliente 1388,cliente1388@example.com,0992221050,Combo TV+Internet,41.08,59,2234.84,one-year,bank_transfer,2,4.12,0
1389,Cliente 1389,cliente1389@example.com,0903843163,Plan Ilimitado,37.16,26,970.74,month-to-month,credit_card,1,3.24,0
1390,Cliente 1390,cliente1390@example.com,0991763397,Fibra 500MB,48.76,33,1537.88,one-year,credit_card,1,2.29,1
1391,Cliente 1391,cliente1391@example.com,0905736630,Fibra 200MB,35.9,1,36.12,one-year,bank_transfer,3,3.54,0
1392,Cliente 1392,cliente1392@example.com,0906734585,Plan Ilimitado,42.38,20,790.03,month-to-month,cash,1,4.75,0
1393,Cliente 1393,cliente1393@example.com,0955179104,Plan Ilimitado,30.77,53,1625.51,month-to-month,bank_transfer,5,3.64,1
1394,Cliente 1394,cliente1394@example.com,0970721155,Fibra 200MB,46.94,25,1078.24,one-year,bank_transfer,0,3.68,0
1395,Cliente 1395,cliente1395@example.com,0946887527,Plan Ilimitado,55.52,35,1798.36,month-to-month,bank_transfer,1,3.24,0
1396,Cliente 1396,cliente1396@example.com,0968715793,Plan Familiar,41.19,8,326.94,month-to-month,credit_card,1,2.62,0
1397,Cliente 1397,cliente1397@example.com,0982391289,Fibra 500MB,15.0,36,513.28,month-to-month,credit_card,2,2.58,0
1398,Cliente 1398,cliente1398@example.com,0918584525,Plan Ilimitado,55.63,52,2908.86,one-year,credit_card,4,1.77,1
1399,Cliente 1399,cliente1399@example.com,0944241843,Combo TV+Internet,47.16,41,1938.92,two-year,cash,0,4.9,0
1400,Cliente 1400,cliente1400@example.com,0994798358,Fibra 500MB,27.12,40,1077.47,one-year,cash,5,,0
1401,Cliente 1401,cliente1401@example.com,0952508524,Combo TV+Internet,58.92,66,3925.98,month-to-month,cash,3,3.69,1
1402,Cliente 1402,cliente1402@example.com,0907504038,Fibra 500MB,19.83,17,343.55,month-to-month,credit_card,0,3.93,0
1403,Cliente 1403,cliente1403@example.com,0964550289,Plan Ilimitado,63.82,21,1389.42,one-year,bank_transfer,3,3.97,0
1404,Cliente 1404,cliente1404@example.com,0919058299,Plan Prepago Movil,43.97,45,1804.68,two-year,bank_transfer,1,2.79,0
1405,Cliente 1405,cliente1405@example.com,0948052624,Fibra 1GB,15.0,35,517.51,two-year,credit_card,2,3.24,0
1406,Cliente 1406,cliente1406@example.com,0972862635,Internet Hogar 100MB,48.21,71,3465.07,two-year,credit_card,1,,0
1407,Cliente 1407,cliente1407@example.com,0968344882,Internet Hogar 100MB,37.69,4,140.59,month-to-month,bank_transfer,3,5.0,1
1408,Cliente 1408,cliente1408@example.com,0919121106,Fibra 200MB,34.98,8,262.92,one-year,bank_transfer,0,4.72,0
1409,Cliente 1409,cliente1409@example.com,0950615743,Fibra 1GB,31.72,24,715.64,two-year,bank_transfer,1,3.78,0
1410,Cliente 1410,cliente1410@example.com,0988812313,Internet Hogar 100MB,42.71,33,1389.49,one-year,credit_card,1,5.0,0
1411,Cliente 1411,cliente1411@example.com,0924747343,Plan Prepago Movil,36.27,65,2251.28,one-year,bank_transfer,0,4.96,0
1412,Cliente 1412,cliente1412@example.com,0900160413,Fibra 1GB,15.0,36,539.95,month-to-month,credit_card,1,2.08,0
1413,Cliente 1413,cliente1413@example.com,0922586289,Plan Familiar,67.9,31,2087.08,one-year,credit_card,1,3.35,0
1414,Cliente 1414,cliente1414@example.com,0972198445,Combo TV+Internet,40.6,12,486.5,month-to-month,bank_transfer,1,3.58,0
1415,Cliente 1415,cliente1415@example.com,0982692217,Plan Familiar,31.83,31,925.4,month-to-month,credit_card,0,4.27,0
1416,Cliente 1416,cliente1416@example.com,0920550754,Plan Ilimitado,24.69,38,952.39,two-year,cash,1,3.35,0
1417,Cliente 1417,cliente1417@example.com,0936773522,Fibra 500MB,58.87,42,2471.56,two-year,bank_transfer,1,3.49,0
1418,Cliente 1418,cliente1418@example.com,0983276216,Plan Prepago Movil,21.63,44,875.2,two-year,credit_card,0,3.09,0
1419,Cliente 1419,cliente1419@example.com,0991297634,Fibra 200MB,47.41,31,1366.87,month-to-month,credit_card,0,4.75,0
1420,Cliente 1420,cliente1420@example.com,0918578083,Combo TV+Internet,34.49,11,358.58,month-to-month,bank_transfer,1,2.01,0
1421,Cliente 1421,cliente1421@example.com,0934236363,Fibra 1GB,35.54,11,406.74,month-to-month,credit_card,0,3.13,0
1422,Cliente 1422,cliente1422@example.com,0931815290,Plan Prepago Movil,25.14,11,262.42,two-year,credit_card,3,1.57,0
1423,Cliente 1423,cliente1423@example.com,0945918028,Plan Prepago Movil,33.83,45,1374.65,one-year,credit_card,1,2.47,0
1424,Cliente 1424,cliente1424@example.com,0935380925,Combo TV+Internet,45.16,62,2579.41,two-year,credit_card,2,3.95,0
1425,Cliente 1425,cliente1425@example.com,0927712655,Fibra 1GB,49.24,64,2851.43,month-to-month,bank_transfer,3,3.97,0
1426,Cliente 1426,cliente1426@example.com,0936916924,Plan Prepago Movil,30.86,22,652.05,one-year,bank_transfer,1,3.26,1
1427,Cliente 1427,cliente1427@example.com,0957695853,Internet Hogar 100MB,43.36,5,221.04,one-year,credit_card,1,4.84,0
1428,Cliente 1428,cliente1428@example.com,0964660504,Plan Ilimitado,60.99,46,2714.54,month-to-month,bank_transfer,1,5.0,0
1429,Cliente 1429,cliente1429@example.com,0966197341,Plan Familiar,15.07,2,30.92,two-year,credit_card,3,3.52,0
1430,Cliente 1430,cliente1430@example.com,0936852957,Internet Hogar 100MB,44.89,45,1832.45,one-year,bank_transfer,1,3.88,0
1431,Cliente 1431,cliente1431@example.com,0973068883,Plan Prepago Movil,27.89,27,730.78,month-to-month,credit_card,0,3.1,0
1432,Cliente 1432,cliente1432@example.com,0990363019,Fibra 200MB,26.05,61,1617.75,month-to-month,bank_transfer,1,4.29,0
1433,Cliente 1433,cliente1433@example.com,0941633950,Fibra 500MB,49.7,45,2239.2,two-year,credit_card,1,2.29,0
1434,Cliente 1434,cliente1434@example.com,0990612919,Fibra 200MB,35.19,54,1953.32,one-year,bank_transfer,0,5.0,0
1435,Cliente 1435,cliente1435@example.com,0923972740,Fibra 500MB,23.1,29,630.43,one-year,credit_card,3,4.85,0
1436,Cliente 1436,cliente1436@example.com,0922485165,Plan Ilimitado,68.84,61,4094.79,one-year,cash,0,2.28,0
1437,Cliente 1437,cliente1437@example.com,0932754112,Fibra 1GB,61.56,38,2342.86,month-to-month,credit_card,0,2.73,0
1438,Cliente 1438,cliente1438@example.com,0960092194,Fibra 1GB,15.0,45,624.56,one-year,cash,0,4.06,0
1439,Cliente 1439,cliente1439@example.com,0904039743,Fibra 1GB,18.46,26,490.7,two-year,cash,1,3.23,0
1440,Cliente 1440,cliente1440@example.com,0956750838,Plan Prepago Movil,55.68,32,1686.83,month-to-month,credit_card,1,4.2,0
1441,Cliente 1441,cliente1441@example.com,0982573759,Plan Familiar,39.87,61,2222.9,one-year,credit_card,1,3.2,0
1442,Cliente 1442,cliente1442@example.com,0989277412,Plan Prepago Movil,72.01,28,2046.23,month-to-month,credit_card,1,5.0,0
1443,Cliente 1443,cliente1443@example.com,0958999095,Internet Hogar 100MB,56.09,1,56.41,month-to-month,cash,3,3.61,0
1444,Cliente 1444,cliente1444@example.com,0901221353,Combo TV+Internet,50.39,27,1404.82,month-to-month,bank_transfer,2,5.0,0
1445,Cliente 1445,cliente1445@example.com,0967303635,Fibra 200MB,26.61,28,770.27,two-year,bank_transfer,1,4.26,0
1446,Cliente 1446,cliente1446@example.com,0987607346,Fibra 1GB,53.85,30,1521.44,month-to-month,credit_card,1,2.12,0
1447,Cliente 1447,cliente1447@example.com,0987343479,Fibra 1GB,22.04,5,109.78,month-to-month,cash,1,5.0,0
1448,Cliente 1448,cliente1448@example.com,0933813988,Combo TV+Internet,68.49,9,647.15,one-year,credit_card,1,4.81,0
1449,Cliente 1449,cliente1449@example.com,0982084248,Fibra 500MB,52.6,23,1133.06,month-to-month,credit_card,0,4.02,0
1450,Cliente 1450,cliente1450@example.com,0946549948,Internet Hogar 100MB,30.15,30,878.21,one-year,credit_card,1,4.31,0
1451,Cliente 1451,cliente1451@example.com,0971878795,Combo TV+Internet,59.48,2,123.31,two-year,bank_transfer,0,2.29,1
1452,Cliente 1452,cliente1452@example.com,0902125974,Plan Familiar,85.35,28,2187.77,month-to-month,cash,0,1.62,1
1453,Cliente 1453,cliente1453@example.com,0945459130,Plan Ilimitado,41.08,23,981.91,month-to-month,bank_transfer,0,3.55,0
1454,Cliente 1454,cliente1454@example.com,0981604891,Plan Familiar,54.91,2,106.88,two-year,credit_card,2,5.0,0
1455,Cliente 1455,cliente1455@example.com,0962757830,Plan Prepago Movil,37.23,18,692.9,month-to-month,credit_card,2,4.04,0
1456,Cliente 1456,cliente1456@example.com,0932179555,Fibra 500MB,46.54,20,924.48,month-to-month,bank_transfer,1,5.0,1
1457,Cliente 1457,cliente1457@example.com,0980581508,Plan Familiar,17.87,10,178.83,two-year,bank_transfer,2,5.0,0
1458,Cliente 1458,cliente1458@example.com,0969277077,Fibra 500MB,44.99,54,2468.2,two-year,credit_card,3,3.62,0
1459,Cliente 1459,cliente1459@example.com,0965813281,Combo TV+Internet,45.78,5,208.32,one-year,credit_card,0,4.9,0
1460,Cliente 1460,cliente1460@example.com,0909372797,Internet Hogar 100MB,77.38,42,3231.0,one-year,bank_transfer,1,5.0,0
1461,Cliente 1461,cliente1461@example.com,0926882242,Internet Hogar 100MB,15.0,48,747.79,two-year,cash,0,3.51,0
1462,Cliente 1462,cliente1462@example.com,0975482859,Fibra 500MB,39.94,58,2417.1,one-year,bank_transfer,1,3.36,0
1463,Cliente 1463,cliente1463@example.com,0957125204,Plan Prepago Movil,68.19,39,2779.74,one-year,credit_card,0,3.75,0
1464,Cliente 1464,cliente1464@example.com,0926558074,Fibra 500MB,40.65,39,1580.4,two-year,bank_transfer,2,1.0,0
1465,Cliente 1465,cliente1465@example.com,0968327612,Plan Prepago Movil,41.92,55,2294.06,one-year,credit_card,1,3.91,0
1466,Cliente 1466,cliente1466@example.com,0985972297,Fibra 1GB,30.0,62,1828.14,month-to-month,cash,1,4.39,0
1467,Cliente 1467,cliente1467@example.com,0956438897,Fibra 1GB,28.21,15,419.4,month-to-month,credit_card,0,3.76,0
1468,Cliente 1468,cliente1468@example.com,0985303403,Internet Hogar 100MB,15.0,58,862.88,month-to-month,credit_card,1,3.98,0
1469,Cliente 1469,cliente1469@example.com,0992368981,Combo TV+Internet,33.67,33,1007.07,month-to-month,bank_transfer,0,3.55,0
1470,Cliente 1470,cliente1470@example.com,0917869638,Plan Prepago Movil,27.19,7,173.83,month-to-month,credit_card,0,1.4,0
1471,Cliente 1471,cliente1471@example.com,0973550222,Fibra 200MB,47.12,44,2058.59,month-to-month,credit_card,1,5.0,0
1472,Cliente 1472,cliente1472@example.com,0955808231,Fibra 200MB,30.82,71,2072.53,two-year,bank_transfer,2,3.2,0
1473,Cliente 1473,cliente1473@example.com,0901233131,Fibra 500MB,36.37,10,343.77,month-to-month,bank_transfer,3,2.92,0
1474,Cliente 1474,cliente1474@example.com,0966069909,Fibra 1GB,36.86,1,34.24,month-to-month,cash,1,5.0,1
1475,Cliente 1475,cliente1475@example.com,0948268271,Fibra 200MB,44.13,66,2971.3,month-to-month,credit_card,1,4.68,0
1476,Cliente 1476,cliente1476@example.com,0979296535,Plan Prepago Movil,35.49,43,1594.21,month-to-month,credit_card,0,3.9,0
1477,Cliente 1477,cliente1477@example.com,0990818581,Plan Prepago Movil,25.89,15,386.08,one-year,bank_transfer,1,4.45,0
1478,Cliente 1478,cliente1478@example.com,0904777878,Fibra 1GB,46.54,57,2763.7,month-to-month,credit_card,1,2.33,0
1479,Cliente 1479,cliente1479@example.com,0912042655,Plan Ilimitado,64.21,28,1856.46,month-to-month,credit_card,1,3.51,0
1480,Cliente 1480,cliente1480@example.com,0969124083,Plan Ilimitado,47.31,24,1059.01,two-year,cash,1,5.0,0
1481,Cliente 1481,cliente1481@example.com,0915136382,Combo TV+Internet,34.02,21,659.43,month-to-month,cash,2,2.86,1
1482,Cliente 1482,cliente1482@example.com,0914165138,Combo TV+Internet,42.78,43,1713.97,month-to-month,credit_card,1,2.5,0
1483,Cliente 1483,cliente1483@example.com,0986917050,Plan Prepago Movil,15.0,9,123.45,two-year,bank_transfer,0,3.69,0
1484,Cliente 1484,cliente1484@example.com,0930267991,Internet Hogar 100MB,42.49,26,1090.86,one-year,bank_transfer,2,3.71,0
1485,Cliente 1485,cliente1485@example.com,0992889574,Fibra 1GB,37.79,22,783.49,one-year,credit_card,2,4.31,1
1486,Cliente 1486,cliente1486@example.com,0904211279,Plan Familiar,28.2,4,116.97,two-year,bank_transfer,1,2.08,0
1487,Cliente 1487,cliente1487@example.com,0986829913,Fibra 500MB,31.46,55,1716.48,two-year,credit_card,2,1.0,0
1488,Cliente 1488,cliente1488@example.com,0921191687,Plan Prepago Movil,37.62,0,0.0,month-to-month,credit_card,1,4.61,0
1489,Cliente 1489,cliente1489@example.com,0940428921,Plan Ilimitado,62.86,70,4610.07,one-year,cash,0,2.41,0
1490,Cliente 1490,cliente1490@example.com,0988974308,Fibra 200MB,64.66,6,404.63,one-year,bank_transfer,0,2.93,0
1491,Cliente 1491,cliente1491@example.com,0999580415,Fibra 500MB,28.29,26,747.89,month-to-month,credit_card,0,1.2,0
1492,Cliente 1492,cliente1492@example.com,0903410929,Fibra 200MB,35.67,7,254.37,two-year,bank_transfer,0,4.73,0
1493,Cliente 1493,cliente1493@example.com,0930160926,Plan Ilimitado,36.13,26,983.15,month-to-month,cash,2,3.99,1
1494,Cliente 1494,cliente1494@example.com,0940707539,Plan Prepago Movil,59.57,44,2595.05,two-year,credit_card,1,3.94,0
1495,Cliente 1495,cliente1495@example.com,0922634798,Internet Hogar 100MB,47.62,6,294.86,one-year,cash,2,3.93,0
1496,Cliente 1496,cliente1496@example.com,0909482599,Fibra 200MB,46.67,38,1613.36,month-to-month,cash,0,1.33,1
1497,Cliente 1497,cliente1497@example.com,0966064094,Plan Prepago Movil,54.65,56,3008.71,month-to-month,credit_card,1,2.52,0
1498,Cliente 1498,cliente1498@example.com,0970289083,Combo TV+Internet,34.26,33,1102.74,two-year,bank_transfer,0,3.1,0
1499,Cliente 1499,cliente1499@example.com,0929571737,Plan Ilimitado,69.55,8,503.91,one-year,bank_transfer,2,2.78,0
1500,Cliente 1500,cliente1500@example.com,0960823788,Fibra 500MB,44.97,50,2052.98,month-to-month,bank_transfer,2,3.3,0
1501,Cliente 1501,cliente1501@example.com,0943826225,Combo TV+Internet,29.59,13,347.46,month-to-month,credit_card,2,3.87,0
1502,Cliente 1502,cliente1502@example.com,0982706305,Internet Hogar 100MB,40.87,1,38.59,one-year,credit_card,0,4.71,0
1503,Cliente 1503,cliente1503@example.com,0926032302,Fibra 500MB,67.17,31,1890.76,month-to-month,credit_card,1,1.97,0
1504,Cliente 1504,cliente1504@example.com,0906426952,Internet Hogar 100MB,37.35,19,683.73,one-year,bank_transfer,1,3.59,0
1505,Cliente 1505,cliente1505@example.com,0947034656,Fibra 200MB,62.09,2,126.9,one-year,bank_transfer,1,4.38,0
1506,Cliente 1506,cliente1506@example.com,0991430165,Plan Familiar,33.74,56,1874.47,month-to-month,bank_transfer,2,2.58,0
1507,Cliente 1507,cliente1507@example.com,0929359772,Plan Prepago Movil,31.22,43,1343.89,one-year,bank_transfer,0,3.39,0
1508,Cliente 1508,cliente1508@example.com,0994375101,Plan Prepago Movil,56.87,66,3395.82,month-to-month,credit_card,0,4.11,0
1509,Cliente 1509,cliente1509@example.com,0912329991,Combo TV+Internet,29.27,35,1051.01,two-year,credit_card,2,3.61,0
1510,Cliente 1510,cliente1510@example.com,0951712243,Fibra 1GB,59.81,31,1709.36,two-year,bank_transfer,1,4.34,0
1511,Cliente 1511,cliente1511@example.com,0951500127,Fibra 1GB,51.33,61,2960.16,month-to-month,bank_transfer,2,3.7,1
1512,Cliente 1512,cliente1512@example.com,0935675163,Fibra 500MB,29.28,5,143.11,month-to-month,bank_transfer,1,3.26,0
1513,Cliente 1513,cliente1513@example.com,0959002442,Plan Familiar,43.71,26,1181.35,month-to-month,credit_card,0,2.31,0
1514,Cliente 1514,cliente1514@example.com,0990557513,Internet Hogar 100MB,35.12,58,2138.24,two-year,credit_card,0,3.87,0
1515,Cliente 1515,cliente1515@example.com,0914933418,Combo TV+Internet,51.28,21,1095.62,month-to-month,cash,1,,0
1516,Cliente 1516,cliente1516@example.com,0967324207,Plan Prepago Movil,78.98,64,5102.22,one-year,credit_card,1,2.51,0
1517,Cliente 1517,cliente1517@example.com,0982697882,Fibra 1GB,38.33,20,750.62,two-year,credit_card,4,4.24,0
1518,Cliente 1518,cliente1518@example.com,0908719039,Fibra 200MB,54.61,30,1638.04,month-to-month,bank_transfer,0,,0
1519,Cliente 1519,cliente1519@example.com,0937047840,Plan Ilimitado,45.44,65,2722.23,one-year,bank_transfer,1,2.87,0
1520,Cliente 1520,cliente1520@example.com,0957493874,Fibra 200MB,45.43,17,726.26,month-to-month,cash,2,2.8,0
1521,Cliente 1521,cliente1521@example.com,0903784279,Internet Hogar 100MB,42.03,70,3082.43,one-year,cash,1,2.76,0
1522,Cliente 1522,cliente1522@example.com,0913719245,Plan Familiar,29.57,3,92.87,month-to-month,bank_transfer,1,1.75,1
1523,Cliente 1523,cliente1523@example.com,0931032960,Plan Ilimitado,51.03,19,919.58,two-year,credit_card,1,5.0,0
1524,Cliente 1524,cliente1524@example.com,0976147654,Plan Prepago Movil,39.8,43,1602.14,month-to-month,bank_transfer,3,3.11,0
1525,Cliente 1525,cliente1525@example.com,0968148511,Fibra 1GB,28.71,43,1153.58,month-to-month,cash,2,2.66,0
1526,Cliente 1526,cliente1526@example.com,0974716544,Internet Hogar 100MB,63.26,66,4061.3,two-year,credit_card,3,,0
1527,Cliente 1527,cliente1527@example.com,0927348600,Plan Ilimitado,46.78,70,3057.05,two-year,cash,1,3.17,0
1528,Cliente 1528,cliente1528@example.com,0957498420,Fibra 200MB,40.89,49,1998.15,one-year,bank_transfer,0,2.84,0
1529,Cliente 1529,cliente1529@example.com,0906310450,Fibra 200MB,69.12,48,3023.22,one-year,credit_card,1,5.0,0
1530,Cliente 1530,cliente1530@example.com,0944082114,Fibra 1GB,15.0,23,315.87,month-to-month,bank_transfer,0,2.23,0
1531,Cliente 1531,cliente1531@example.com,0972721677,Fibra 1GB,67.91,58,3708.52,one-year,bank_transfer,2,1.91,0
1532,Cliente 1532,cliente1532@example.com,0958826004,Fibra 1GB,29.16,46,1363.65,month-to-month,credit_card,1,4.21,0
1533,Cliente 1533,cliente1533@example.com,0975176768,Internet Hogar 100MB,48.81,1,46.3,month-to-month,credit_card,1,3.48,0
1534,Cliente 1534,cliente1534@example.com,0930590970,Combo TV+Internet,34.41,60,2003.95,two-year,bank_transfer,0,3.35,0
1535,Cliente 1535,cliente1535@example.com,0953673400,Fibra 500MB,28.39,26,737.03,one-year,credit_card,6,4.22,0
1536,Cliente 1536,cliente1536@example.com,0973853808,Combo TV+Internet,68.65,34,2376.77,month-to-month,credit_card,2,3.75,0
1537,Cliente 1537,cliente1537@example.com,0909546721,Plan Familiar,78.41,35,2596.34,month-to-month,bank_transfer,1,3.55,1
1538,Cliente 1538,cliente1538@example.com,0995290806,Fibra 1GB,41.02,59,2443.52,two-year,bank_transfer,2,2.05,0
1539,Cliente 1539,cliente1539@example.com,0901310673,Internet Hogar 100MB,51.04,19,914.4,month-to-month,bank_transfer,0,1.77,1
1540,Cliente 1540,cliente1540@example.com,0963285063,Combo TV+Internet,46.03,28,1284.55,month-to-month,cash,0,2.83,0
1541,Cliente 1541,cliente1541@example.com,0902307211,Combo TV+Internet,76.15,2,147.37,month-to-month,cash,2,2.41,1
1542,Cliente 1542,cliente1542@example.com,0975846458,Plan Prepago Movil,15.0,25,389.62,month-to-month,bank_transfer,3,3.9,0
1543,Cliente 1543,cliente1543@example.com,0964869665,Fibra 200MB,51.79,6,325.44,month-to-month,credit_card,0,1.62,0
1544,Cliente 1544,cliente1544@example.com,0983592405,Plan Familiar,31.91,42,1361.82,two-year,bank_transfer,3,3.11,0
1545,Cliente 1545,cliente1545@example.com,0935289564,Plan Familiar,15.0,65,1011.39,month-to-month,credit_card,1,3.41,0
1546,Cliente 1546,cliente1546@example.com,0924476369,Fibra 500MB,38.51,33,1169.77,month-to-month,cash,2,3.56,1
1547,Cliente 1547,cliente1547@example.com,0948411359,Plan Prepago Movil,78.26,66,5155.71,one-year,bank_transfer,2,4.04,0
1548,Cliente 1548,cliente1548@example.com,0932634220,Plan Prepago Movil,33.19,71,2190.96,one-year,credit_card,1,3.24,0
1549,Cliente 1549,cliente1549@example.com,0954172610,Fibra 200MB,59.23,3,167.3,one-year,bank_transfer,0,2.87,0
1550,Cliente 1550,cliente1550@example.com,0915135674,Combo TV+Internet,66.58,37,2410.31,one-year,bank_transfer,1,4.97,0
1551,Cliente 1551,cliente1551@example.com,0919789795,Plan Prepago Movil,44.77,38,1720.48,one-year,cash,1,3.25,0
1552,Cliente 1552,cliente1552@example.com,0955543739,Internet Hogar 100MB,47.17,28,1331.62,one-year,credit_card,1,5.0,0
1553,Cliente 1553,cliente1553@example.com,0979653653,Combo TV+Internet,15.0,60,927.38,one-year,cash,3,3.24,0
1554,Cliente 1554,cliente1554@example.com,0900279958,Plan Ilimitado,32.11,28,884.6,one-year,credit_card,2,3.58,0
1555,Cliente 1555,cliente1555@example.com,0908940706,Fibra 200MB,61.33,4,254.88,one-year,bank_transfer,3,3.45,0
1556,Cliente 1556,cliente1556@example.com,0935910562,Plan Prepago Movil,46.09,39,1857.16,month-to-month,cash,2,3.85,1
1557,Cliente 1557,cliente1557@example.com,0917698702,Plan Prepago Movil,51.61,14,742.31,one-year,credit_card,2,3.14,0
1558,Cliente 1558,cliente1558@example.com,0964057791,Internet Hogar 100MB,47.4,25,1107.3,one-year,credit_card,2,3.71,1
1559,Cliente 1559,cliente1559@example.com,0995381077,Internet Hogar 100MB,84.46,36,2978.89,month-to-month,cash,2,5.0,0
1560,Cliente 1560,cliente1560@example.com,0908873917,Plan Prepago Movil,37.25,52,1957.21,two-year,cash,1,4.75,0
1561,Cliente 1561,cliente1561@example.com,0985340030,Plan Prepago Movil,73.9,20,1546.6,month-to-month,credit_card,1,4.76,0
1562,Cliente 1562,cliente1562@example.com,0966828358,Fibra 200MB,47.4,27,1154.06,month-to-month,bank_transfer,1,2.12,1
1563,Cliente 1563,cliente1563@example.com,0931822650,Internet Hogar 100MB,75.5,4,286.62,two-year,cash,0,2.3,0
1564,Cliente 1564,cliente1564@example.com,0995206776,Plan Ilimitado,22.95,28,611.34,month-to-month,credit_card,0,3.84,0
1565,Cliente 1565,cliente1565@example.com,0986223703,Fibra 500MB,48.32,42,1914.33,month-to-month,bank_transfer,1,4.45,0
1566,Cliente 1566,cliente1566@example.com,0945109001,Fibra 1GB,37.91,45,1744.53,month-to-month,credit_card,2,3.03,0
1567,Cliente 1567,cliente1567@example.com,0932811168,Fibra 500MB,47.51,21,904.68,two-year,credit_card,1,2.83,0
1568,Cliente 1568,cliente1568@example.com,0915366260,Plan Prepago Movil,67.0,4,255.65,month-to-month,cash,0,5.0,0
1569,Cliente 1569,cliente1569@example.com,0949800826,Fibra 200MB,51.82,42,2191.14,one-year,credit_card,1,,0
1570,Cliente 1570,cliente1570@example.com,0954372728,Fibra 1GB,66.97,47,3024.87,one-year,cash,1,4.76,0
1571,Cliente 1571,cliente1571@example.com,0975026510,Fibra 200MB,32.94,6,182.15,one-year,bank_transfer,3,3.11,0
1572,Cliente 1572,cliente1572@example.com,0963468268,Combo TV+Internet,30.19,36,1077.74,two-year,bank_transfer,2,3.03,0
1573,Cliente 1573,cliente1573@example.com,0999008224,Internet Hogar 100MB,45.29,6,265.87,two-year,credit_card,1,4.64,0
1574,Cliente 1574,cliente1574@example.com,0960603910,Plan Familiar,44.3,33,1531.01,month-to-month,credit_card,2,3.31,1
1575,Cliente 1575,cliente1575@example.com,0942241098,Fibra 200MB,41.65,46,1939.43,two-year,cash,0,2.93,0
1576,Cliente 1576,cliente1576@example.com,0948931298,Combo TV+Internet,27.74,52,1511.61,month-to-month,bank_transfer,4,2.6,0
1577,Cliente 1577,cliente1577@example.com,0966353375,Plan Ilimitado,66.58,52,3212.72,month-to-month,bank_transfer,1,3.04,1
1578,Cliente 1578,cliente1578@example.com,0942640634,Internet Hogar 100MB,38.47,55,2145.98,month-to-month,credit_card,1,4.56,0
1579,Cliente 1579,cliente1579@example.com,0996072735,Plan Familiar,70.67,17,1180.66,one-year,credit_card,1,1.94,0
1580,Cliente 1580,cliente1580@example.com,0961170840,Plan Ilimitado,45.23,61,2778.0,month-to-month,credit_card,2,4.29,0
1581,Cliente 1581,cliente1581@example.com,0978094621,Combo TV+Internet,56.67,25,1374.44,one-year,bank_transfer,0,2.82,0
1582,Cliente 1582,cliente1582@example.com,0996237360,Plan Ilimitado,55.04,27,1384.82,month-to-month,credit_card,3,3.37,1
1583,Cliente 1583,cliente1583@example.com,0997351433,Fibra 200MB,30.16,57,1559.0,month-to-month,bank_transfer,1,3.44,0
1584,Cliente 1584,cliente1584@example.com,0984040460,Plan Ilimitado,51.61,23,1217.59,month-to-month,bank_transfer,1,3.36,0
1585,Cliente 1585,cliente1585@example.com,0903403755,Internet Hogar 100MB,79.71,5,407.41,two-year,credit_card,1,3.28,0
1586,Cliente 1586,cliente1586@example.com,0917546162,Plan Familiar,49.53,52,2380.8,month-to-month,bank_transfer,2,3.11,0
1587,Cliente 1587,cliente1587@example.com,0902342721,Internet Hogar 100MB,61.22,48,2929.09,month-to-month,bank_transfer,1,2.97,1
1588,Cliente 1588,cliente1588@example.com,0924001395,Internet Hogar 100MB,57.48,42,2439.9,month-to-month,cash,2,5.0,0
1589,Cliente 1589,cliente1589@example.com,0900105744,Fibra 500MB,50.53,10,497.04,month-to-month,credit_card,0,,0
1590,Cliente 1590,cliente1590@example.com,0953869048,Internet Hogar 100MB,48.36,46,2107.96,one-year,bank_transfer,0,3.46,0
1591,Cliente 1591,cliente1591@example.com,0967437443,Combo TV+Internet,54.85,14,792.58,month-to-month,credit_card,0,2.89,0
1592,Cliente 1592,cliente1592@example.com,0917804613,Fibra 500MB,58.74,40,2341.06,month-to-month,cash,0,3.15,0
1593,Cliente 1593,cliente1593@example.com,0997896294,Plan Prepago Movil,20.66,37,770.56,two-year,bank_transfer,1,2.89,0
1594,Cliente 1594,cliente1594@example.com,0955557145,Plan Familiar,49.45,56,2763.16,month-to-month,credit_card,1,4.44,0
1595,Cliente 1595,cliente1595@example.com,0957390716,Plan Ilimitado,41.69,71,2984.24,month-to-month,cash,0,2.77,0
1596,Cliente 1596,cliente1596@example.com,0902303616,Fibra 200MB,37.95,13,454.75,one-year,bank_transfer,0,1.13,0
1597,Cliente 1597,cliente1597@example.com,0948648152,Fibra 500MB,68.33,8,567.63,one-year,credit_card,0,3.66,0
1598,Cliente 1598,cliente1598@example.com,0944536111,Fibra 1GB,31.8,40,1199.33,one-year,bank_transfer,1,3.29,0
1599,Cliente 1599,cliente1599@example.com,0944835968,Plan Prepago Movil,19.89,69,1407.38,month-to-month,credit_card,2,2.96,0
1600,Cliente 1600,cliente1600@example.com,0951471459,Fibra 200MB,59.32,11,674.71,month-to-month,cash,0,4.6,0
1601,Cliente 1601,cliente1601@example.com,0996225169,Fibra 1GB,19.43,35,678.47,month-to-month,bank_transfer,2,1.0,0
1602,Cliente 1602,cliente1602@example.com,0919043545,Plan Prepago Movil,15.0,29,430.54,month-to-month,bank_transfer,5,5.0,0
1603,Cliente 1603,cliente1603@example.com,0917948173,Fibra 500MB,61.35,23,1293.03,month-to-month,cash,2,4.76,1
1604,Cliente 1604,cliente1604@example.com,0965034819,Fibra 500MB,47.86,48,2217.87,two-year,bank_transfer,1,2.91,0
1605,Cliente 1605,cliente1605@example.com,0902185765,Fibra 500MB,53.51,21,1114.44,one-year,credit_card,2,3.1,0
1606,Cliente 1606,cliente1606@example.com,0921444916,Plan Prepago Movil,37.04,35,1182.68,month-to-month,credit_card,0,4.15,0
1607,Cliente 1607,cliente1607@example.com,0915604344,Plan Prepago Movil,20.08,61,1122.87,month-to-month,credit_card,1,4.18,0
1608,Cliente 1608,cliente1608@example.com,0946288492,Combo TV+Internet,23.66,27,670.14,one-year,cash,1,2.9,0
1609,Cliente 1609,cliente1609@example.com,0922713143,Internet Hogar 100MB,40.1,1,38.09,month-to-month,cash,1,1.82,1
1610,Cliente 1610,cliente1610@example.com,0987845879,Fibra 1GB,22.1,64,1347.16,month-to-month,bank_transfer,0,5.0,0
1611,Cliente 1611,cliente1611@example.com,0990270010,Plan Prepago Movil,50.53,20,947.67,month-to-month,credit_card,0,4.65,0
1612,Cliente 1612,cliente1612@example.com,0962914637,Plan Prepago Movil,36.68,56,2047.72,one-year,credit_card,1,3.77,0
1613,Cliente 1613,cliente1613@example.com,0986659707,Internet Hogar 100MB,48.33,55,2580.96,one-year,cash,2,3.79,0
1614,Cliente 1614,cliente1614@example.com,0918367395,Combo TV+Internet,47.79,38,1849.73,month-to-month,credit_card,4,4.28,0
1615,Cliente 1615,cliente1615@example.com,0944319889,Combo TV+Internet,51.96,6,304.55,month-to-month,bank_transfer,1,4.42,1
1616,Cliente 1616,cliente1616@example.com,0969924071,Fibra 500MB,53.99,69,3361.39,one-year,credit_card,0,1.3,0
1617,Cliente 1617,cliente1617@example.com,0978469749,Plan Ilimitado,38.81,49,1849.21,one-year,credit_card,1,3.21,0
1618,Cliente 1618,cliente1618@example.com,0902336702,Plan Ilimitado,48.31,30,1316.37,one-year,bank_transfer,1,3.1,0
1619,Cliente 1619,cliente1619@example.com,0985346589,Plan Ilimitado,49.25,62,3126.84,month-to-month,cash,1,3.42,0
1620,Cliente 1620,cliente1620@example.com,0981446943,Internet Hogar 100MB,15.0,57,784.08,one-year,bank_transfer,0,4.45,0
1621,Cliente 1621,cliente1621@example.com,0987493200,Combo TV+Internet,56.64,55,2905.06,two-year,bank_transfer,0,1.63,0
1622,Cliente 1622,cliente1622@example.com,0980702321,Fibra 1GB,47.7,12,554.65,one-year,credit_card,3,2.12,0
1623,Cliente 1623,cliente1623@example.com,0994479244,Plan Ilimitado,55.15,46,2357.48,month-to-month,cash,3,2.85,0
1624,Cliente 1624,cliente1624@example.com,0921966361,Plan Prepago Movil,21.84,20,428.45,one-year,bank_transfer,1,3.77,0
1625,Cliente 1625,cliente1625@example.com,0919272667,Plan Prepago Movil,39.32,5,190.53,month-to-month,bank_transfer,1,4.52,0
1626,Cliente 1626,cliente1626@example.com,0994829488,Internet Hogar 100MB,25.35,24,634.49,month-to-month,bank_transfer,2,5.0,0
1627,Cliente 1627,cliente1627@example.com,0969662307,Combo TV+Internet,58.4,7,373.34,month-to-month,credit_card,1,3.29,0
1628,Cliente 1628,cliente1628@example.com,0966629461,Combo TV+Internet,19.71,7,136.11,two-year,credit_card,2,4.51,0
1629,Cliente 1629,cliente1629@example.com,0954979366,Fibra 1GB,28.28,53,1510.92,month-to-month,cash,2,4.38,0
1630,Cliente 1630,cliente1630@example.com,0923614785,Internet Hogar 100MB,54.62,36,1807.33,two-year,bank_transfer,2,4.2,0
1631,Cliente 1631,cliente1631@example.com,0968267861,Fibra 500MB,33.67,29,972.01,month-to-month,credit_card,1,3.57,0
1632,Cliente 1632,cliente1632@example.com,0906234735,Combo TV+Internet,28.29,14,407.8,month-to-month,credit_card,4,3.16,0
1633,Cliente 1633,cliente1633@example.com,0940652702,Combo TV+Internet,61.32,56,3496.19,month-to-month,cash,2,2.43,0
1634,Cliente 1634,cliente1634@example.com,0926981075,Plan Ilimitado,62.06,46,2969.74,one-year,bank_transfer,0,2.36,0
1635,Cliente 1635,cliente1635@example.com,0938114226,Combo TV+Internet,58.0,42,2455.7,month-to-month,bank_transfer,2,3.98,1
1636,Cliente 1636,cliente1636@example.com,0935579625,Plan Ilimitado,60.28,13,751.59,month-to-month,credit_card,0,3.54,0
1637,Cliente 1637,cliente1637@example.com,0944302501,Fibra 200MB,40.83,9,381.46,month-to-month,cash,1,3.14,1
1638,Cliente 1638,cliente1638@example.com,0959103087,Fibra 1GB,41.32,9,347.26,month-to-month,cash,1,4.33,0
1639,Cliente 1639,cliente1639@example.com,0911546937,Internet Hogar 100MB,33.33,1,32.92,month-to-month,bank_transfer,1,3.38,0
1640,Cliente 1640,cliente1640@example.com,0932921554,Fibra 500MB,48.02,70,3411.31,month-to-month,credit_card,1,2.6,0
1641,Cliente 1641,cliente1641@example.com,0901712833,Plan Prepago Movil,35.5,26,951.47,month-to-month,bank_transfer,1,3.31,0
1642,Cliente 1642,cliente1642@example.com,0997712585,Plan Prepago Movil,37.2,48,1852.53,two-year,cash,2,4.5,0
1643,Cliente 1643,cliente1643@example.com,0973365138,Plan Ilimitado,55.8,71,3616.12,month-to-month,bank_transfer,0,2.47,0
1644,Cliente 1644,cliente1644@example.com,0957822549,Combo TV+Internet,66.32,68,4549.94,month-to-month,cash,1,3.83,0
1645,Cliente 1645,cliente1645@example.com,0914035780,Fibra 200MB,52.17,23,1116.66,month-to-month,bank_transfer,0,3.54,1
1646,Cliente 1646,cliente1646@example.com,0986227624,Internet Hogar 100MB,77.3,35,2751.14,month-to-month,credit_card,3,2.76,0
1647,Cliente 1647,cliente1647@example.com,0980580553,Fibra 500MB,32.3,33,1071.34,one-year,bank_transfer,0,3.28,0
1648,Cliente 1648,cliente1648@example.com,0957245026,Plan Familiar,15.0,2,27.82,month-to-month,cash,2,1.87,0
1649,Cliente 1649,cliente1649@example.com,0949829846,Internet Hogar 100MB,57.86,56,3320.92,month-to-month,credit_card,1,3.72,0
1650,Cliente 1650,cliente1650@example.com,0920275447,Fibra 200MB,31.11,41,1236.31,one-year,credit_card,0,2.1,0
1651,Cliente 1651,cliente1651@example.com,0966503173,Combo TV+Internet,40.07,27,1061.96,month-to-month,bank_transfer,0,4.78,0
1652,Cliente 1652,cliente1652@example.com,0924491828,Plan Ilimitado,15.0,40,627.43,two-year,credit_card,4,3.5,0
1653,Cliente 1653,cliente1653@example.com,0955707710,Plan Familiar,28.81,53,1524.63,two-year,cash,2,2.97,0
1654,Cliente 1654,cliente1654@example.com,0970527987,Fibra 1GB,17.96,1,17.75,month-to-month,credit_card,2,4.88,0
1655,Cliente 1655,cliente1655@example.com,0960990716,Internet Hogar 100MB,37.18,47,1577.11,month-to-month,credit_card,0,2.46,0
1656,Cliente 1656,cliente1656@example.com,0921233346,Fibra 200MB,37.9,62,2185.04,month-to-month,credit_card,3,,0
1657,Cliente 1657,cliente1657@example.com,0945321315,Plan Prepago Movil,46.62,53,2233.62,month-to-month,bank_transfer,0,1.59,0
1658,Cliente 1658,cliente1658@example.com,0968218739,Fibra 500MB,67.32,45,2877.92,month-to-month,bank_transfer,1,5.0,0
1659,Cliente 1659,cliente1659@example.com,0967343788,Fibra 200MB,57.18,6,326.5,one-year,bank_transfer,0,5.0,0
1660,Cliente 1660,cliente1660@example.com,0937607111,Plan Familiar,15.8,54,835.75,month-to-month,bank_transfer,1,1.76,0
1661,Cliente 1661,cliente1661@example.com,0950575237,Plan Ilimitado,55.94,54,3031.23,month-to-month,credit_card,2,2.7,0
1662,Cliente 1662,cliente1662@example.com,0936653073,Internet Hogar 100MB,47.01,36,1568.65,month-to-month,bank_transfer,2,,0
1663,Cliente 1663,cliente1663@example.com,0940798300,Plan Prepago Movil,43.24,42,1798.37,two-year,cash,0,3.03,0
1664,Cliente 1664,cliente1664@example.com,0930160689,Internet Hogar 100MB,44.59,45,2081.89,two-year,bank_transfer,1,3.57,0
1665,Cliente 1665,cliente1665@example.com,0992602723,Fibra 1GB,48.68,8,361.3,month-to-month,credit_card,2,3.47,0
1666,Cliente 1666,cliente1666@example.com,0943795574,Combo TV+Internet,32.55,18,585.23,one-year,bank_transfer,0,4.05,0
1667,Cliente 1667,cliente1667@example.com,0949320072,Fibra 500MB,41.72,57,2156.5,month-to-month,credit_card,2,2.54,0
1668,Cliente 1668,cliente1668@example.com,0970748859,Plan Familiar,66.31,71,4612.31,one-year,credit_card,0,3.81,0
1669,Cliente 1669,cliente1669@example.com,0997499433,Fibra 200MB,32.33,19,621.17,one-year,credit_card,0,2.37,0
1670,Cliente 1670,cliente1670@example.com,0991059351,Plan Prepago Movil,26.46,29,694.52,two-year,credit_card,1,3.15,0
1671,Cliente 1671,cliente1671@example.com,0989610710,Combo TV+Internet,43.89,66,2752.05,month-to-month,credit_card,1,1.69,0
1672,Cliente 1672,cliente1672@example.com,0985563250,Plan Familiar,24.65,11,279.74,month-to-month,bank_transfer,1,3.15,0
1673,Cliente 1673,cliente1673@example.com,0925967303,Combo TV+Internet,15.0,19,266.14,two-year,credit_card,0,2.97,0
1674,Cliente 1674,cliente1674@example.com,0960826861,Plan Ilimitado,38.8,4,156.51,month-to-month,bank_transfer,3,4.64,1
1675,Cliente 1675,cliente1675@example.com,0924966810,Plan Ilimitado,71.08,17,1198.49,month-to-month,cash,1,3.53,1
1676,Cliente 1676,cliente1676@example.com,0955261180,Plan Familiar,44.31,46,1884.48,one-year,bank_transfer,2,,0
1677,Cliente 1677,cliente1677@example.com,0958743015,Internet Hogar 100MB,48.21,25,1218.82,one-year,bank_transfer,0,3.58,0
1678,Cliente 1678,cliente1678@example.com,0953201293,Internet Hogar 100MB,15.0,71,1043.5,one-year,bank_transfer,0,1.26,0
1679,Cliente 1679,cliente1679@example.com,0915147196,Plan Prepago Movil,52.89,65,3151.83,one-year,credit_card,0,1.4,0
1680,Cliente 1680,cliente1680@example.com,0997950011,Plan Familiar,46.68,65,3162.87,one-year,credit_card,1,3.25,0
1681,Cliente 1681,cliente1681@example.com,0989619386,Plan Familiar,33.03,53,1704.71,month-to-month,bank_transfer,1,3.91,0
1682,Cliente 1682,cliente1682@example.com,0947696309,Combo TV+Internet,48.24,51,2489.18,one-year,cash,0,3.34,0
1683,Cliente 1683,cliente1683@example.com,0971686219,Plan Ilimitado,48.06,37,1658.47,one-year,cash,0,2.65,1
1684,Cliente 1684,cliente1684@example.com,0938472652,Fibra 1GB,25.93,72,1718.68,two-year,cash,0,3.34,0
1685,Cliente 1685,cliente1685@example.com,0964601791,Fibra 500MB,50.97,6,309.24,month-to-month,bank_transfer,1,3.24,0
1686,Cliente 1686,cliente1686@example.com,0902026764,Fibra 200MB,66.55,52,3464.32,month-to-month,bank_transfer,4,4.46,1
1687,Cliente 1687,cliente1687@example.com,0915925335,Plan Familiar,40.9,10,384.92,one-year,cash,1,4.4,0
1688,Cliente 1688,cliente1688@example.com,0911069469,Plan Ilimitado,29.38,24,713.54,month-to-month,cash,1,,0
1689,Cliente 1689,cliente1689@example.com,0972739908,Plan Prepago Movil,41.8,18,734.15,month-to-month,bank_transfer,2,3.55,0
1690,Cliente 1690,cliente1690@example.com,0924710455,Combo TV+Internet,60.38,43,2472.47,two-year,cash,0,3.9,0
1691,Cliente 1691,cliente1691@example.com,0992714541,Fibra 1GB,22.93,57,1330.58,month-to-month,cash,0,4.07,0
1692,Cliente 1692,cliente1692@example.com,0918902915,Fibra 200MB,55.41,5,274.98,month-to-month,bank_transfer,0,5.0,0
1693,Cliente 1693,cliente1693@example.com,0929770172,Plan Ilimitado,32.8,43,1376.68,month-to-month,credit_card,1,3.57,0
1694,Cliente 1694,cliente1694@example.com,0941071187,Plan Prepago Movil,49.36,16,802.37,month-to-month,credit_card,2,4.89,0
1695,Cliente 1695,cliente1695@example.com,0928944618,Plan Ilimitado,34.84,5,171.02,one-year,bank_transfer,3,2.32,0
1696,Cliente 1696,cliente1696@example.com,0917514295,Internet Hogar 100MB,34.79,30,1086.26,month-to-month,credit_card,1,2.9,0
1697,Cliente 1697,cliente1697@example.com,0932155964,Plan Prepago Movil,72.42,42,3110.71,month-to-month,bank_transfer,3,1.25,0
1698,Cliente 1698,cliente1698@example.com,0932610902,Plan Prepago Movil,19.64,14,262.24,month-to-month,bank_transfer,2,3.77,1
1699,Cliente 1699,cliente1699@example.com,0951650483,Internet Hogar 100MB,53.74,28,1459.18,month-to-month,cash,2,4.31,0
1700,Cliente 1700,cliente1700@example.com,0965454044,Plan Ilimitado,76.16,69,5484.16,month-to-month,cash,0,1.0,1
1701,Cliente 1701,cliente1701@example.com,0977536982,Plan Prepago Movil,57.34,25,1482.64,month-to-month,bank_transfer,2,3.81,1
1702,Cliente 1702,cliente1702@example.com,0924667580,Fibra 500MB,21.04,72,1406.84,month-to-month,credit_card,1,4.26,0
1703,Cliente 1703,cliente1703@example.com,0925596451,Fibra 200MB,21.93,60,1238.36,month-to-month,credit_card,3,4.2,0
1704,Cliente 1704,cliente1704@example.com,0930140188,Combo TV+Internet,31.47,27,811.17,month-to-month,bank_transfer,0,2.28,0
1705,Cliente 1705,cliente1705@example.com,0959094374,Plan Prepago Movil,47.84,42,2073.53,month-to-month,credit_card,1,4.45,0
1706,Cliente 1706,cliente1706@example.com,0963512591,Fibra 500MB,49.07,51,2600.45,month-to-month,bank_transfer,1,3.61,0
1707,Cliente 1707,cliente1707@example.com,0950583739,Plan Ilimitado,22.11,33,744.48,month-to-month,cash,2,4.25,0
1708,Cliente 1708,cliente1708@example.com,0963284350,Combo TV+Internet,29.29,29,799.6,month-to-month,bank_transfer,1,3.46,0
1709,Cliente 1709,cliente1709@example.com,0914253477,Fibra 1GB,30.39,24,753.47,month-to-month,bank_transfer,1,4.02,0
1710,Cliente 1710,cliente1710@example.com,0923695057,Plan Prepago Movil,41.75,10,377.81,month-to-month,bank_transfer,3,4.82,0
1711,Cliente 1711,cliente1711@example.com,0999651846,Fibra 500MB,80.72,1,77.77,one-year,cash,0,3.38,0
1712,Cliente 1712,cliente1712@example.com,0970364650,Plan Ilimitado,28.2,24,647.46,month-to-month,credit_card,1,3.91,0
1713,Cliente 1713,cliente1713@example.com,0934300289,Combo TV+Internet,27.41,58,1558.44,one-year,bank_transfer,2,4.97,0
1714,Cliente 1714,cliente1714@example.com,0989961373,Internet Hogar 100MB,24.6,17,411.55,one-year,credit_card,2,3.45,0
1715,Cliente 1715,cliente1715@example.com,0920338715,Fibra 500MB,56.44,13,685.16,month-to-month,bank_transfer,2,2.36,1
1716,Cliente 1716,cliente1716@example.com,0994903972,Plan Familiar,44.26,23,947.42,month-to-month,credit_card,3,4.34,0
1717,Cliente 1717,cliente1717@example.com,0983733335,Combo TV+Internet,28.87,43,1266.9,month-to-month,bank_transfer,0,5.0,0
1718,Cliente 1718,cliente1718@example.com,0986054039,Plan Ilimitado,38.47,15,525.94,month-to-month,bank_transfer,1,5.0,0
1719,Cliente 1719,cliente1719@example.com,0937188169,Plan Ilimitado,30.75,16,479.2,month-to-month,credit_card,0,4.39,0
1720,Cliente 1720,cliente1720@example.com,0997751022,Combo TV+Internet,50.33,8,373.95,month-to-month,bank_transfer,1,1.02,0
1721,Cliente 1721,cliente1721@example.com,0998337687,Fibra 1GB,93.32,24,2123.07,two-year,credit_card,2,2.9,0
1722,Cliente 1722,cliente1722@example.com,0967832912,Combo TV+Internet,54.92,15,775.69,month-to-month,credit_card,1,2.96,0
1723,Cliente 1723,cliente1723@example.com,0918940253,Fibra 500MB,43.33,60,2616.12,one-year,credit_card,0,3.65,0
1724,Cliente 1724,cliente1724@example.com,0977460131,Plan Familiar,33.03,66,2111.1,one-year,credit_card,1,5.0,0
1725,Cliente 1725,cliente1725@example.com,0906027227,Fibra 500MB,20.82,27,531.18,month-to-month,cash,1,2.41,1
1726,Cliente 1726,cliente1726@example.com,0903506435,Plan Prepago Movil,58.21,6,357.89,two-year,cash,1,5.0,0
1727,Cliente 1727,cliente1727@example.com,0906407403,Fibra 1GB,57.23,6,313.46,two-year,bank_transfer,1,3.18,0
1728,Cliente 1728,cliente1728@example.com,0974300226,Plan Prepago Movil,36.61,23,854.62,month-to-month,bank_transfer,1,2.76,0
1729,Cliente 1729,cliente1729@example.com,0941698943,Fibra 500MB,66.84,33,2067.3,month-to-month,bank_transfer,2,4.53,0
1730,Cliente 1730,cliente1730@example.com,0906463163,Combo TV+Internet,45.38,38,1789.46,month-to-month,cash,2,4.62,0
1731,Cliente 1731,cliente1731@example.com,0959217535,Fibra 200MB,58.95,22,1168.29,month-to-month,bank_transfer,2,4.31,0
1732,Cliente 1732,cliente1732@example.com,0991758911,Internet Hogar 100MB,50.33,25,1237.49,month-to-month,credit_card,4,2.75,0
1733,Cliente 1733,cliente1733@example.com,0901328735,Internet Hogar 100MB,41.81,20,830.63,month-to-month,bank_transfer,0,4.15,0
1734,Cliente 1734,cliente1734@example.com,0935272991,Plan Familiar,27.81,37,1015.18,month-to-month,cash,2,2.46,0
1735,Cliente 1735,cliente1735@example.com,0958835122,Internet Hogar 100MB,42.38,50,2166.15,one-year,credit_card,0,2.72,0
1736,Cliente 1736,cliente1736@example.com,0923685476,Plan Familiar,60.16,3,165.47,month-to-month,bank_transfer,0,3.5,1
1737,Cliente 1737,cliente1737@example.com,0940506978,Fibra 200MB,35.85,34,1172.99,month-to-month,credit_card,0,2.7,1
1738,Cliente 1738,cliente1738@example.com,0944529099,Plan Prepago Movil,52.92,47,2560.76,month-to-month,credit_card,1,4.76,0
1739,Cliente 1739,cliente1739@example.com,0990922639,Plan Familiar,25.51,49,1291.63,one-year,bank_transfer,2,2.96,0
1740,Cliente 1740,cliente1740@example.com,0941275326,Plan Prepago Movil,59.04,41,2359.52,one-year,credit_card,1,3.36,0
1741,Cliente 1741,cliente1741@example.com,0920583749,Fibra 200MB,50.63,38,1892.57,month-to-month,cash,1,2.63,0
1742,Cliente 1742,cliente1742@example.com,0965280525,Plan Prepago Movil,23.36,49,1161.34,one-year,bank_transfer,0,4.74,1
1743,Cliente 1743,cliente1743@example.com,0990086426,Combo TV+Internet,40.97,27,1124.93,month-to-month,credit_card,2,2.87,0
1744,Cliente 1744,cliente1744@example.com,0926476506,Fibra 500MB,61.77,41,2616.68,one-year,cash,1,4.86,0
1745,Cliente 1745,cliente1745@example.com,0965562417,Plan Prepago Movil,22.34,23,527.48,one-year,bank_transfer,0,4.78,0
1746,Cliente 1746,cliente1746@example.com,0918655163,Combo TV+Internet,25.72,31,767.15,month-to-month,bank_transfer,0,3.11,0
1747,Cliente 1747,cliente1747@example.com,0978997229,Combo TV+Internet,43.75,9,392.75,one-year,bank_transfer,3,3.63,0
1748,Cliente 1748,cliente1748@example.com,0992698935,Plan Prepago Movil,83.4,25,2027.63,two-year,cash,3,3.08,0
1749,Cliente 1749,cliente1749@example.com,0959958368,Fibra 1GB,32.89,10,301.83,one-year,credit_card,2,4.2,1
1750,Cliente 1750,cliente1750@example.com,0981021296,Fibra 500MB,53.91,16,882.62,month-to-month,credit_card,1,3.39,0
1751,Cliente 1751,cliente1751@example.com,0907988878,Internet Hogar 100MB,49.68,30,1475.89,one-year,credit_card,2,3.14,0
1752,Cliente 1752,cliente1752@example.com,0976190277,Fibra 200MB,34.39,36,1125.01,month-to-month,credit_card,1,3.65,1
1753,Cliente 1753,cliente1753@example.com,0980716251,Fibra 200MB,47.9,68,3262.18,one-year,bank_transfer,2,1.86,0
1754,Cliente 1754,cliente1754@example.com,0909543974,Fibra 200MB,36.94,1,34.81,two-year,credit_card,0,3.52,0
1755,Cliente 1755,cliente1755@example.com,0916236920,Combo TV+Internet,38.56,65,2281.8,month-to-month,bank_transfer,3,4.31,0
1756,Cliente 1756,cliente1756@example.com,0946692778,Plan Ilimitado,15.1,23,344.17,month-to-month,bank_transfer,1,3.75,1
1757,Cliente 1757,cliente1757@example.com,0992343133,Fibra 200MB,44.56,52,2339.9,month-to-month,cash,2,4.65,0
1758,Cliente 1758,cliente1758@example.com,0970771977,Plan Familiar,61.18,49,2930.65,month-to-month,bank_transfer,0,3.18,0
1759,Cliente 1759,cliente1759@example.com,0978456107,Fibra 200MB,46.03,70,2902.62,month-to-month,cash,1,3.09,0
1760,Cliente 1760,cliente1760@example.com,0922145943,Fibra 500MB,64.63,7,446.32,month-to-month,cash,0,2.37,0
1761,Cliente 1761,cliente1761@example.com,0972008712,Fibra 200MB,55.45,70,3497.2,one-year,credit_card,0,,0
1762,Cliente 1762,cliente1762@example.com,0986433718,Plan Ilimitado,43.93,4,182.57,month-to-month,bank_transfer,1,5.0,0
1763,Cliente 1763,cliente1763@example.com,0922370131,Fibra 200MB,33.7,64,2027.6,month-to-month,credit_card,3,3.9,0
1764,Cliente 1764,cliente1764@example.com,0934635948,Plan Prepago Movil,36.25,47,1755.97,one-year,cash,1,2.96,0
1765,Cliente 1765,cliente1765@example.com,0928519736,Fibra 1GB,18.53,35,584.87,month-to-month,bank_transfer,1,2.49,1
1766,Cliente 1766,cliente1766@example.com,0990072879,Plan Prepago Movil,40.19,29,1065.96,month-to-month,credit_card,0,1.84,0
1767,Cliente 1767,cliente1767@example.com,0979612829,Plan Prepago Movil,47.63,6,276.55,one-year,credit_card,0,2.69,0
1768,Cliente 1768,cliente1768@example.com,0986117440,Plan Prepago Movil,75.88,58,4461.74,two-year,credit_card,1,4.44,0
1769,Cliente 1769,cliente1769@example.com,0940197999,Fibra 1GB,54.51,53,3008.59,one-year,cash,0,3.13,0
1770,Cliente 1770,cliente1770@example.com,0942664424,Fibra 1GB,29.43,68,1957.54,month-to-month,bank_transfer,1,2.55,0
1771,Cliente 1771,cliente1771@example.com,0994598708,Fibra 500MB,19.09,53,964.54,month-to-month,credit_card,1,2.67,0
1772,Cliente 1772,cliente1772@example.com,0900341596,Plan Ilimitado,41.28,69,2582.52,two-year,credit_card,1,4.31,0
1773,Cliente 1773,cliente1773@example.com,0998816078,Internet Hogar 100MB,59.61,64,3767.57,one-year,credit_card,0,3.51,0
1774,Cliente 1774,cliente1774@example.com,0915154827,Plan Prepago Movil,41.03,31,1217.25,one-year,bank_transfer,2,2.91,0
1775,Cliente 1775,cliente1775@example.com,0967910614,Fibra 200MB,54.76,51,2894.33,one-year,credit_card,1,3.26,0
1776,Cliente 1776,cliente1776@example.com,0956057033,Plan Familiar,41.74,19,770.86,month-to-month,credit_card,0,5.0,0
1777,Cliente 1777,cliente1777@example.com,0934150058,Plan Familiar,57.91,58,3408.55,month-to-month,cash,1,4.94,0
1778,Cliente 1778,cliente1778@example.com,0973340617,Plan Prepago Movil,16.25,44,734.47,one-year,bank_transfer,2,5.0,0
1779,Cliente 1779,cliente1779@example.com,0933412281,Internet Hogar 100MB,73.88,32,2162.6,two-year,bank_transfer,2,1.67,0
1780,Cliente 1780,cliente1780@example.com,0912464551,Fibra 1GB,24.98,45,1086.02,month-to-month,bank_transfer,2,3.43,0
1781,Cliente 1781,cliente1781@example.com,0906909975,Plan Familiar,59.29,20,1226.19,one-year,bank_transfer,2,2.89,0
1782,Cliente 1782,cliente1782@example.com,0935023524,Combo TV+Internet,40.1,45,1738.94,month-to-month,bank_transfer,3,4.2,0
1783,Cliente 1783,cliente1783@example.com,0979805457,Plan Ilimitado,42.92,34,1437.06,two-year,credit_card,0,4.77,0
1784,Cliente 1784,cliente1784@example.com,0935855903,Plan Familiar,40.66,23,964.14,month-to-month,credit_card,1,3.96,0
1785,Cliente 1785,cliente1785@example.com,0940497087,Internet Hogar 100MB,49.6,71,3292.31,one-year,cash,2,2.64,0
1786,Cliente 1786,cliente1786@example.com,0981800388,Internet Hogar 100MB,53.24,4,220.24,month-to-month,cash,0,2.87,0
1787,Cliente 1787,cliente1787@example.com,0960827250,Combo TV+Internet,64.05,55,3380.27,one-year,bank_transfer,2,4.28,0
1788,Cliente 1788,cliente1788@example.com,0990991633,Internet Hogar 100MB,70.34,15,1043.45,one-year,credit_card,0,4.39,0
1789,Cliente 1789,cliente1789@example.com,0932903343,Plan Prepago Movil,50.97,16,774.1,month-to-month,credit_card,0,3.76,0
1790,Cliente 1790,cliente1790@example.com,0969629436,Fibra 500MB,75.85,11,816.89,two-year,credit_card,2,3.74,1
1791,Cliente 1791,cliente1791@example.com,0993274740,Fibra 500MB,46.67,7,296.44,two-year,cash,2,3.66,1
1792,Cliente 1792,cliente1792@example.com,0938936026,Fibra 200MB,64.39,9,527.23,two-year,cash,0,3.9,0
1793,Cliente 1793,cliente1793@example.com,0907905368,Plan Prepago Movil,52.72,60,3043.66,month-to-month,bank_transfer,0,4.39,0
1794,Cliente 1794,cliente1794@example.com,0906154576,Plan Familiar,35.11,67,2235.32,one-year,cash,0,4.29,0
1795,Cliente 1795,cliente1795@example.com,0936506315,Fibra 200MB,48.26,42,2011.45,one-year,credit_card,3,3.63,0
1796,Cliente 1796,cliente1796@example.com,0957472695,Fibra 200MB,54.06,1,48.96,one-year,bank_transfer,3,3.55,1
1797,Cliente 1797,cliente1797@example.com,0963688938,Fibra 1GB,44.42,63,2589.0,month-to-month,credit_card,0,3.5,0
1798,Cliente 1798,cliente1798@example.com,0938092255,Fibra 1GB,52.43,43,2099.92,one-year,credit_card,2,2.74,0
1799,Cliente 1799,cliente1799@example.com,0915845813,Internet Hogar 100MB,60.58,38,2223.94,month-to-month,cash,1,2.73,0
1800,Cliente 1800,cliente1800@example.com,0981228134,Combo TV+Internet,44.58,69,2882.31,month-to-month,cash,1,4.2,0
1801,Cliente 1801,cliente1801@example.com,0901309406,Internet Hogar 100MB,15.0,29,400.48,month-to-month,credit_card,2,2.82,0
1802,Cliente 1802,cliente1802@example.com,0976507931,Plan Prepago Movil,75.21,26,1935.19,month-to-month,credit_card,1,4.5,0
1803,Cliente 1803,cliente1803@example.com,0926684825,Combo TV+Internet,39.64,56,2245.55,month-to-month,bank_transfer,1,3.54,0
1804,Cliente 1804,cliente1804@example.com,0962385667,Plan Familiar,30.18,38,1150.04,month-to-month,credit_card,2,4.5,0
1805,Cliente 1805,cliente1805@example.com,0993394987,Fibra 1GB,24.77,52,1212.6,one-year,bank_transfer,2,4.3,0
1806,Cliente 1806,cliente1806@example.com,0979245156,Fibra 500MB,38.94,50,2001.84,month-to-month,bank_transfer,1,4.53,0
1807,Cliente 1807,cliente1807@example.com,0956149246,Fibra 1GB,34.87,61,2109.57,month-to-month,credit_card,2,3.08,0
1808,Cliente 1808,cliente1808@example.com,0961175991,Internet Hogar 100MB,31.73,23,724.1,one-year,credit_card,2,4.05,0
1809,Cliente 1809,cliente1809@example.com,0938211539,Fibra 1GB,32.72,5,152.46,two-year,credit_card,3,4.41,0
1810,Cliente 1810,cliente1810@example.com,0990907931,Plan Prepago Movil,54.54,34,1736.3,two-year,cash,4,1.89,0
1811,Cliente 1811,cliente1811@example.com,0903944061,Plan Ilimitado,81.55,47,3722.51,two-year,credit_card,0,5.0,0
1812,Cliente 1812,cliente1812@example.com,0968756376,Fibra 200MB,59.77,59,3299.59,two-year,bank_transfer,2,5.0,0
1813,Cliente 1813,cliente1813@example.com,0913742987,Plan Prepago Movil,65.21,19,1242.97,one-year,credit_card,1,4.64,0
1814,Cliente 1814,cliente1814@example.com,0945958886,Combo TV+Internet,38.21,54,1952.5,two-year,bank_transfer,0,4.49,0
1815,Cliente 1815,cliente1815@example.com,0933842169,Plan Prepago Movil,46.88,60,2595.62,two-year,credit_card,1,4.25,0
1816,Cliente 1816,cliente1816@example.com,0936334389,Fibra 500MB,52.68,59,2867.99,month-to-month,credit_card,1,3.24,0
1817,Cliente 1817,cliente1817@example.com,0923077859,Fibra 500MB,33.13,58,1766.06,two-year,bank_transfer,2,3.48,0
1818,Cliente 1818,cliente1818@example.com,0913472309,Internet Hogar 100MB,37.34,72,2596.97,one-year,bank_transfer,2,4.66,0
1819,Cliente 1819,cliente1819@example.com,0940254508,Internet Hogar 100MB,60.38,48,2609.74,one-year,credit_card,0,2.53,0
1820,Cliente 1820,cliente1820@example.com,0982301813,Fibra 200MB,64.63,27,1712.48,two-year,credit_card,1,2.43,1
1821,Cliente 1821,cliente1821@example.com,0993618996,Fibra 500MB,46.21,31,1353.36,month-to-month,cash,1,,0
1822,Cliente 1822,cliente1822@example.com,0996382894,Plan Familiar,23.49,54,1246.73,month-to-month,credit_card,1,4.32,0
1823,Cliente 1823,cliente1823@example.com,0921565600,Fibra 1GB,39.68,17,701.75,one-year,credit_card,0,2.65,0
1824,Cliente 1824,cliente1824@example.com,0928536415,Fibra 500MB,19.06,44,864.1,one-year,credit_card,0,3.35,0
1825,Cliente 1825,cliente1825@example.com,0969318315,Fibra 500MB,46.35,41,1874.63,two-year,credit_card,1,3.48,0
1826,Cliente 1826,cliente1826@example.com,0909745349,Plan Prepago Movil,49.6,48,2292.02,two-year,bank_transfer,1,2.49,0
1827,Cliente 1827,cliente1827@example.com,0976919126,Fibra 200MB,40.13,30,1209.62,one-year,bank_transfer,0,1.0,0
1828,Cliente 1828,cliente1828@example.com,0914301409,Fibra 200MB,49.35,54,2767.42,two-year,bank_transfer,2,2.47,0
1829,Cliente 1829,cliente1829@example.com,0947251163,Fibra 1GB,52.5,5,255.53,month-to-month,bank_transfer,0,3.89,0
1830,Cliente 1830,cliente1830@example.com,0999167287,Internet Hogar 100MB,49.62,54,2451.45,two-year,credit_card,0,4.13,0
1831,Cliente 1831,cliente1831@example.com,0930435238,Internet Hogar 100MB,23.37,59,1399.39,month-to-month,bank_transfer,1,4.14,0
1832,Cliente 1832,cliente1832@example.com,0987342458,Fibra 200MB,40.44,64,2333.41,one-year,credit_card,1,4.27,0
1833,Cliente 1833,cliente1833@example.com,0971900828,Plan Familiar,52.38,67,3561.03,month-to-month,credit_card,0,2.91,0
1834,Cliente 1834,cliente1834@example.com,0902815731,Fibra 1GB,73.42,25,1675.33,one-year,bank_transfer,1,2.68,0
1835,Cliente 1835,cliente1835@example.com,0986977664,Fibra 1GB,40.11,3,110.22,month-to-month,credit_card,1,4.01,0
1836,Cliente 1836,cliente1836@example.com,0998292794,Combo TV+Internet,54.92,47,2625.78,month-to-month,credit_card,1,3.37,0
1837,Cliente 1837,cliente1837@example.com,0919749151,Combo TV+Internet,60.81,6,366.11,one-year,credit_card,1,4.6,0
1838,Cliente 1838,cliente1838@example.com,0913515710,Combo TV+Internet,41.46,20,816.17,one-year,bank_transfer,0,4.02,0
1839,Cliente 1839,cliente1839@example.com,0974184135,Combo TV+Internet,65.67,51,3426.49,month-to-month,credit_card,1,5.0,0
1840,Cliente 1840,cliente1840@example.com,0929603310,Plan Ilimitado,66.64,43,2944.91,one-year,bank_transfer,0,3.09,0
1841,Cliente 1841,cliente1841@example.com,0916241996,Fibra 500MB,69.85,44,2976.98,month-to-month,bank_transfer,0,4.77,0
1842,Cliente 1842,cliente1842@example.com,0936396107,Plan Prepago Movil,53.25,54,3017.68,month-to-month,bank_transfer,1,5.0,0
1843,Cliente 1843,cliente1843@example.com,0977362631,Fibra 1GB,87.48,12,1001.09,month-to-month,credit_card,3,3.66,0
1844,Cliente 1844,cliente1844@example.com,0988766758,Fibra 500MB,33.92,57,1789.84,one-year,cash,3,4.15,0
1845,Cliente 1845,cliente1845@example.com,0975595180,Fibra 200MB,83.23,42,3589.68,one-year,credit_card,3,2.58,0
1846,Cliente 1846,cliente1846@example.com,0923021582,Plan Prepago Movil,58.83,30,1698.43,one-year,cash,4,4.58,1
1847,Cliente 1847,cliente1847@example.com,0936695784,Fibra 200MB,69.13,33,2352.41,two-year,bank_transfer,1,4.84,0
1848,Cliente 1848,cliente1848@example.com,0989176852,Plan Prepago Movil,39.24,37,1320.01,one-year,credit_card,1,3.06,0
1849,Cliente 1849,cliente1849@example.com,0946801250,Fibra 1GB,60.2,40,2207.31,one-year,bank_transfer,0,4.24,0
1850,Cliente 1850,cliente1850@example.com,0997902476,Fibra 200MB,70.69,24,1537.15,two-year,bank_transfer,4,3.91,0
1851,Cliente 1851,cliente1851@example.com,0943336849,Plan Prepago Movil,25.43,16,402.93,month-to-month,bank_transfer,0,4.03,0
1852,Cliente 1852,cliente1852@example.com,0928079260,Fibra 500MB,42.06,12,517.23,month-to-month,credit_card,1,4.49,0
1853,Cliente 1853,cliente1853@example.com,0984499292,Internet Hogar 100MB,15.0,24,345.74,month-to-month,bank_transfer,1,4.17,0
1854,Cliente 1854,cliente1854@example.com,0987553458,Plan Ilimitado,41.79,19,725.41,one-year,bank_transfer,0,3.45,0
1855,Cliente 1855,cliente1855@example.com,0945798384,Combo TV+Internet,30.31,37,1072.15,month-to-month,cash,2,,0
1856,Cliente 1856,cliente1856@example.com,0900234110,Fibra 200MB,41.08,66,2581.7,month-to-month,credit_card,2,4.82,0
1857,Cliente 1857,cliente1857@example.com,0992643201,Fibra 200MB,97.63,7,681.03,two-year,bank_transfer,2,2.99,1
1858,Cliente 1858,cliente1858@example.com,0964919079,Internet Hogar 100MB,75.92,22,1666.6,two-year,bank_transfer,1,3.6,0
1859,Cliente 1859,cliente1859@example.com,0914982134,Combo TV+Internet,19.09,3,52.43,month-to-month,bank_transfer,0,,0
1860,Cliente 1860,cliente1860@example.com,0920443828,Plan Familiar,55.0,71,3760.62,month-to-month,bank_transfer,1,4.24,0
1861,Cliente 1861,cliente1861@example.com,0905926736,Internet Hogar 100MB,59.38,51,3017.41,month-to-month,credit_card,1,4.95,0
1862,Cliente 1862,cliente1862@example.com,0964341433,Fibra 500MB,38.92,17,621.17,month-to-month,bank_transfer,2,3.32,0
1863,Cliente 1863,cliente1863@example.com,0925002524,Fibra 1GB,48.21,30,1389.98,two-year,credit_card,2,3.75,0
1864,Cliente 1864,cliente1864@example.com,0914430624,Combo TV+Internet,49.97,52,2577.79,one-year,credit_card,3,3.36,0
1865,Cliente 1865,cliente1865@example.com,0971635043,Fibra 1GB,20.76,69,1375.76,month-to-month,bank_transfer,2,3.18,0
1866,Cliente 1866,cliente1866@example.com,0915636382,Plan Familiar,26.44,41,980.65,month-to-month,credit_card,3,3.86,0
1867,Cliente 1867,cliente1867@example.com,0973500905,Plan Prepago Movil,48.1,19,853.03,month-to-month,credit_card,2,2.74,0
1868,Cliente 1868,cliente1868@example.com,0946013935,Combo TV+Internet,46.79,50,2377.9,month-to-month,credit_card,2,3.34,1
1869,Cliente 1869,cliente1869@example.com,0954874329,Plan Ilimitado,32.25,50,1511.36,month-to-month,bank_transfer,1,2.6,0
1870,Cliente 1870,cliente1870@example.com,0911286974,Plan Familiar,30.7,47,1475.59,one-year,cash,1,4.25,0
1871,Cliente 1871,cliente1871@example.com,0908609663,Plan Ilimitado,43.38,3,126.24,month-to-month,bank_transfer,1,3.86,1
1872,Cliente 1872,cliente1872@example.com,0933040526,Plan Familiar,60.95,51,3018.11,two-year,credit_card,2,3.13,0
1873,Cliente 1873,cliente1873@example.com,0932130246,Combo TV+Internet,43.62,1,44.3,month-to-month,cash,2,3.64,0
1874,Cliente 1874,cliente1874@example.com,0941746909,Plan Familiar,74.21,66,4689.67,one-year,credit_card,4,3.36,0
1875,Cliente 1875,cliente1875@example.com,0995022564,Fibra 1GB,32.48,64,1945.21,month-to-month,cash,0,4.86,0
1876,Cliente 1876,cliente1876@example.com,0930990393,Fibra 1GB,48.48,41,1820.23,month-to-month,bank_transfer,0,3.11,0
1877,Cliente 1877,cliente1877@example.com,0965683742,Plan Familiar,38.62,47,1816.57,two-year,credit_card,1,4.3,0
1878,Cliente 1878,cliente1878@example.com,0907682701,Plan Familiar,55.58,4,215.76,one-year,bank_transfer,1,2.82,0
1879,Cliente 1879,cliente1879@example.com,0955588125,Plan Prepago Movil,30.93,63,1990.31,month-to-month,credit_card,0,4.5,0
1880,Cliente 1880,cliente1880@example.com,0996163172,Combo TV+Internet,79.69,19,1466.64,month-to-month,bank_transfer,1,4.74,1
1881,Cliente 1881,cliente1881@example.com,0975422364,Fibra 500MB,15.0,19,274.23,one-year,credit_card,0,4.79,0
1882,Cliente 1882,cliente1882@example.com,0900253924,Plan Prepago Movil,75.88,51,3656.37,two-year,cash,3,5.0,0
1883,Cliente 1883,cliente1883@example.com,0932820564,Combo TV+Internet,46.62,68,2947.98,one-year,bank_transfer,1,3.92,0
1884,Cliente 1884,cliente1884@example.com,0948368353,Plan Ilimitado,54.94,36,2026.43,month-to-month,cash,1,4.96,0
1885,Cliente 1885,cliente1885@example.com,0965821462,Plan Prepago Movil,69.02,37,2334.84,month-to-month,cash,1,5.0,0
1886,Cliente 1886,cliente1886@example.com,0995853812,Fibra 500MB,60.44,40,2502.99,month-to-month,credit_card,4,2.37,1
1887,Cliente 1887,cliente1887@example.com,0979254746,Plan Prepago Movil,31.86,21,604.85,month-to-month,bank_transfer,0,2.94,0
1888,Cliente 1888,cliente1888@example.com,0968161073,Fibra 200MB,55.8,43,2347.42,one-year,cash,0,1.95,0
1889,Cliente 1889,cliente1889@example.com,0979140898,Plan Prepago Movil,78.61,70,5000.57,one-year,credit_card,2,4.77,0
1890,Cliente 1890,cliente1890@example.com,0993286320,Plan Ilimitado,29.03,27,797.09,month-to-month,credit_card,1,1.94,0
1891,Cliente 1891,cliente1891@example.com,0906288421,Plan Ilimitado,83.13,56,4337.44,one-year,credit_card,1,1.64,0
1892,Cliente 1892,cliente1892@example.com,0926779653,Combo TV+Internet,51.94,56,2864.69,one-year,credit_card,0,2.39,0
1893,Cliente 1893,cliente1893@example.com,0933852108,Internet Hogar 100MB,37.2,62,2392.81,one-year,cash,0,1.69,0
1894,Cliente 1894,cliente1894@example.com,0921249815,Plan Prepago Movil,28.92,52,1499.91,month-to-month,bank_transfer,1,3.9,0
1895,Cliente 1895,cliente1895@example.com,0987427427,Fibra 200MB,40.98,67,2544.53,month-to-month,bank_transfer,1,2.41,0
1896,Cliente 1896,cliente1896@example.com,0988967231,Combo TV+Internet,15.0,52,795.21,month-to-month,cash,1,1.74,1
1897,Cliente 1897,cliente1897@example.com,0908450104,Plan Prepago Movil,37.53,71,2574.62,month-to-month,credit_card,1,3.55,0
1898,Cliente 1898,cliente1898@example.com,0951718965,Fibra 200MB,40.27,52,1888.77,month-to-month,bank_transfer,0,3.62,0
1899,Cliente 1899,cliente1899@example.com,0972986938,Combo TV+Internet,25.66,61,1523.02,month-to-month,credit_card,3,1.54,0
1900,Cliente 1900,cliente1900@example.com,0907295138,Plan Prepago Movil,58.46,64,3823.28,month-to-month,credit_card,0,2.81,0
1901,Cliente 1901,cliente1901@example.com,0983201031,Plan Ilimitado,41.06,71,2811.75,month-to-month,credit_card,0,3.52,0
1902,Cliente 1902,cliente1902@example.com,0907888118,Plan Ilimitado,33.56,43,1462.94,two-year,credit_card,0,3.21,0
1903,Cliente 1903,cliente1903@example.com,0907107700,Fibra 200MB,39.14,51,2007.78,one-year,credit_card,1,3.24,0
1904,Cliente 1904,cliente1904@example.com,0982959961,Fibra 1GB,51.39,70,3484.12,month-to-month,bank_transfer,0,4.9,0
1905,Cliente 1905,cliente1905@example.com,0983253729,Fibra 1GB,46.32,27,1186.22,two-year,credit_card,0,5.0,0
1906,Cliente 1906,cliente1906@example.com,0904988652,Plan Prepago Movil,32.38,8,261.37,month-to-month,credit_card,0,3.26,0
1907,Cliente 1907,cliente1907@example.com,0925336742,Fibra 200MB,47.26,64,2889.55,month-to-month,bank_transfer,1,2.15,1
1908,Cliente 1908,cliente1908@example.com,0912393954,Plan Familiar,44.09,46,1877.07,two-year,credit_card,1,3.34,0
1909,Cliente 1909,cliente1909@example.com,0927898086,Plan Prepago Movil,24.49,31,719.81,month-to-month,cash,2,3.81,0
1910,Cliente 1910,cliente1910@example.com,0952585177,Combo TV+Internet,39.81,52,2135.38,month-to-month,cash,0,3.54,0
1911,Cliente 1911,cliente1911@example.com,0962248800,Fibra 1GB,55.43,2,104.49,month-to-month,bank_transfer,2,4.27,1
1912,Cliente 1912,cliente1912@example.com,0909829537,Plan Ilimitado,55.3,34,1758.45,month-to-month,bank_transfer,0,5.0,0
1913,Cliente 1913,cliente1913@example.com,0901268545,Combo TV+Internet,40.86,19,714.24,one-year,bank_transfer,0,1.72,0
1914,Cliente 1914,cliente1914@example.com,0906846291,Internet Hogar 100MB,57.18,21,1090.64,month-to-month,bank_transfer,0,3.04,0
1915,Cliente 1915,cliente1915@example.com,0919548220,Plan Prepago Movil,27.36,70,2004.26,month-to-month,cash,2,5.0,0
1916,Cliente 1916,cliente1916@example.com,0957950128,Plan Ilimitado,27.92,40,1095.04,month-to-month,cash,0,3.03,0
1917,Cliente 1917,cliente1917@example.com,0959882503,Plan Prepago Movil,40.48,10,408.62,month-to-month,credit_card,0,4.47,0
1918,Cliente 1918,cliente1918@example.com,0931030622,Fibra 500MB,71.96,26,1900.79,month-to-month,bank_transfer,0,4.29,0
1919,Cliente 1919,cliente1919@example.com,0914159710,Internet Hogar 100MB,47.94,17,776.55,two-year,cash,1,4.96,0
1920,Cliente 1920,cliente1920@example.com,0988343529,Fibra 200MB,40.04,66,2695.06,one-year,credit_card,6,5.0,0
1921,Cliente 1921,cliente1921@example.com,0941382879,Combo TV+Internet,72.79,21,1596.19,month-to-month,bank_transfer,0,3.97,0
1922,Cliente 1922,cliente1922@example.com,0913810007,Combo TV+Internet,39.84,26,1047.51,one-year,bank_transfer,0,1.68,0
1923,Cliente 1923,cliente1923@example.com,0931731954,Internet Hogar 100MB,85.23,24,2059.35,month-to-month,bank_transfer,2,2.83,0
1924,Cliente 1924,cliente1924@example.com,0992570205,Plan Familiar,35.8,12,414.49,month-to-month,credit_card,3,5.0,0
1925,Cliente 1925,cliente1925@example.com,0961143167,Plan Ilimitado,26.79,56,1539.54,month-to-month,credit_card,0,2.04,0
1926,Cliente 1926,cliente1926@example.com,0943135918,Plan Prepago Movil,42.01,42,1611.49,month-to-month,credit_card,1,4.15,0
1927,Cliente 1927,cliente1927@example.com,0955390235,Internet Hogar 100MB,40.52,31,1271.76,one-year,bank_transfer,1,1.0,0
1928,Cliente 1928,cliente1928@example.com,0949154308,Plan Familiar,30.46,28,813.9,two-year,cash,0,2.11,1
1929,Cliente 1929,cliente1929@example.com,0921516720,Fibra 500MB,91.84,48,4341.74,month-to-month,cash,1,4.58,0
1930,Cliente 1930,cliente1930@example.com,0900437364,Plan Prepago Movil,50.74,7,367.24,month-to-month,credit_card,2,3.64,0
1931,Cliente 1931,cliente1931@example.com,0947554730,Plan Prepago Movil,53.36,68,3594.93,one-year,credit_card,1,3.19,0
1932,Cliente 1932,cliente1932@example.com,0943892442,Combo TV+Internet,36.69,41,1359.63,month-to-month,bank_transfer,0,2.7,0
1933,Cliente 1933,cliente1933@example.com,0909641422,Plan Prepago Movil,34.6,16,558.25,month-to-month,bank_transfer,4,1.4,1
1934,Cliente 1934,cliente1934@example.com,0996327687,Plan Prepago Movil,63.46,39,2572.34,two-year,bank_transfer,1,4.36,0
1935,Cliente 1935,cliente1935@example.com,0946300098,Plan Prepago Movil,15.0,62,926.56,two-year,credit_card,5,3.29,0
1936,Cliente 1936,cliente1936@example.com,0939712386,Plan Familiar,24.43,12,301.72,two-year,credit_card,2,1.93,0
1937,Cliente 1937,cliente1937@example.com,0938397601,Fibra 500MB,40.55,38,1577.56,month-to-month,bank_transfer,2,3.63,0
1938,Cliente 1938,cliente1938@example.com,0997283334,Fibra 1GB,69.32,43,3067.78,month-to-month,bank_transfer,2,4.24,1
1939,Cliente 1939,cliente1939@example.com,0971939850,Fibra 200MB,38.26,59,2148.12,month-to-month,credit_card,0,3.38,0
1940,Cliente 1940,cliente1940@example.com,0957907275,Plan Familiar,52.49,41,2089.95,two-year,cash,1,3.73,0
1941,Cliente 1941,cliente1941@example.com,0980563337,Combo TV+Internet,45.5,53,2477.1,month-to-month,bank_transfer,1,3.64,0
1942,Cliente 1942,cliente1942@example.com,0929249038,Plan Prepago Movil,68.33,56,3966.38,month-to-month,cash,0,2.82,0
1943,Cliente 1943,cliente1943@example.com,0932011852,Combo TV+Internet,16.47,65,987.08,month-to-month,bank_transfer,0,3.66,0
1944,Cliente 1944,cliente1944@example.com,0986322776,Plan Familiar,58.25,26,1404.29,one-year,bank_transfer,4,4.41,0
1945,Cliente 1945,cliente1945@example.com,0945856240,Fibra 1GB,41.42,51,2011.08,one-year,cash,0,4.74,0
1946,Cliente 1946,cliente1946@example.com,0948683777,Fibra 500MB,61.65,18,1126.95,one-year,cash,0,4.47,0
1947,Cliente 1947,cliente1947@example.com,0974353680,Fibra 500MB,30.25,61,1902.91,month-to-month,cash,1,2.86,0
1948,Cliente 1948,cliente1948@example.com,0964128307,Combo TV+Internet,45.44,69,3094.71,one-year,cash,3,4.3,0
1949,Cliente 1949,cliente1949@example.com,0923179909,Internet Hogar 100MB,43.15,21,830.93,month-to-month,bank_transfer,3,4.11,0
1950,Cliente 1950,cliente1950@example.com,0968083387,Plan Familiar,26.96,40,1019.69,month-to-month,credit_card,1,2.82,0
1951,Cliente 1951,cliente1951@example.com,0956390504,Plan Familiar,21.95,60,1354.6,month-to-month,credit_card,3,3.09,0
1952,Cliente 1952,cliente1952@example.com,0958979155,Internet Hogar 100MB,34.55,1,32.9,month-to-month,cash,2,4.35,0
1953,Cliente 1953,cliente1953@example.com,0905062936,Fibra 1GB,47.34,51,2210.14,month-to-month,credit_card,0,5.0,0
1954,Cliente 1954,cliente1954@example.com,0968336053,Plan Familiar,31.38,59,1750.17,two-year,bank_transfer,2,1.61,0
1955,Cliente 1955,cliente1955@example.com,0995781664,Combo TV+Internet,39.06,63,2512.47,month-to-month,cash,1,5.0,0
1956,Cliente 1956,cliente1956@example.com,0914090112,Fibra 500MB,15.0,14,204.54,month-to-month,cash,1,4.88,1
1957,Cliente 1957,cliente1957@example.com,0916174350,Fibra 1GB,38.33,55,1951.59,one-year,cash,1,3.82,0
1958,Cliente 1958,cliente1958@example.com,0955710093,Fibra 1GB,63.42,57,3422.97,one-year,bank_transfer,1,3.34,0
1959,Cliente 1959,cliente1959@example.com,0921249780,Fibra 200MB,57.69,0,0.0,month-to-month,bank_transfer,1,4.03,0
1960,Cliente 1960,cliente1960@example.com,0954145097,Combo TV+Internet,43.44,51,2137.44,one-year,cash,2,2.9,0
1961,Cliente 1961,cliente1961@example.com,0990099622,Plan Ilimitado,49.39,45,2147.52,month-to-month,credit_card,3,3.4,0
1962,Cliente 1962,cliente1962@example.com,0979648213,Fibra 500MB,30.09,70,1944.03,month-to-month,credit_card,2,1.98,0
1963,Cliente 1963,cliente1963@example.com,0946672609,Plan Prepago Movil,74.24,3,210.62,one-year,cash,3,1.68,1
1964,Cliente 1964,cliente1964@example.com,0949811941,Plan Prepago Movil,82.22,70,5883.19,one-year,bank_transfer,1,5.0,0
1965,Cliente 1965,cliente1965@example.com,0969623254,Plan Prepago Movil,47.97,41,2002.03,month-to-month,bank_transfer,0,3.67,0
1966,Cliente 1966,cliente1966@example.com,0931088124,Plan Ilimitado,91.63,20,1769.05,month-to-month,credit_card,2,3.82,0
1967,Cliente 1967,cliente1967@example.com,0959667699,Combo TV+Internet,32.76,28,948.51,month-to-month,bank_transfer,1,3.57,0
1968,Cliente 1968,cliente1968@example.com,0940932171,Combo TV+Internet,22.48,55,1183.28,month-to-month,cash,5,2.69,0
1969,Cliente 1969,cliente1969@example.com,0992062216,Plan Prepago Movil,32.23,72,2389.36,two-year,bank_transfer,2,3.26,0
1970,Cliente 1970,cliente1970@example.com,0927244581,Plan Ilimitado,41.05,23,854.21,month-to-month,credit_card,2,3.7,0
1971,Cliente 1971,cliente1971@example.com,0927840865,Combo TV+Internet,86.62,71,5855.34,two-year,bank_transfer,1,3.38,0
1972,Cliente 1972,cliente1972@example.com,0936237394,Fibra 200MB,39.94,45,1848.09,month-to-month,cash,3,2.77,0
1973,Cliente 1973,cliente1973@example.com,0956653870,Plan Ilimitado,29.53,14,427.97,two-year,cash,0,4.13,0
1974,Cliente 1974,cliente1974@example.com,0969593241,Fibra 500MB,28.83,43,1256.38,month-to-month,credit_card,0,3.81,0
1975,Cliente 1975,cliente1975@example.com,0905004215,Plan Familiar,65.52,58,3801.98,month-to-month,bank_transfer,0,4.03,1
1976,Cliente 1976,cliente1976@example.com,0936417971,Plan Prepago Movil,62.95,3,193.07,month-to-month,credit_card,0,4.38,0
1977,Cliente 1977,cliente1977@example.com,0951018958,Fibra 200MB,36.26,5,182.41,month-to-month,bank_transfer,1,3.41,0
1978,Cliente 1978,cliente1978@example.com,0940976090,Plan Prepago Movil,15.0,0,0.0,two-year,credit_card,0,3.41,0
1979,Cliente 1979,cliente1979@example.com,0900981455,Internet Hogar 100MB,24.69,41,981.86,one-year,bank_transfer,1,5.0,0
1980,Cliente 1980,cliente1980@example.com,0920096982,Plan Prepago Movil,75.98,4,303.65,one-year,bank_transfer,0,2.56,0
1981,Cliente 1981,cliente1981@example.com,0906269924,Plan Prepago Movil,57.4,68,3857.03,month-to-month,credit_card,3,1.54,0
1982,Cliente 1982,cliente1982@example.com,0972535684,Fibra 200MB,46.18,9,429.24,one-year,credit_card,1,4.21,0
1983,Cliente 1983,cliente1983@example.com,0920684844,Fibra 500MB,78.64,5,381.83,one-year,credit_card,2,2.91,0
1984,Cliente 1984,cliente1984@example.com,0905545561,Plan Prepago Movil,80.25,18,1338.62,two-year,credit_card,2,2.41,1
1985,Cliente 1985,cliente1985@example.com,0954346920,Internet Hogar 100MB,44.35,55,2273.84,one-year,bank_transfer,0,4.57,0
1986,Cliente 1986,cliente1986@example.com,0933045864,Plan Familiar,44.68,66,3028.23,one-year,credit_card,2,3.44,0
1987,Cliente 1987,cliente1987@example.com,0962154285,Fibra 200MB,34.52,18,560.04,month-to-month,credit_card,0,2.21,0
1988,Cliente 1988,cliente1988@example.com,0956258680,Combo TV+Internet,39.88,37,1520.37,two-year,cash,1,5.0,0
1989,Cliente 1989,cliente1989@example.com,0976891498,Fibra 200MB,18.25,56,928.32,month-to-month,credit_card,2,1.83,0
1990,Cliente 1990,cliente1990@example.com,0915375349,Internet Hogar 100MB,18.17,58,1010.39,month-to-month,cash,1,3.5,0
1991,Cliente 1991,cliente1991@example.com,0932110055,Plan Familiar,15.0,11,168.3,two-year,bank_transfer,1,1.52,0
1992,Cliente 1992,cliente1992@example.com,0976164166,Plan Prepago Movil,64.52,61,3782.79,month-to-month,bank_transfer,0,3.9,0
1993,Cliente 1993,cliente1993@example.com,0941071264,Plan Familiar,16.89,63,1088.92,month-to-month,bank_transfer,2,2.89,0
1994,Cliente 1994,cliente1994@example.com,0983830769,Fibra 1GB,80.1,53,3884.64,month-to-month,credit_card,0,4.5,0
1995,Cliente 1995,cliente1995@example.com,0905742206,Plan Ilimitado,31.85,38,1182.14,month-to-month,cash,2,3.58,0
1996,Cliente 1996,cliente1996@example.com,0974079604,Internet Hogar 100MB,76.27,28,2108.59,two-year,cash,2,5.0,0
1997,Cliente 1997,cliente1997@example.com,0959407624,Fibra 500MB,38.43,64,2542.23,two-year,credit_card,3,3.13,0
1998,Cliente 1998,cliente1998@example.com,0901302631,Plan Prepago Movil,16.81,63,968.0,month-to-month,bank_transfer,3,1.84,0
1999,Cliente 1999,cliente1999@example.com,0968538306,Plan Familiar,68.11,37,2396.06,two-year,bank_transfer,1,3.86,0
2000,Cliente 2000,cliente2000@example.com,0972304425,Plan Ilimitado,70.23,54,3788.26,one-year,cash,1,3.32,0
