interaction_id,ticket_id,agent_response,customer_msg,sentiment,resolution_time
1,357,"Con gusto le ayudo, ¿me confirma su número de cliente?","Esto es inaceptable, llevo tres días sin internet y nadie resuelve nada",negative,24.46
2,626,"Lamento el inconveniente, procedo a escalar su caso de inmediato.","Ok, entendido, voy a revisar la informacion enviada",neutral,1.19
3,111,"Entiendo su situación, permítame revisar su cuenta para ayudarle.","Estoy muy molesto, ya es la tercera vez que reporto lo mismo",negative,2.19
4,303,"Gracias por contactarnos, en un momento verifico la información.","Necesito más información sobre el proceso, por favor!!",neutral,15.82
5,485,"Lamento el inconveniente, procedo a escalar su caso de inmediato.","Excelente atención, el problema se solucionó muy rápido",positive,12.16
6,106,"Lamento el inconveniente, procedo a escalar su caso de inmediato.","Está bien, quedo pendiente de la respuesta",neutral,15.78
7,228,"Entiendo su situación, permítame revisar su cuenta para ayudarle.","Necesito más información sobre el proceso, por favor!!",neutral,0.75
8,90,"Su pago fue verificado correctamente, no hay ninguna irregularidad.","Estoy muy molesto, ya es la tercera vez que reporto lo mismo",negative,4.01
9,427,"Su pago fue verificado correctamente, no hay ninguna irregularidad.","Esto es inaceptable, llevo tres días sin internet y nadie resuelve nada",negative,7.49
10,545,"Su pago fue verificado correctamente, no hay ninguna irregularidad.","Pésimo servicio, quiero hablar con un supervisor urgente",negative,7.26
11,129,"Con gusto le ayudo, ¿me confirma su número de cliente?","Entiendo, gracias por la información proporcionada!!",neutral,5.82
12,190,"Con gusto le ayudo, ¿me confirma su número de cliente?","Excelente atención, el problema se solucionó muy rápido",positive,4.35
13,120,"Entiendo su situación, permítame revisar su cuenta para ayudarle.","estoy realmente frustrado, nadie me da una solucion definitiva",negative,1.96
14,36,"Lamento el inconveniente, procedo a escalar su caso de inmediato.",Es indignante el tiempo que llevo esperando una respuesta,negative,3.45
15,602,"Su pago fue verificado correctamente, no hay ninguna irregularidad.","excelente atención, el problema se solucionó muy rápido",positive,7.27
16,5,"Gracias por contactarnos, en un momento verifico la información.",Es indignante el tiempo que llevo esperando una respuesta,negative,3.68
17,284,"Ya generé la solicitud, un técnico se comunicará en las próximas horas.",¿Cuánto tiempo tarda en aplicarse este cambio?,neutral,0.76
18,375,"Con gusto le ayudo, ¿me confirma su número de cliente?",Me encantó la rapidez con la que atendieron mi caso,positive,0.87
19,291,"Con gusto le ayudo, ¿me confirma su número de cliente?","Pésimo servicio, quiero hablar con un supervisor urgente",negative,8.22
20,601,"Con gusto le ayudo, ¿me confirma su número de cliente?","Entiendo, gracias por la información proporcionada",neutral,1.1
21,187,"Entiendo su situación, permítame revisar su cuenta para ayudarle.","Ya no aguanto más este servicio, quiero cancelar ya mismo",negative,2.32
22,432,"Gracias por contactarnos, en un momento verifico la información.","Entiendo, gracias por la información proporcionada",neutral,1.22
23,725,"Su pago fue verificado correctamente, no hay ninguna irregularidad.",Solo queria confirmar el estado de mi solicitud,neutral,13.8
24,646,"Ya generé la solicitud, un técnico se comunicará en las próximas horas.","Está bien, quedo pendiente de la respuesta",neutral,5.71
25,264,"Ya generé la solicitud, un técnico se comunicará en las próximas horas.",Quedé muy satisfecho con la solución que me dieron,positive,10.86
26,527,"Entiendo su situación, permítame revisar su cuenta para ayudarle.",¿Podrían confirmarme el horario de atención mañana?,neutral,5.37
27,222,"Ya generé la solicitud, un técnico se comunicará en las próximas horas.",No puede ser que sigan cobrando mal después de tantos reclamos,negative,6.28
28,278,"Su pago fue verificado correctamente, no hay ninguna irregularidad.","De acuerdo, esperaré la llamada del técnico",neutral,6.45
29,713,"Su pago fue verificado correctamente, no hay ninguna irregularidad.","De acuerdo, esperaré la llamada del técnico",neutral,1.5
30,667,"Gracias por contactarnos, en un momento verifico la información.","Estoy realmente frustrado, nadie me da una solución definitiva",negative,17.75
31,541,"Con gusto le ayudo, ¿me confirma su número de cliente?","Entiendo, gracias por la información proporcionada",neutral,7.28
32,44,"Con gusto le ayudo, ¿me confirma su número de cliente?",es indignante el tiempo que llevo esperando una respuesta,negative,5.25
33,183,"Gracias por contactarnos, en un momento verifico la información.","estoy muy molesto, ya es la tercera vez que reporto lo mismo",negative,1.61
34,650,"Con gusto le ayudo, ¿me confirma su número de cliente?","Ok, entendido, voy a revisar la información enviada",neutral,2.63
35,22,"Entiendo su situación, permítame revisar su cuenta para ayudarle.",Es la peor experiencia que he tenido con un proveedor de internet,negative,0.95
36,354,"Con gusto le ayudo, ¿me confirma su número de cliente?","Necesito más información sobre el proceso, por favor",neutral,3.3
37,651,"Lamento el inconveniente, procedo a escalar su caso de inmediato.",Es la peor experiencia que he tenido con un proveedor de internet,negative,5.89
38,456,"Su pago fue verificado correctamente, no hay ninguna irregularidad.","esta bien, quedo pendiente de la respuesta",neutral,8.72
39,560,"Lamento el inconveniente, procedo a escalar su caso de inmediato.","muy buen servicio, el agente fue muy amable y resolvió todo",positive,4.76
40,467,"Ya generé la solicitud, un técnico se comunicará en las próximas horas.","Perfecto, eso era justo lo que necesitaba, gracias",positive,13.59
41,539,"Lamento el inconveniente, procedo a escalar su caso de inmediato.","Está bien, quedo pendiente de la respuesta",neutral,6.47
42,584,"Gracias por contactarnos, en un momento verifico la información.","Estoy muy molesto, ya es la tercera vez que reporto lo mismo",negative,10.48
43,728,"Lamento el inconveniente, procedo a escalar su caso de inmediato.","Muy buen servicio, el agente fue muy amable y resolvio todo",positive,2.81
44,654,"Su pago fue verificado correctamente, no hay ninguna irregularidad.",No puede ser que sigan cobrando mal después de tantos reclamos,negative,1.03
45,331,"Ya generé la solicitud, un técnico se comunicará en las próximas horas.",Es la peor experiencia que he tenido con un proveedor de internet,negative,11.58
46,401,"Lamento el inconveniente, procedo a escalar su caso de inmediato.","Todo excelente, seguiré siendo cliente sin duda",positive,1.5
47,432,"Ya generé la solicitud, un técnico se comunicará en las próximas horas.","Necesito más información sobre el proceso, por favor",neutral,1.97
48,28,"Gracias por contactarnos, en un momento verifico la información.","Entiendo, gracias por la información proporcionada",neutral,8.77
49,64,"Ya generé la solicitud, un técnico se comunicará en las próximas horas.","Ya no aguanto más este servicio, quiero cancelar ya mismo",negative,30.04
50,271,"Entiendo su situación, permítame revisar su cuenta para ayudarle.","Perfecto, eso era justo lo que necesitaba, gracias",positive,6.65
51,459,"Su pago fue verificado correctamente, no hay ninguna irregularidad.","Muchas gracias, quedo todo resuelto perfectamente!!",positive,6.19
52,590,"Lamento el inconveniente, procedo a escalar su caso de inmediato.",Es la peor experiencia que he tenido con un proveedor de internet,negative,2.0
53,424,"Gracias por contactarnos, en un momento verifico la información.",No puede ser que sigan cobrando mal después de tantos reclamos!!,negative,0.86
54,449,"Su pago fue verificado correctamente, no hay ninguna irregularidad.","Pésimo servicio, quiero hablar con un supervisor urgente",negative,6.47
55,179,"Entiendo su situación, permítame revisar su cuenta para ayudarle.","Muy buen servicio, el agente fue muy amable y resolvio todo",positive,5.78
56,671,"Lamento el inconveniente, procedo a escalar su caso de inmediato.","Genial, ya funciona el internet, gracias por la ayuda",positive,7.34
57,148,"Ya generé la solicitud, un técnico se comunicará en las próximas horas.",me encantó la rapidez con la que atendieron mi caso!!,positive,0.93
58,649,"Su pago fue verificado correctamente, no hay ninguna irregularidad.",Es la peor experiencia que he tenido con un proveedor de internet,negative,1.24
59,511,"Con gusto le ayudo, ¿me confirma su número de cliente?","Pésimo servicio, quiero hablar con un supervisor urgente",negative,3.35
60,621,"Con gusto le ayudo, ¿me confirma su número de cliente?",¿Podrían confirmarme el horario de atención mañana?,neutral,15.8
61,736,"Su pago fue verificado correctamente, no hay ninguna irregularidad.",Solo quería confirmar el estado de mi solicitud,neutral,1.45
62,292,"Gracias por contactarnos, en un momento verifico la información.","Perfecto, eso era justo lo que necesitaba, gracias",positive,1.3
63,494,"Su pago fue verificado correctamente, no hay ninguna irregularidad.",¿Podrían confirmarme el horario de atención mañana?,neutral,2.2
64,714,"Ya generé la solicitud, un técnico se comunicará en las próximas horas.","Estoy realmente frustrado, nadie me da una solución definitiva",negative,0.62
65,681,"Con gusto le ayudo, ¿me confirma su número de cliente?","Muchas gracias, quedó todo resuelto perfectamente",positive,4.55
66,640,"Su pago fue verificado correctamente, no hay ninguna irregularidad.","Está bien, quedo pendiente de la respuesta",neutral,2.47
67,694,"Su pago fue verificado correctamente, no hay ninguna irregularidad.","Necesito más información sobre el proceso, por favor",neutral,3.46
68,384,"Entiendo su situación, permítame revisar su cuenta para ayudarle.",Quedé muy satisfecho con la solución que me dieron,positive,9.93
69,233,"Entiendo su situación, permítame revisar su cuenta para ayudarle.",Me encantó la rapidez con la que atendieron mi caso,positive,0.59
70,62,"Lamento el inconveniente, procedo a escalar su caso de inmediato.","Excelente atención, el problema se solucionó muy rápido",positive,4.38
71,435,"Gracias por contactarnos, en un momento verifico la información.",es la peor experiencia que he tenido con un proveedor de internet,negative,6.54
72,533,"Ya generé la solicitud, un técnico se comunicará en las próximas horas.","Muy buen servicio, el agente fue muy amable y resolvió todo",positive,5.51
73,125,"Ya generé la solicitud, un técnico se comunicará en las próximas horas.","Todo excelente, seguiré siendo cliente sin duda",positive,6.57
74,643,"Ya generé la solicitud, un técnico se comunicará en las próximas horas.","Necesito más información sobre el proceso, por favor",neutral,10.59
75,172,"Su pago fue verificado correctamente, no hay ninguna irregularidad.","Entiendo, gracias por la informacion proporcionada",neutral,12.43
76,581,"Ya generé la solicitud, un técnico se comunicará en las próximas horas.","genial, ya funciona el internet, gracias por la ayuda",positive,3.28
77,721,"Ya generé la solicitud, un técnico se comunicará en las próximas horas.","Estoy muy molesto, ya es la tercera vez que reporto lo mismo",negative,5.76
78,110,"Su pago fue verificado correctamente, no hay ninguna irregularidad.",No puede ser que sigan cobrando mal después de tantos reclamos,negative,6.97
79,58,"Con gusto le ayudo, ¿me confirma su número de cliente?","Necesito más información sobre el proceso, por favor",neutral,1.81
80,198,"Con gusto le ayudo, ¿me confirma su número de cliente?",Es indignante el tiempo que llevo esperando una respuesta,negative,8.35
81,475,"Con gusto le ayudo, ¿me confirma su número de cliente?","Necesito mas informacion sobre el proceso, por favor",neutral,3.04
82,233,"Gracias por contactarnos, en un momento verifico la información.","Esto es inaceptable, llevo tres días sin internet y nadie resuelve nada",negative,5.91
83,28,"Ya generé la solicitud, un técnico se comunicará en las próximas horas.","Perfecto, eso era justo lo que necesitaba, gracias",positive,6.0
84,92,"Su pago fue verificado correctamente, no hay ninguna irregularidad.",Solo quería confirmar el estado de mi solicitud,neutral,0.88
85,790,"Con gusto le ayudo, ¿me confirma su número de cliente?","Perfecto, eso era justo lo que necesitaba, gracias",positive,2.42
86,555,"Entiendo su situación, permítame revisar su cuenta para ayudarle.","Muchas gracias, quedó todo resuelto perfectamente",positive,1.24
87,486,"Lamento el inconveniente, procedo a escalar su caso de inmediato.",¿Cuánto tiempo tarda en aplicarse este cambio?,neutral,2.87
88,207,"Gracias por contactarnos, en un momento verifico la información.","esto es inaceptable, llevo tres dias sin internet y nadie resuelve nada",negative,1.7
89,704,"Lamento el inconveniente, procedo a escalar su caso de inmediato.","Pésimo servicio, quiero hablar con un supervisor urgente!!",negative,6.86
90,95,"Su pago fue verificado correctamente, no hay ninguna irregularidad.",Es la peor experiencia que he tenido con un proveedor de internet,negative,15.84
91,451,"Con gusto le ayudo, ¿me confirma su número de cliente?","Estoy realmente frustrado, nadie me da una solución definitiva",negative,4.51
92,779,"Gracias por contactarnos, en un momento verifico la información.",Es indignante el tiempo que llevo esperando una respuesta,negative,3.12
93,784,"Entiendo su situación, permítame revisar su cuenta para ayudarle.","Entiendo, gracias por la información proporcionada",neutral,10.16
94,289,"Con gusto le ayudo, ¿me confirma su número de cliente?","Muchas gracias, quedó todo resuelto perfectamente",positive,3.79
95,579,"Ya generé la solicitud, un técnico se comunicará en las próximas horas.","excelente atención, el problema se solucionó muy rápido",positive,11.31
96,583,"Entiendo su situación, permítame revisar su cuenta para ayudarle.","excelente atención, el problema se solucionó muy rápido",positive,1.79
97,508,"Lamento el inconveniente, procedo a escalar su caso de inmediato.","Ok, entendido, voy a revisar la información enviada",neutral,9.09
98,709,"Gracias por contactarnos, en un momento verifico la información.","Pésimo servicio, quiero hablar con un supervisor urgente",negative,2.56
99,593,"Entiendo su situación, permítame revisar su cuenta para ayudarle.","Muchas gracias, quedó todo resuelto perfectamente!!",positive,1.61
100,593,"Con gusto le ayudo, ¿me confirma su número de cliente?",¿Podrían confirmarme el horario de atención mañana?,neutral,1.8
101,627,"Con gusto le ayudo, ¿me confirma su número de cliente?",¿Podrían confirmarme el horario de atención mañana?,neutral,4.76
102,20,"Su pago fue verificado correctamente, no hay ninguna irregularidad.","Estoy muy molesto, ya es la tercera vez que reporto lo mismo",negative,2.75
103,573,"Gracias por contactarnos, en un momento verifico la información.","Está bien, quedo pendiente de la respuesta",neutral,2.22
104,389,"Entiendo su situación, permítame revisar su cuenta para ayudarle.","Excelente atención, el problema se solucionó muy rápido!!",positive,0.62
105,2,"Su pago fue verificado correctamente, no hay ninguna irregularidad.","Pésimo servicio, quiero hablar con un supervisor urgente",negative,8.56
106,559,"Su pago fue verificado correctamente, no hay ninguna irregularidad.",¿Podrían confirmarme el horario de atención mañana?,neutral,4.27
107,529,"Gracias por contactarnos, en un momento verifico la información.","Muchas gracias, quedó todo resuelto perfectamente",positive,7.97
108,538,"Ya generé la solicitud, un técnico se comunicará en las próximas horas.","Perfecto, eso era justo lo que necesitaba, gracias",positive,0.56
109,266,"Con gusto le ayudo, ¿me confirma su número de cliente?","Todo excelente, seguiré siendo cliente sin duda",positive,38.94
110,726,"Su pago fue verificado correctamente, no hay ninguna irregularidad.",Me encantó la rapidez con la que atendieron mi caso,positive,12.53
111,133,"Entiendo su situación, permítame revisar su cuenta para ayudarle.",¿Podrían confirmarme el horario de atención mañana?,neutral,6.9
112,66,"Ya generé la solicitud, un técnico se comunicará en las próximas horas.",¿Podrían confirmarme el horario de atención mañana?,neutral,9.37
113,555,"Con gusto le ayudo, ¿me confirma su número de cliente?",Me encantó la rapidez con la que atendieron mi caso,positive,4.32
114,195,"Entiendo su situación, permítame revisar su cuenta para ayudarle.","Ya no aguanto más este servicio, quiero cancelar ya mismo",negative,21.56
115,685,"Gracias por contactarnos, en un momento verifico la información.","De acuerdo, esperaré la llamada del técnico",neutral,7.28
116,166,"Con gusto le ayudo, ¿me confirma su número de cliente?","Necesito más información sobre el proceso, por favor",neutral,7.13
117,210,"Gracias por contactarnos, en un momento verifico la información.","Entiendo, gracias por la información proporcionada",neutral,2.33
118,343,"Entiendo su situación, permítame revisar su cuenta para ayudarle.",Me encantó la rapidez con la que atendieron mi caso,positive,1.69
119,313,"Entiendo su situación, permítame revisar su cuenta para ayudarle.","Necesito más información sobre el proceso, por favor",neutral,5.12
120,269,"Ya generé la solicitud, un técnico se comunicará en las próximas horas.",Es indignante el tiempo que llevo esperando una respuesta,negative,12.57
121,415,"Su pago fue verificado correctamente, no hay ninguna irregularidad.","Muchas gracias, quedó todo resuelto perfectamente",positive,4.45
122,520,"Entiendo su situación, permítame revisar su cuenta para ayudarle.","Todo excelente, seguire siendo cliente sin duda",positive,0.98
123,530,"Entiendo su situación, permítame revisar su cuenta para ayudarle.","Ok, entendido, voy a revisar la información enviada",neutral,0.56
124,636,"Entiendo su situación, permítame revisar su cuenta para ayudarle.","Excelente atención, el problema se solucionó muy rápido",positive,0.92
125,579,"Ya generé la solicitud, un técnico se comunicará en las próximas horas.",Es la peor experiencia que he tenido con un proveedor de internet,negative,20.7
126,246,"Entiendo su situación, permítame revisar su cuenta para ayudarle.",Quedé muy satisfecho con la solución que me dieron,positive,1.11
127,271,"Ya generé la solicitud, un técnico se comunicará en las próximas horas.","Estoy realmente frustrado, nadie me da una solución definitiva",negative,4.78
128,796,"Ya generé la solicitud, un técnico se comunicará en las próximas horas.","Estoy realmente frustrado, nadie me da una solución definitiva!!",negative,3.22
129,107,"Entiendo su situación, permítame revisar su cuenta para ayudarle.","Excelente atención, el problema se solucionó muy rápido",positive,2.53
130,134,"Ya generé la solicitud, un técnico se comunicará en las próximas horas.",Quedé muy satisfecho con la solución que me dieron,positive,1.03
131,741,"Gracias por contactarnos, en un momento verifico la información.","De acuerdo, esperaré la llamada del técnico",neutral,7.15
132,493,"Con gusto le ayudo, ¿me confirma su número de cliente?","Pésimo servicio, quiero hablar con un supervisor urgente",negative,2.72
133,704,"Entiendo su situación, permítame revisar su cuenta para ayudarle.","Todo excelente, seguire siendo cliente sin duda",positive,2.51
134,287,"Ya generé la solicitud, un técnico se comunicará en las próximas horas.","Estoy realmente frustrado, nadie me da una solución definitiva",negative,2.16
135,444,"Lamento el inconveniente, procedo a escalar su caso de inmediato.","Todo excelente, seguiré siendo cliente sin duda",positive,1.1
136,5,"Con gusto le ayudo, ¿me confirma su número de cliente?","Estoy muy molesto, ya es la tercera vez que reporto lo mismo",negative,19.21
137,699,"Lamento el inconveniente, procedo a escalar su caso de inmediato.","Excelente atencion, el problema se soluciono muy rapido",positive,2.37
138,81,"Gracias por contactarnos, en un momento verifico la información.","Estoy realmente frustrado, nadie me da una solucion definitiva",negative,4.26
139,254,"Entiendo su situación, permítame revisar su cuenta para ayudarle.",solo queria confirmar el estado de mi solicitud,neutral,1.88
140,344,"Con gusto le ayudo, ¿me confirma su número de cliente?","Genial, ya funciona el internet, gracias por la ayuda",positive,21.01
141,793,"Con gusto le ayudo, ¿me confirma su número de cliente?","Genial, ya funciona el internet, gracias por la ayuda",positive,5.28
142,79,"Su pago fue verificado correctamente, no hay ninguna irregularidad.","Ok, entendido, voy a revisar la información enviada",neutral,12.35
143,568,"Gracias por contactarnos, en un momento verifico la información.",Es la peor experiencia que he tenido con un proveedor de internet,negative,0.99
144,212,"Ya generé la solicitud, un técnico se comunicará en las próximas horas.","De acuerdo, esperaré la llamada del técnico",neutral,1.5
145,627,"Gracias por contactarnos, en un momento verifico la información.","Estoy muy molesto, ya es la tercera vez que reporto lo mismo",negative,9.38
146,422,"Su pago fue verificado correctamente, no hay ninguna irregularidad.",¿Cuánto tiempo tarda en aplicarse este cambio?,neutral,35.9
147,274,"Ya generé la solicitud, un técnico se comunicará en las próximas horas.","Estoy muy molesto, ya es la tercera vez que reporto lo mismo",negative,43.93
148,219,"Lamento el inconveniente, procedo a escalar su caso de inmediato.",No puede ser que sigan cobrando mal después de tantos reclamos,negative,4.25
149,363,"Lamento el inconveniente, procedo a escalar su caso de inmediato.","Perfecto, eso era justo lo que necesitaba, gracias",positive,2.2
150,98,"Gracias por contactarnos, en un momento verifico la información.","Entiendo, gracias por la información proporcionada",neutral,13.93
151,648,"Con gusto le ayudo, ¿me confirma su número de cliente?","necesito mas informacion sobre el proceso, por favor",neutral,1.49
152,70,"Ya generé la solicitud, un técnico se comunicará en las próximas horas.",Me encantó la rapidez con la que atendieron mi caso,positive,5.72
153,660,"Entiendo su situación, permítame revisar su cuenta para ayudarle.","Estoy realmente frustrado, nadie me da una solución definitiva",negative,14.29
154,360,"Con gusto le ayudo, ¿me confirma su número de cliente?","Entiendo, gracias por la información proporcionada",neutral,2.23
155,375,"Ya generé la solicitud, un técnico se comunicará en las próximas horas.","Esto es inaceptable, llevo tres días sin internet y nadie resuelve nada",negative,0.7
156,323,"Lamento el inconveniente, procedo a escalar su caso de inmediato.",Me encantó la rapidez con la que atendieron mi caso,positive,15.71
157,198,"Su pago fue verificado correctamente, no hay ninguna irregularidad.",¿Cuánto tiempo tarda en aplicarse este cambio?,neutral,7.2
158,411,"Con gusto le ayudo, ¿me confirma su número de cliente?",¿Cuanto tiempo tarda en aplicarse este cambio?,neutral,2.88
159,130,"Entiendo su situación, permítame revisar su cuenta para ayudarle.","Esto es inaceptable, llevo tres dias sin internet y nadie resuelve nada",negative,5.52
160,778,"Su pago fue verificado correctamente, no hay ninguna irregularidad.","Está bien, quedo pendiente de la respuesta",neutral,3.77
161,418,"Entiendo su situación, permítame revisar su cuenta para ayudarle.",Quedé muy satisfecho con la solución que me dieron,positive,2.55
162,320,"Lamento el inconveniente, procedo a escalar su caso de inmediato.","Perfecto, eso era justo lo que necesitaba, gracias",positive,13.23
163,149,"Con gusto le ayudo, ¿me confirma su número de cliente?","Esta bien, quedo pendiente de la respuesta",neutral,3.65
164,563,"Gracias por contactarnos, en un momento verifico la información.","Excelente atención, el problema se solucionó muy rápido",positive,5.15
165,213,"Su pago fue verificado correctamente, no hay ninguna irregularidad.","Estoy muy molesto, ya es la tercera vez que reporto lo mismo",negative,3.45
166,697,"Lamento el inconveniente, procedo a escalar su caso de inmediato.","Estoy muy molesto, ya es la tercera vez que reporto lo mismo",negative,2.69
167,571,"Ya generé la solicitud, un técnico se comunicará en las próximas horas.","Estoy muy molesto, ya es la tercera vez que reporto lo mismo",negative,7.11
168,108,"Su pago fue verificado correctamente, no hay ninguna irregularidad.","Entiendo, gracias por la información proporcionada",neutral,1.18
169,175,"Su pago fue verificado correctamente, no hay ninguna irregularidad.","Excelente atención, el problema se solucionó muy rápido",positive,8.79
170,695,"Gracias por contactarnos, en un momento verifico la información.","De acuerdo, esperaré la llamada del técnico",neutral,1.94
171,159,"Entiendo su situación, permítame revisar su cuenta para ayudarle.",Quedé muy satisfecho con la solución que me dieron,positive,0.63
172,359,"Con gusto le ayudo, ¿me confirma su número de cliente?",Es la peor experiencia que he tenido con un proveedor de internet,negative,12.64
173,40,"Gracias por contactarnos, en un momento verifico la información.","Excelente atención, el problema se solucionó muy rápido",positive,0.62
174,606,"Su pago fue verificado correctamente, no hay ninguna irregularidad.","pésimo servicio, quiero hablar con un supervisor urgente",negative,2.74
175,203,"Entiendo su situación, permítame revisar su cuenta para ayudarle.","Ok, entendido, voy a revisar la informacion enviada",neutral,2.09
176,592,"Con gusto le ayudo, ¿me confirma su número de cliente?","ya no aguanto mas este servicio, quiero cancelar ya mismo",negative,3.85
177,173,"Entiendo su situación, permítame revisar su cuenta para ayudarle.","Ya no aguanto más este servicio, quiero cancelar ya mismo",negative,8.53
178,536,"Gracias por contactarnos, en un momento verifico la información.","Estoy realmente frustrado, nadie me da una solución definitiva",negative,5.79
179,769,"Lamento el inconveniente, procedo a escalar su caso de inmediato.",No puede ser que sigan cobrando mal después de tantos reclamos,negative,3.17
180,673,"Lamento el inconveniente, procedo a escalar su caso de inmediato.","entiendo, gracias por la informacion proporcionada",neutral,23.54
181,397,"Con gusto le ayudo, ¿me confirma su número de cliente?",Es indignante el tiempo que llevo esperando una respuesta,negative,2.56
182,628,"Con gusto le ayudo, ¿me confirma su número de cliente?","Muy buen servicio, el agente fue muy amable y resolvió todo",positive,1.61
183,771,"Ya generé la solicitud, un técnico se comunicará en las próximas horas.","Entiendo, gracias por la información proporcionada",neutral,1.74
184,674,"Lamento el inconveniente, procedo a escalar su caso de inmediato.","Muchas gracias, quedó todo resuelto perfectamente!!",positive,3.94
185,256,"Entiendo su situación, permítame revisar su cuenta para ayudarle.","Está bien, quedo pendiente de la respuesta!!",neutral,2.11
186,643,"Su pago fue verificado correctamente, no hay ninguna irregularidad.","De acuerdo, esperaré la llamada del técnico!!",neutral,11.8
187,285,"Con gusto le ayudo, ¿me confirma su número de cliente?",¿Podrían confirmarme el horario de atención mañana?,neutral,1.79
188,381,"Ya generé la solicitud, un técnico se comunicará en las próximas horas.","muchas gracias, quedó todo resuelto perfectamente",positive,1.16
189,266,"Su pago fue verificado correctamente, no hay ninguna irregularidad.","Muy buen servicio, el agente fue muy amable y resolvio todo",positive,11.34
190,434,"Con gusto le ayudo, ¿me confirma su número de cliente?","Muy buen servicio, el agente fue muy amable y resolvio todo",positive,3.68
191,744,"Ya generé la solicitud, un técnico se comunicará en las próximas horas.",Es indignante el tiempo que llevo esperando una respuesta,negative,5.77
192,163,"Entiendo su situación, permítame revisar su cuenta para ayudarle.","Excelente atención, el problema se solucionó muy rápido",positive,18.59
193,603,"Entiendo su situación, permítame revisar su cuenta para ayudarle.",Quedé muy satisfecho con la solución que me dieron,positive,4.21
194,180,"Su pago fue verificado correctamente, no hay ninguna irregularidad.",¿Podrian confirmarme el horario de atencion mañana?,neutral,1.51
195,543,"Gracias por contactarnos, en un momento verifico la información.","Entiendo, gracias por la informacion proporcionada",neutral,6.67
196,704,"Con gusto le ayudo, ¿me confirma su número de cliente?","De acuerdo, esperaré la llamada del técnico",neutral,11.8
197,644,"Su pago fue verificado correctamente, no hay ninguna irregularidad.","Ya no aguanto mas este servicio, quiero cancelar ya mismo",negative,17.34
198,561,"Lamento el inconveniente, procedo a escalar su caso de inmediato.","genial, ya funciona el internet, gracias por la ayuda",positive,7.41
199,144,"Gracias por contactarnos, en un momento verifico la información.","estoy muy molesto, ya es la tercera vez que reporto lo mismo",negative,9.18
200,501,"Ya generé la solicitud, un técnico se comunicará en las próximas horas.","Estoy muy molesto, ya es la tercera vez que reporto lo mismo",negative,3.13
201,575,"Lamento el inconveniente, procedo a escalar su caso de inmediato.","Todo excelente, seguiré siendo cliente sin duda",positive,0.83
202,680,"Con gusto le ayudo, ¿me confirma su número de cliente?","Muchas gracias, quedó todo resuelto perfectamente",positive,1.0
203,278,"Gracias por contactarnos, en un momento verifico la información.",Es la peor experiencia que he tenido con un proveedor de internet,negative,7.06
204,378,"Gracias por contactarnos, en un momento verifico la información.","Excelente atención, el problema se solucionó muy rápido",positive,7.78
205,767,"Lamento el inconveniente, procedo a escalar su caso de inmediato.",solo quería confirmar el estado de mi solicitud,neutral,3.82
206,136,"Lamento el inconveniente, procedo a escalar su caso de inmediato.","Ok, entendido, voy a revisar la información enviada!!",neutral,2.94
207,718,"Su pago fue verificado correctamente, no hay ninguna irregularidad.","Entiendo, gracias por la información proporcionada!!",neutral,3.57
208,342,"Ya generé la solicitud, un técnico se comunicará en las próximas horas.","Excelente atención, el problema se solucionó muy rápido",positive,12.17
209,628,"Ya generé la solicitud, un técnico se comunicará en las próximas horas.","Muchas gracias, quedo todo resuelto perfectamente",positive,15.89
210,203,"Con gusto le ayudo, ¿me confirma su número de cliente?",Me encantó la rapidez con la que atendieron mi caso,positive,6.48
211,703,"Con gusto le ayudo, ¿me confirma su número de cliente?","Excelente atención, el problema se solucionó muy rápido",positive,3.84
212,214,"Ya generé la solicitud, un técnico se comunicará en las próximas horas.",¿Cuánto tiempo tarda en aplicarse este cambio?,neutral,2.41
213,195,"Lamento el inconveniente, procedo a escalar su caso de inmediato.","Todo excelente, seguiré siendo cliente sin duda",positive,10.93
214,444,"Ya generé la solicitud, un técnico se comunicará en las próximas horas.","De acuerdo, esperaré la llamada del técnico",neutral,2.68
215,205,"Gracias por contactarnos, en un momento verifico la información.",Solo quería confirmar el estado de mi solicitud,neutral,0.71
216,522,"Entiendo su situación, permítame revisar su cuenta para ayudarle.","Genial, ya funciona el internet, gracias por la ayuda!!",positive,7.82
217,192,"Su pago fue verificado correctamente, no hay ninguna irregularidad.","De acuerdo, esperaré la llamada del técnico",neutral,7.49
218,625,"Gracias por contactarnos, en un momento verifico la información.","Muchas gracias, quedó todo resuelto perfectamente",positive,19.98
219,245,"Gracias por contactarnos, en un momento verifico la información.",¿Podrían confirmarme el horario de atención mañana?,neutral,2.02
220,590,"Con gusto le ayudo, ¿me confirma su número de cliente?",quedé muy satisfecho con la solución que me dieron,positive,17.03
221,545,"Con gusto le ayudo, ¿me confirma su número de cliente?","ok, entendido, voy a revisar la información enviada",neutral,1.48
222,260,"Su pago fue verificado correctamente, no hay ninguna irregularidad.","Excelente atención, el problema se solucionó muy rápido",positive,3.84
223,559,"Gracias por contactarnos, en un momento verifico la información.",¿Podrían confirmarme el horario de atención mañana?!!,neutral,7.7
224,237,"Entiendo su situación, permítame revisar su cuenta para ayudarle.","De acuerdo, esperaré la llamada del técnico",neutral,5.73
225,70,"Gracias por contactarnos, en un momento verifico la información.","Pésimo servicio, quiero hablar con un supervisor urgente",negative,17.35
226,383,"Lamento el inconveniente, procedo a escalar su caso de inmediato.","Entiendo, gracias por la informacion proporcionada",neutral,15.47
227,409,"Entiendo su situación, permítame revisar su cuenta para ayudarle.","Ya no aguanto más este servicio, quiero cancelar ya mismo",negative,6.45
228,310,"Con gusto le ayudo, ¿me confirma su número de cliente?","Estoy muy molesto, ya es la tercera vez que reporto lo mismo",negative,13.7
229,412,"Ya generé la solicitud, un técnico se comunicará en las próximas horas.","de acuerdo, esperare la llamada del tecnico",neutral,5.77
230,703,"Entiendo su situación, permítame revisar su cuenta para ayudarle.",Quedé muy satisfecho con la solución que me dieron,positive,9.85
231,52,"Entiendo su situación, permítame revisar su cuenta para ayudarle.",Quedé muy satisfecho con la solución que me dieron,positive,5.9
232,317,"Lamento el inconveniente, procedo a escalar su caso de inmediato.",¿Cuánto tiempo tarda en aplicarse este cambio?,neutral,17.09
233,229,"Con gusto le ayudo, ¿me confirma su número de cliente?",Me encantó la rapidez con la que atendieron mi caso!!,positive,3.53
234,266,"Entiendo su situación, permítame revisar su cuenta para ayudarle.","Ya no aguanto más este servicio, quiero cancelar ya mismo",negative,9.67
235,354,"Gracias por contactarnos, en un momento verifico la información.",Quedé muy satisfecho con la solución que me dieron,positive,17.43
236,315,"Su pago fue verificado correctamente, no hay ninguna irregularidad.","Genial, ya funciona el internet, gracias por la ayuda",positive,3.2
237,143,"Con gusto le ayudo, ¿me confirma su número de cliente?","Excelente atención, el problema se solucionó muy rápido",positive,1.24
238,27,"Lamento el inconveniente, procedo a escalar su caso de inmediato.",Me encantó la rapidez con la que atendieron mi caso,positive,3.38
239,64,"Su pago fue verificado correctamente, no hay ninguna irregularidad.",Es indignante el tiempo que llevo esperando una respuesta!!,negative,0.63
240,776,"Su pago fue verificado correctamente, no hay ninguna irregularidad.","Ok, entendido, voy a revisar la información enviada!!",neutral,0.74
241,188,"Gracias por contactarnos, en un momento verifico la información.","Muy buen servicio, el agente fue muy amable y resolvio todo",positive,11.31
242,394,"Lamento el inconveniente, procedo a escalar su caso de inmediato.","Está bien, quedo pendiente de la respuesta",neutral,1.09
243,36,"Con gusto le ayudo, ¿me confirma su número de cliente?",Quedé muy satisfecho con la solución que me dieron!!,positive,7.55
244,632,"Su pago fue verificado correctamente, no hay ninguna irregularidad.","Pésimo servicio, quiero hablar con un supervisor urgente!!",negative,1.84
245,238,"Su pago fue verificado correctamente, no hay ninguna irregularidad.","Muy buen servicio, el agente fue muy amable y resolvió todo",positive,6.26
246,378,"Su pago fue verificado correctamente, no hay ninguna irregularidad.","Muy buen servicio, el agente fue muy amable y resolvió todo",positive,14.13
247,784,"Su pago fue verificado correctamente, no hay ninguna irregularidad.",¿Cuanto tiempo tarda en aplicarse este cambio?,neutral,4.49
248,366,"Lamento el inconveniente, procedo a escalar su caso de inmediato.","De acuerdo, esperare la llamada del tecnico",neutral,2.44
249,33,"Gracias por contactarnos, en un momento verifico la información.","Estoy realmente frustrado, nadie me da una solución definitiva",negative,5.81
250,327,"Con gusto le ayudo, ¿me confirma su número de cliente?","Excelente atención, el problema se solucionó muy rápido",positive,6.72
251,298,"Lamento el inconveniente, procedo a escalar su caso de inmediato.","De acuerdo, esperaré la llamada del técnico",neutral,19.78
252,793,"Gracias por contactarnos, en un momento verifico la información.",Es indignante el tiempo que llevo esperando una respuesta,negative,2.74
253,405,"Con gusto le ayudo, ¿me confirma su número de cliente?",¿Cuanto tiempo tarda en aplicarse este cambio?!!,neutral,0.53
254,634,"Entiendo su situación, permítame revisar su cuenta para ayudarle.","Muy buen servicio, el agente fue muy amable y resolvió todo",positive,13.09
255,780,"Gracias por contactarnos, en un momento verifico la información.",Me encantó la rapidez con la que atendieron mi caso,positive,7.4
256,542,"Entiendo su situación, permítame revisar su cuenta para ayudarle.","Genial, ya funciona el internet, gracias por la ayuda",positive,16.13
257,593,"Con gusto le ayudo, ¿me confirma su número de cliente?","De acuerdo, esperaré la llamada del técnico",neutral,7.75
258,20,"Con gusto le ayudo, ¿me confirma su número de cliente?",Es indignante el tiempo que llevo esperando una respuesta,negative,0.72
259,448,"Gracias por contactarnos, en un momento verifico la información.",Solo quería confirmar el estado de mi solicitud,neutral,5.18
260,349,"Con gusto le ayudo, ¿me confirma su número de cliente?",Es la peor experiencia que he tenido con un proveedor de internet,negative,25.29
261,36,"Entiendo su situación, permítame revisar su cuenta para ayudarle.",¿Cuánto tiempo tarda en aplicarse este cambio?,neutral,4.06
262,469,"Ya generé la solicitud, un técnico se comunicará en las próximas horas.",Solo quería confirmar el estado de mi solicitud,neutral,6.16
263,530,"Con gusto le ayudo, ¿me confirma su número de cliente?",¿Cuánto tiempo tarda en aplicarse este cambio?,neutral,28.35
264,531,"Con gusto le ayudo, ¿me confirma su número de cliente?","Muchas gracias, quedó todo resuelto perfectamente",positive,9.91
265,789,"Entiendo su situación, permítame revisar su cuenta para ayudarle.","Todo excelente, seguiré siendo cliente sin duda",positive,14.81
266,379,"Ya generé la solicitud, un técnico se comunicará en las próximas horas.",No puede ser que sigan cobrando mal después de tantos reclamos,negative,3.12
267,14,"Con gusto le ayudo, ¿me confirma su número de cliente?","Todo excelente, seguire siendo cliente sin duda",positive,1.29
268,551,"Con gusto le ayudo, ¿me confirma su número de cliente?","Estoy muy molesto, ya es la tercera vez que reporto lo mismo",negative,7.12
269,638,"Con gusto le ayudo, ¿me confirma su número de cliente?",Es la peor experiencia que he tenido con un proveedor de internet,negative,1.89
270,56,"Con gusto le ayudo, ¿me confirma su número de cliente?","Está bien, quedo pendiente de la respuesta",neutral,2.4
271,329,"Lamento el inconveniente, procedo a escalar su caso de inmediato.","Muy buen servicio, el agente fue muy amable y resolvió todo",positive,0.92
272,612,"Lamento el inconveniente, procedo a escalar su caso de inmediato.","Esto es inaceptable, llevo tres días sin internet y nadie resuelve nada",negative,31.44
273,576,"Ya generé la solicitud, un técnico se comunicará en las próximas horas.","Ya no aguanto más este servicio, quiero cancelar ya mismo",negative,4.25
274,393,"Su pago fue verificado correctamente, no hay ninguna irregularidad.","Estoy realmente frustrado, nadie me da una solución definitiva",negative,6.54
275,574,"Gracias por contactarnos, en un momento verifico la información.","Genial, ya funciona el internet, gracias por la ayuda",positive,1.21
276,422,"Su pago fue verificado correctamente, no hay ninguna irregularidad.","Estoy muy molesto, ya es la tercera vez que reporto lo mismo",negative,0.96
277,252,"Su pago fue verificado correctamente, no hay ninguna irregularidad.",No puede ser que sigan cobrando mal después de tantos reclamos,negative,7.34
278,553,"Su pago fue verificado correctamente, no hay ninguna irregularidad.","Entiendo, gracias por la información proporcionada",neutral,1.43
279,455,"Lamento el inconveniente, procedo a escalar su caso de inmediato.","Necesito más información sobre el proceso, por favor",neutral,6.16
280,293,"Su pago fue verificado correctamente, no hay ninguna irregularidad.","De acuerdo, esperaré la llamada del técnico!!",neutral,5.43
281,333,"Con gusto le ayudo, ¿me confirma su número de cliente?",Me encantó la rapidez con la que atendieron mi caso,positive,8.34
282,540,"Lamento el inconveniente, procedo a escalar su caso de inmediato.","Entiendo, gracias por la información proporcionada",neutral,1.44
283,735,"Entiendo su situación, permítame revisar su cuenta para ayudarle.","Ya no aguanto más este servicio, quiero cancelar ya mismo",negative,1.05
284,318,"Lamento el inconveniente, procedo a escalar su caso de inmediato.","Esto es inaceptable, llevo tres días sin internet y nadie resuelve nada",negative,2.94
285,282,"Ya generé la solicitud, un técnico se comunicará en las próximas horas.","Estoy realmente frustrado, nadie me da una solución definitiva",negative,10.26
286,578,"Con gusto le ayudo, ¿me confirma su número de cliente?","Muchas gracias, quedó todo resuelto perfectamente",positive,3.36
287,312,"Lamento el inconveniente, procedo a escalar su caso de inmediato.","De acuerdo, esperaré la llamada del técnico",neutral,9.21
288,647,"Ya generé la solicitud, un técnico se comunicará en las próximas horas.",Quedé muy satisfecho con la solución que me dieron,positive,5.24
289,232,"Lamento el inconveniente, procedo a escalar su caso de inmediato.","Ya no aguanto más este servicio, quiero cancelar ya mismo",negative,2.88
290,95,"Gracias por contactarnos, en un momento verifico la información.",¿Cuánto tiempo tarda en aplicarse este cambio?,neutral,19.76
291,711,"Ya generé la solicitud, un técnico se comunicará en las próximas horas.","Genial, ya funciona el internet, gracias por la ayuda",positive,3.98
292,81,"Gracias por contactarnos, en un momento verifico la información.",Quede muy satisfecho con la solucion que me dieron,positive,1.45
293,172,"Su pago fue verificado correctamente, no hay ninguna irregularidad.",¿Cuánto tiempo tarda en aplicarse este cambio?,neutral,3.59
294,414,"Su pago fue verificado correctamente, no hay ninguna irregularidad.","muchas gracias, quedó todo resuelto perfectamente!!",positive,2.66
295,488,"Su pago fue verificado correctamente, no hay ninguna irregularidad.","Perfecto, eso era justo lo que necesitaba, gracias",positive,3.95
296,760,"Con gusto le ayudo, ¿me confirma su número de cliente?",es indignante el tiempo que llevo esperando una respuesta,negative,0.91
297,129,"Gracias por contactarnos, en un momento verifico la información.","Ya no aguanto mas este servicio, quiero cancelar ya mismo",negative,2.69
298,767,"Entiendo su situación, permítame revisar su cuenta para ayudarle.","Muchas gracias, quedo todo resuelto perfectamente",positive,9.18
299,185,"Lamento el inconveniente, procedo a escalar su caso de inmediato.",Solo quería confirmar el estado de mi solicitud,neutral,2.52
300,798,"Con gusto le ayudo, ¿me confirma su número de cliente?","De acuerdo, esperaré la llamada del técnico",neutral,2.15
301,630,"Lamento el inconveniente, procedo a escalar su caso de inmediato.",¿Podrían confirmarme el horario de atención mañana?,neutral,28.03
302,174,"Entiendo su situación, permítame revisar su cuenta para ayudarle.",No puede ser que sigan cobrando mal después de tantos reclamos,negative,9.82
303,245,"Ya generé la solicitud, un técnico se comunicará en las próximas horas.","Ok, entendido, voy a revisar la información enviada",neutral,1.22
304,297,"Entiendo su situación, permítame revisar su cuenta para ayudarle.","Muy buen servicio, el agente fue muy amable y resolvio todo",positive,0.89
305,682,"Su pago fue verificado correctamente, no hay ninguna irregularidad.","Muy buen servicio, el agente fue muy amable y resolvió todo!!",positive,7.13
306,201,"Lamento el inconveniente, procedo a escalar su caso de inmediato.",Es indignante el tiempo que llevo esperando una respuesta,negative,5.98
307,406,"Gracias por contactarnos, en un momento verifico la información.","Pésimo servicio, quiero hablar con un supervisor urgente",negative,4.8
308,29,"Con gusto le ayudo, ¿me confirma su número de cliente?","Muchas gracias, quedó todo resuelto perfectamente",positive,12.96
309,413,"Gracias por contactarnos, en un momento verifico la información.","Todo excelente, seguiré siendo cliente sin duda",positive,1.23
310,384,"Entiendo su situación, permítame revisar su cuenta para ayudarle.",Me encantó la rapidez con la que atendieron mi caso,positive,7.66
311,57,"Gracias por contactarnos, en un momento verifico la información.","Muy buen servicio, el agente fue muy amable y resolvió todo",positive,5.05
312,232,"Gracias por contactarnos, en un momento verifico la información.",¿Cuánto tiempo tarda en aplicarse este cambio?,neutral,18.61
313,41,"Su pago fue verificado correctamente, no hay ninguna irregularidad.",Me encantó la rapidez con la que atendieron mi caso,positive,4.64
314,554,"Entiendo su situación, permítame revisar su cuenta para ayudarle.","Pésimo servicio, quiero hablar con un supervisor urgente",negative,8.6
315,430,"Lamento el inconveniente, procedo a escalar su caso de inmediato.",Solo quería confirmar el estado de mi solicitud,neutral,1.67
316,632,"Ya generé la solicitud, un técnico se comunicará en las próximas horas.","Necesito más información sobre el proceso, por favor",neutral,3.84
317,66,"Entiendo su situación, permítame revisar su cuenta para ayudarle.",Es indignante el tiempo que llevo esperando una respuesta,negative,10.31
318,187,"Gracias por contactarnos, en un momento verifico la información.",No puede ser que sigan cobrando mal despues de tantos reclamos,negative,9.44
319,50,"Con gusto le ayudo, ¿me confirma su número de cliente?",No puede ser que sigan cobrando mal despues de tantos reclamos,negative,4.02
320,149,"Ya generé la solicitud, un técnico se comunicará en las próximas horas.","Esto es inaceptable, llevo tres días sin internet y nadie resuelve nada",negative,6.09
321,644,"Lamento el inconveniente, procedo a escalar su caso de inmediato.","Entiendo, gracias por la información proporcionada",neutral,5.76
322,42,"Con gusto le ayudo, ¿me confirma su número de cliente?",Solo quería confirmar el estado de mi solicitud,neutral,9.9
323,645,"Lamento el inconveniente, procedo a escalar su caso de inmediato.","ya no aguanto más este servicio, quiero cancelar ya mismo",negative,21.02
324,370,"Entiendo su situación, permítame revisar su cuenta para ayudarle.",es indignante el tiempo que llevo esperando una respuesta,negative,3.12
325,502,"Con gusto le ayudo, ¿me confirma su número de cliente?","Necesito más información sobre el proceso, por favor",neutral,14.26
326,425,"Lamento el inconveniente, procedo a escalar su caso de inmediato.","Muchas gracias, quedó todo resuelto perfectamente",positive,2.98
327,601,"Lamento el inconveniente, procedo a escalar su caso de inmediato.","Muchas gracias, quedó todo resuelto perfectamente",positive,8.67
328,5,"Su pago fue verificado correctamente, no hay ninguna irregularidad.","Pésimo servicio, quiero hablar con un supervisor urgente",negative,11.1
329,603,"Su pago fue verificado correctamente, no hay ninguna irregularidad.","Esto es inaceptable, llevo tres días sin internet y nadie resuelve nada",negative,6.27
330,7,"Lamento el inconveniente, procedo a escalar su caso de inmediato.","Ok, entendido, voy a revisar la información enviada",neutral,1.52
331,68,"Lamento el inconveniente, procedo a escalar su caso de inmediato.",Es indignante el tiempo que llevo esperando una respuesta,negative,6.61
332,392,"Gracias por contactarnos, en un momento verifico la información.","De acuerdo, esperaré la llamada del técnico",neutral,2.78
333,565,"Entiendo su situación, permítame revisar su cuenta para ayudarle.","Genial, ya funciona el internet, gracias por la ayuda",positive,13.19
334,204,"Ya generé la solicitud, un técnico se comunicará en las próximas horas.",Es indignante el tiempo que llevo esperando una respuesta,negative,2.11
335,435,"Lamento el inconveniente, procedo a escalar su caso de inmediato.","Ok, entendido, voy a revisar la informacion enviada",neutral,3.74
336,791,"Gracias por contactarnos, en un momento verifico la información.","Excelente atención, el problema se solucionó muy rápido",positive,0.81
337,718,"Con gusto le ayudo, ¿me confirma su número de cliente?","Necesito más información sobre el proceso, por favor",neutral,6.49
338,630,"Ya generé la solicitud, un técnico se comunicará en las próximas horas.","Excelente atención, el problema se solucionó muy rápido",positive,1.0
339,766,"Con gusto le ayudo, ¿me confirma su número de cliente?","Pésimo servicio, quiero hablar con un supervisor urgente!!",negative,12.45
340,506,"Lamento el inconveniente, procedo a escalar su caso de inmediato.",Solo queria confirmar el estado de mi solicitud,neutral,3.84
341,237,"Gracias por contactarnos, en un momento verifico la información.","Necesito más información sobre el proceso, por favor",neutral,18.36
342,245,"Con gusto le ayudo, ¿me confirma su número de cliente?","Muy buen servicio, el agente fue muy amable y resolvio todo",positive,3.88
343,17,"Gracias por contactarnos, en un momento verifico la información.",No puede ser que sigan cobrando mal después de tantos reclamos,negative,4.68
344,639,"Ya generé la solicitud, un técnico se comunicará en las próximas horas.",es la peor experiencia que he tenido con un proveedor de internet,negative,5.17
345,397,"Lamento el inconveniente, procedo a escalar su caso de inmediato.","Genial, ya funciona el internet, gracias por la ayuda",positive,1.09
346,538,"Su pago fue verificado correctamente, no hay ninguna irregularidad.","Esta bien, quedo pendiente de la respuesta",neutral,5.36
347,669,"Su pago fue verificado correctamente, no hay ninguna irregularidad.","Ok, entendido, voy a revisar la informacion enviada!!",neutral,9.83
348,410,"Gracias por contactarnos, en un momento verifico la información.","Excelente atencion, el problema se soluciono muy rapido",positive,22.87
349,659,"Gracias por contactarnos, en un momento verifico la información.","estoy realmente frustrado, nadie me da una solución definitiva",negative,9.33
350,710,"Su pago fue verificado correctamente, no hay ninguna irregularidad.",Solo quería confirmar el estado de mi solicitud,neutral,3.84
351,666,"Lamento el inconveniente, procedo a escalar su caso de inmediato.","De acuerdo, esperare la llamada del tecnico",neutral,1.98
352,318,"Lamento el inconveniente, procedo a escalar su caso de inmediato.",Me encantó la rapidez con la que atendieron mi caso,positive,3.08
353,335,"Su pago fue verificado correctamente, no hay ninguna irregularidad.",¿Podrían confirmarme el horario de atención mañana?!!,neutral,19.32
354,702,"Gracias por contactarnos, en un momento verifico la información.",Es indignante el tiempo que llevo esperando una respuesta,negative,25.38
355,788,"Su pago fue verificado correctamente, no hay ninguna irregularidad.","Esto es inaceptable, llevo tres dias sin internet y nadie resuelve nada",negative,1.96
356,386,"Su pago fue verificado correctamente, no hay ninguna irregularidad.","Genial, ya funciona el internet, gracias por la ayuda",positive,5.88
357,285,"Su pago fue verificado correctamente, no hay ninguna irregularidad.",Quedé muy satisfecho con la solución que me dieron,positive,9.22
358,659,"Con gusto le ayudo, ¿me confirma su número de cliente?",Es indignante el tiempo que llevo esperando una respuesta,negative,5.28
359,770,"Lamento el inconveniente, procedo a escalar su caso de inmediato.","Muchas gracias, quedó todo resuelto perfectamente",positive,4.43
360,554,"Su pago fue verificado correctamente, no hay ninguna irregularidad.",¿Podrían confirmarme el horario de atención mañana?,neutral,2.94
361,147,"Ya generé la solicitud, un técnico se comunicará en las próximas horas.",Quedé muy satisfecho con la solución que me dieron,positive,0.72
362,322,"Lamento el inconveniente, procedo a escalar su caso de inmediato.","Muy buen servicio, el agente fue muy amable y resolvió todo",positive,8.84
363,192,"Gracias por contactarnos, en un momento verifico la información.","Muchas gracias, quedó todo resuelto perfectamente",positive,15.37
364,720,"Ya generé la solicitud, un técnico se comunicará en las próximas horas.",es indignante el tiempo que llevo esperando una respuesta,negative,8.02
365,3,"Con gusto le ayudo, ¿me confirma su número de cliente?","Muchas gracias, quedó todo resuelto perfectamente",positive,2.5
366,510,"Su pago fue verificado correctamente, no hay ninguna irregularidad.","Está bien, quedo pendiente de la respuesta",neutral,1.04
367,220,"Ya generé la solicitud, un técnico se comunicará en las próximas horas.","Todo excelente, seguiré siendo cliente sin duda!!",positive,11.04
368,289,"Entiendo su situación, permítame revisar su cuenta para ayudarle.",¿Cuánto tiempo tarda en aplicarse este cambio?,neutral,3.66
369,427,"Gracias por contactarnos, en un momento verifico la información.","Ok, entendido, voy a revisar la información enviada",neutral,5.09
370,647,"Ya generé la solicitud, un técnico se comunicará en las próximas horas.","Excelente atención, el problema se solucionó muy rápido",positive,2.39
371,747,"Lamento el inconveniente, procedo a escalar su caso de inmediato.","Está bien, quedo pendiente de la respuesta",neutral,3.41
372,299,"Con gusto le ayudo, ¿me confirma su número de cliente?","Muchas gracias, quedó todo resuelto perfectamente!!",positive,6.68
373,412,"Gracias por contactarnos, en un momento verifico la información.","Ya no aguanto más este servicio, quiero cancelar ya mismo",negative,0.56
374,106,"Con gusto le ayudo, ¿me confirma su número de cliente?",Solo quería confirmar el estado de mi solicitud!!,neutral,3.9
375,581,"Ya generé la solicitud, un técnico se comunicará en las próximas horas.","Todo excelente, seguiré siendo cliente sin duda!!",positive,1.95
376,701,"Gracias por contactarnos, en un momento verifico la información.","Está bien, quedo pendiente de la respuesta!!",neutral,8.24
377,325,"Lamento el inconveniente, procedo a escalar su caso de inmediato.","Esto es inaceptable, llevo tres días sin internet y nadie resuelve nada",negative,2.09
378,248,"Su pago fue verificado correctamente, no hay ninguna irregularidad.","Pésimo servicio, quiero hablar con un supervisor urgente",negative,1.19
379,687,"Ya generé la solicitud, un técnico se comunicará en las próximas horas.","Excelente atención, el problema se solucionó muy rápido",positive,3.62
380,281,"Su pago fue verificado correctamente, no hay ninguna irregularidad.","Muchas gracias, quedó todo resuelto perfectamente",positive,8.28
381,539,"Su pago fue verificado correctamente, no hay ninguna irregularidad.","Pesimo servicio, quiero hablar con un supervisor urgente",negative,4.93
382,55,"Entiendo su situación, permítame revisar su cuenta para ayudarle.","Ya no aguanto más este servicio, quiero cancelar ya mismo",negative,1.05
383,296,"Su pago fue verificado correctamente, no hay ninguna irregularidad.","Muchas gracias, quedó todo resuelto perfectamente",positive,5.29
384,577,"Gracias por contactarnos, en un momento verifico la información.","Estoy muy molesto, ya es la tercera vez que reporto lo mismo",negative,1.86
385,18,"Su pago fue verificado correctamente, no hay ninguna irregularidad.","Muy buen servicio, el agente fue muy amable y resolvió todo",positive,4.83
386,454,"Lamento el inconveniente, procedo a escalar su caso de inmediato.","perfecto, eso era justo lo que necesitaba, gracias",positive,3.44
387,610,"Lamento el inconveniente, procedo a escalar su caso de inmediato.","Muchas gracias, quedó todo resuelto perfectamente",positive,26.42
388,524,"Su pago fue verificado correctamente, no hay ninguna irregularidad.","Genial, ya funciona el internet, gracias por la ayuda",positive,2.91
389,748,"Ya generé la solicitud, un técnico se comunicará en las próximas horas.",No puede ser que sigan cobrando mal después de tantos reclamos,negative,10.9
390,508,"Entiendo su situación, permítame revisar su cuenta para ayudarle.",Me encantó la rapidez con la que atendieron mi caso,positive,8.28
391,447,"Ya generé la solicitud, un técnico se comunicará en las próximas horas.","Perfecto, eso era justo lo que necesitaba, gracias",positive,0.85
392,257,"Ya generé la solicitud, un técnico se comunicará en las próximas horas.","todo excelente, seguiré siendo cliente sin duda",positive,1.88
393,717,"Con gusto le ayudo, ¿me confirma su número de cliente?","Ya no aguanto mas este servicio, quiero cancelar ya mismo",negative,0.7
394,535,"Ya generé la solicitud, un técnico se comunicará en las próximas horas.","Estoy realmente frustrado, nadie me da una solución definitiva",negative,22.03
395,256,"Ya generé la solicitud, un técnico se comunicará en las próximas horas.",¿Podrian confirmarme el horario de atencion mañana?,neutral,7.32
396,580,"Entiendo su situación, permítame revisar su cuenta para ayudarle.","Muy buen servicio, el agente fue muy amable y resolvió todo",positive,26.39
397,773,"Gracias por contactarnos, en un momento verifico la información.","Esto es inaceptable, llevo tres días sin internet y nadie resuelve nada",negative,2.21
398,561,"Gracias por contactarnos, en un momento verifico la información.",Quedé muy satisfecho con la solución que me dieron,positive,9.02
399,715,"Entiendo su situación, permítame revisar su cuenta para ayudarle.",¿Cuánto tiempo tarda en aplicarse este cambio?,neutral,3.67
400,69,"Su pago fue verificado correctamente, no hay ninguna irregularidad.","Excelente atención, el problema se solucionó muy rápido",positive,4.84
401,754,"Entiendo su situación, permítame revisar su cuenta para ayudarle.","Perfecto, eso era justo lo que necesitaba, gracias",positive,16.79
402,381,"Su pago fue verificado correctamente, no hay ninguna irregularidad.",Quede muy satisfecho con la solucion que me dieron,positive,5.04
403,444,"Su pago fue verificado correctamente, no hay ninguna irregularidad.","Ok, entendido, voy a revisar la información enviada",neutral,8.31
404,234,"Gracias por contactarnos, en un momento verifico la información.",Solo quería confirmar el estado de mi solicitud,neutral,3.28
405,392,"Ya generé la solicitud, un técnico se comunicará en las próximas horas.","Ya no aguanto más este servicio, quiero cancelar ya mismo!!",negative,3.99
406,27,"Gracias por contactarnos, en un momento verifico la información.",Es indignante el tiempo que llevo esperando una respuesta,negative,5.45
407,51,"Con gusto le ayudo, ¿me confirma su número de cliente?","Pésimo servicio, quiero hablar con un supervisor urgente",negative,2.53
408,307,"Gracias por contactarnos, en un momento verifico la información.","Esto es inaceptable, llevo tres días sin internet y nadie resuelve nada",negative,3.63
409,303,"Entiendo su situación, permítame revisar su cuenta para ayudarle.",solo quería confirmar el estado de mi solicitud,neutral,8.93
410,287,"Con gusto le ayudo, ¿me confirma su número de cliente?","Todo excelente, seguiré siendo cliente sin duda",positive,10.39
411,727,"Lamento el inconveniente, procedo a escalar su caso de inmediato.",Es la peor experiencia que he tenido con un proveedor de internet,negative,5.62
412,71,"Entiendo su situación, permítame revisar su cuenta para ayudarle.","Está bien, quedo pendiente de la respuesta",neutral,9.09
413,628,"Gracias por contactarnos, en un momento verifico la información.","Pésimo servicio, quiero hablar con un supervisor urgente",negative,5.03
414,12,"Ya generé la solicitud, un técnico se comunicará en las próximas horas.","entiendo, gracias por la informacion proporcionada",neutral,22.75
415,518,"Lamento el inconveniente, procedo a escalar su caso de inmediato.",Solo quería confirmar el estado de mi solicitud,neutral,11.22
416,163,"Lamento el inconveniente, procedo a escalar su caso de inmediato.",Es indignante el tiempo que llevo esperando una respuesta,negative,2.31
417,78,"Gracias por contactarnos, en un momento verifico la información.","ok, entendido, voy a revisar la información enviada",neutral,9.9
418,681,"Ya generé la solicitud, un técnico se comunicará en las próximas horas.","Necesito más información sobre el proceso, por favor!!",neutral,4.32
419,351,"Lamento el inconveniente, procedo a escalar su caso de inmediato.","Excelente atencion, el problema se soluciono muy rapido",positive,0.61
420,171,"Entiendo su situación, permítame revisar su cuenta para ayudarle.","Genial, ya funciona el internet, gracias por la ayuda",positive,5.51
421,653,"Lamento el inconveniente, procedo a escalar su caso de inmediato.","Genial, ya funciona el internet, gracias por la ayuda",positive,7.34
422,716,"Entiendo su situación, permítame revisar su cuenta para ayudarle.","Pésimo servicio, quiero hablar con un supervisor urgente",negative,4.16
423,543,"Gracias por contactarnos, en un momento verifico la información.","Ok, entendido, voy a revisar la información enviada",neutral,1.91
424,546,"Lamento el inconveniente, procedo a escalar su caso de inmediato.","De acuerdo, esperaré la llamada del técnico",neutral,2.97
425,92,"Ya generé la solicitud, un técnico se comunicará en las próximas horas.",Quedé muy satisfecho con la solución que me dieron,positive,3.63
426,381,"Gracias por contactarnos, en un momento verifico la información.",Solo quería confirmar el estado de mi solicitud,neutral,1.41
427,745,"Entiendo su situación, permítame revisar su cuenta para ayudarle.","Estoy realmente frustrado, nadie me da una solución definitiva",negative,1.61
428,447,"Entiendo su situación, permítame revisar su cuenta para ayudarle.",No puede ser que sigan cobrando mal despues de tantos reclamos,negative,7.15
429,146,"Gracias por contactarnos, en un momento verifico la información.","De acuerdo, esperare la llamada del tecnico",neutral,0.88
430,14,"Lamento el inconveniente, procedo a escalar su caso de inmediato.",Me encantó la rapidez con la que atendieron mi caso,positive,12.11
431,89,"Entiendo su situación, permítame revisar su cuenta para ayudarle.",No puede ser que sigan cobrando mal después de tantos reclamos,negative,6.61
432,575,"Su pago fue verificado correctamente, no hay ninguna irregularidad.","De acuerdo, esperaré la llamada del técnico",neutral,10.15
433,401,"Entiendo su situación, permítame revisar su cuenta para ayudarle.","De acuerdo, esperaré la llamada del técnico",neutral,2.05
434,750,"Con gusto le ayudo, ¿me confirma su número de cliente?","Muchas gracias, quedó todo resuelto perfectamente",positive,7.04
435,321,"Lamento el inconveniente, procedo a escalar su caso de inmediato.","Esto es inaceptable, llevo tres días sin internet y nadie resuelve nada",negative,6.44
436,89,"Ya generé la solicitud, un técnico se comunicará en las próximas horas.","Pésimo servicio, quiero hablar con un supervisor urgente",negative,4.12
437,290,"Con gusto le ayudo, ¿me confirma su número de cliente?","Necesito más información sobre el proceso, por favor",neutral,4.61
438,57,"Su pago fue verificado correctamente, no hay ninguna irregularidad.","muy buen servicio, el agente fue muy amable y resolvió todo",positive,9.2
439,274,"Lamento el inconveniente, procedo a escalar su caso de inmediato.","Ok, entendido, voy a revisar la información enviada",neutral,2.46
440,556,"Ya generé la solicitud, un técnico se comunicará en las próximas horas.","Está bien, quedo pendiente de la respuesta",neutral,2.24
441,96,"Su pago fue verificado correctamente, no hay ninguna irregularidad.",Solo quería confirmar el estado de mi solicitud,neutral,9.95
442,727,"Con gusto le ayudo, ¿me confirma su número de cliente?",Quede muy satisfecho con la solucion que me dieron,positive,2.82
443,382,"Con gusto le ayudo, ¿me confirma su número de cliente?","Está bien, quedo pendiente de la respuesta!!",neutral,0.73
444,390,"Ya generé la solicitud, un técnico se comunicará en las próximas horas.","excelente atención, el problema se solucionó muy rápido",positive,21.21
445,177,"Su pago fue verificado correctamente, no hay ninguna irregularidad.",No puede ser que sigan cobrando mal después de tantos reclamos,negative,12.34
446,337,"Gracias por contactarnos, en un momento verifico la información.","Estoy muy molesto, ya es la tercera vez que reporto lo mismo",negative,1.64
447,53,"Gracias por contactarnos, en un momento verifico la información.","Estoy realmente frustrado, nadie me da una solución definitiva!!",negative,13.87
448,76,"Entiendo su situación, permítame revisar su cuenta para ayudarle.","De acuerdo, esperaré la llamada del técnico",neutral,3.02
449,72,"Con gusto le ayudo, ¿me confirma su número de cliente?",Es indignante el tiempo que llevo esperando una respuesta,negative,19.5
450,365,"Lamento el inconveniente, procedo a escalar su caso de inmediato.","De acuerdo, esperaré la llamada del técnico",neutral,2.89
451,577,"Con gusto le ayudo, ¿me confirma su número de cliente?","está bien, quedo pendiente de la respuesta!!",neutral,0.71
452,605,"Entiendo su situación, permítame revisar su cuenta para ayudarle.","Excelente atención, el problema se solucionó muy rápido",positive,4.47
453,75,"Lamento el inconveniente, procedo a escalar su caso de inmediato.",Es la peor experiencia que he tenido con un proveedor de internet,negative,2.24
454,679,"Con gusto le ayudo, ¿me confirma su número de cliente?","Genial, ya funciona el internet, gracias por la ayuda",positive,5.62
455,471,"Entiendo su situación, permítame revisar su cuenta para ayudarle.",No puede ser que sigan cobrando mal después de tantos reclamos,negative,0.78
456,322,"Ya generé la solicitud, un técnico se comunicará en las próximas horas.","Genial, ya funciona el internet, gracias por la ayuda!!",positive,7.44
457,570,"Gracias por contactarnos, en un momento verifico la información.","Perfecto, eso era justo lo que necesitaba, gracias",positive,1.21
458,586,"Lamento el inconveniente, procedo a escalar su caso de inmediato.","Entiendo, gracias por la información proporcionada",neutral,3.03
459,795,"Lamento el inconveniente, procedo a escalar su caso de inmediato.","Muchas gracias, quedó todo resuelto perfectamente",positive,8.52
460,538,"Lamento el inconveniente, procedo a escalar su caso de inmediato.",Solo quería confirmar el estado de mi solicitud,neutral,2.16
461,614,"Ya generé la solicitud, un técnico se comunicará en las próximas horas.","De acuerdo, esperaré la llamada del técnico",neutral,6.49
462,637,"Ya generé la solicitud, un técnico se comunicará en las próximas horas.","Ok, entendido, voy a revisar la información enviada",neutral,5.24
463,142,"Su pago fue verificado correctamente, no hay ninguna irregularidad.","Genial, ya funciona el internet, gracias por la ayuda",positive,23.16
464,521,"Entiendo su situación, permítame revisar su cuenta para ayudarle.","Estoy realmente frustrado, nadie me da una solución definitiva",negative,2.44
465,36,"Entiendo su situación, permítame revisar su cuenta para ayudarle.","Perfecto, eso era justo lo que necesitaba, gracias",positive,2.43
466,489,"Ya generé la solicitud, un técnico se comunicará en las próximas horas.","Estoy muy molesto, ya es la tercera vez que reporto lo mismo",negative,12.71
467,621,"Su pago fue verificado correctamente, no hay ninguna irregularidad.","Genial, ya funciona el internet, gracias por la ayuda",positive,12.3
468,553,"Ya generé la solicitud, un técnico se comunicará en las próximas horas.","Excelente atención, el problema se solucionó muy rápido",positive,6.18
469,755,"Ya generé la solicitud, un técnico se comunicará en las próximas horas.","Todo excelente, seguiré siendo cliente sin duda",positive,2.02
470,203,"Su pago fue verificado correctamente, no hay ninguna irregularidad.","De acuerdo, esperaré la llamada del técnico",neutral,51.09
471,565,"Gracias por contactarnos, en un momento verifico la información.","Estoy muy molesto, ya es la tercera vez que reporto lo mismo!!",negative,4.58
472,298,"Lamento el inconveniente, procedo a escalar su caso de inmediato.","ok, entendido, voy a revisar la información enviada",neutral,3.62
473,92,"Entiendo su situación, permítame revisar su cuenta para ayudarle.","Está bien, quedo pendiente de la respuesta",neutral,7.42
474,423,"Con gusto le ayudo, ¿me confirma su número de cliente?","Todo excelente, seguiré siendo cliente sin duda",positive,11.4
475,276,"Ya generé la solicitud, un técnico se comunicará en las próximas horas.","Genial, ya funciona el internet, gracias por la ayuda",positive,10.98
476,87,"Con gusto le ayudo, ¿me confirma su número de cliente?","Ya no aguanto mas este servicio, quiero cancelar ya mismo",negative,3.95
477,785,"Con gusto le ayudo, ¿me confirma su número de cliente?","Muy buen servicio, el agente fue muy amable y resolvió todo",positive,1.16
478,298,"Lamento el inconveniente, procedo a escalar su caso de inmediato.","Ok, entendido, voy a revisar la información enviada",neutral,1.73
479,708,"Con gusto le ayudo, ¿me confirma su número de cliente?",Me encantó la rapidez con la que atendieron mi caso,positive,3.23
480,479,"Entiendo su situación, permítame revisar su cuenta para ayudarle.",Es la peor experiencia que he tenido con un proveedor de internet,negative,2.16
481,749,"Con gusto le ayudo, ¿me confirma su número de cliente?","Todo excelente, seguiré siendo cliente sin duda",positive,7.64
482,220,"Lamento el inconveniente, procedo a escalar su caso de inmediato.",Me encantó la rapidez con la que atendieron mi caso,positive,16.21
483,708,"Lamento el inconveniente, procedo a escalar su caso de inmediato.","Ok, entendido, voy a revisar la información enviada",neutral,2.9
484,326,"Ya generé la solicitud, un técnico se comunicará en las próximas horas.","Muchas gracias, quedó todo resuelto perfectamente",positive,1.52
485,564,"Gracias por contactarnos, en un momento verifico la información.",¿Cuánto tiempo tarda en aplicarse este cambio?,neutral,2.62
486,586,"Su pago fue verificado correctamente, no hay ninguna irregularidad.","Muy buen servicio, el agente fue muy amable y resolvió todo",positive,10.7
487,710,"Ya generé la solicitud, un técnico se comunicará en las próximas horas.",Quede muy satisfecho con la solucion que me dieron,positive,7.32
488,667,"Su pago fue verificado correctamente, no hay ninguna irregularidad.",Es la peor experiencia que he tenido con un proveedor de internet!!,negative,7.25
489,429,"Gracias por contactarnos, en un momento verifico la información.",Es indignante el tiempo que llevo esperando una respuesta,negative,1.81
490,129,"Entiendo su situación, permítame revisar su cuenta para ayudarle.",¿Podrían confirmarme el horario de atención mañana?!!,neutral,13.53
491,330,"Ya generé la solicitud, un técnico se comunicará en las próximas horas.","Muchas gracias, quedó todo resuelto perfectamente!!",positive,4.09
492,788,"Con gusto le ayudo, ¿me confirma su número de cliente?",no puede ser que sigan cobrando mal después de tantos reclamos,negative,3.05
493,78,"Con gusto le ayudo, ¿me confirma su número de cliente?","Pésimo servicio, quiero hablar con un supervisor urgente",negative,2.26
494,426,"Ya generé la solicitud, un técnico se comunicará en las próximas horas.",Es indignante el tiempo que llevo esperando una respuesta,negative,7.76
495,793,"Gracias por contactarnos, en un momento verifico la información.",Solo quería confirmar el estado de mi solicitud,neutral,10.89
496,758,"Entiendo su situación, permítame revisar su cuenta para ayudarle.",Es indignante el tiempo que llevo esperando una respuesta,negative,2.8
497,59,"Gracias por contactarnos, en un momento verifico la información.","Perfecto, eso era justo lo que necesitaba, gracias",positive,1.73
498,692,"Gracias por contactarnos, en un momento verifico la información.","Estoy realmente frustrado, nadie me da una solución definitiva",negative,5.57
499,273,"Con gusto le ayudo, ¿me confirma su número de cliente?","Excelente atención, el problema se solucionó muy rápido",positive,10.48
500,743,"Lamento el inconveniente, procedo a escalar su caso de inmediato.",Es la peor experiencia que he tenido con un proveedor de internet,negative,7.31
501,400,"Ya generé la solicitud, un técnico se comunicará en las próximas horas.","Pésimo servicio, quiero hablar con un supervisor urgente",negative,0.68
502,119,"Su pago fue verificado correctamente, no hay ninguna irregularidad.","Todo excelente, seguiré siendo cliente sin duda",positive,3.39
503,641,"Con gusto le ayudo, ¿me confirma su número de cliente?","Excelente atención, el problema se solucionó muy rápido",positive,6.01
504,667,"Lamento el inconveniente, procedo a escalar su caso de inmediato.","Muchas gracias, quedó todo resuelto perfectamente",positive,1.82
505,41,"Gracias por contactarnos, en un momento verifico la información.","Muchas gracias, quedó todo resuelto perfectamente",positive,2.87
506,533,"Su pago fue verificado correctamente, no hay ninguna irregularidad.",¿Podrían confirmarme el horario de atención mañana?,neutral,2.99
507,713,"Gracias por contactarnos, en un momento verifico la información.",Es indignante el tiempo que llevo esperando una respuesta,negative,14.46
508,4,"Con gusto le ayudo, ¿me confirma su número de cliente?","Necesito más información sobre el proceso, por favor",neutral,0.59
509,351,"Ya generé la solicitud, un técnico se comunicará en las próximas horas.","Entiendo, gracias por la informacion proporcionada",neutral,3.13
510,739,"Lamento el inconveniente, procedo a escalar su caso de inmediato.","Muy buen servicio, el agente fue muy amable y resolvió todo",positive,10.05
511,118,"Con gusto le ayudo, ¿me confirma su número de cliente?","Excelente atención, el problema se solucionó muy rápido",positive,2.29
512,573,"Su pago fue verificado correctamente, no hay ninguna irregularidad.",¿Cuanto tiempo tarda en aplicarse este cambio?,neutral,6.74
513,717,"Gracias por contactarnos, en un momento verifico la información.",es indignante el tiempo que llevo esperando una respuesta,negative,4.48
514,711,"Gracias por contactarnos, en un momento verifico la información.",Es la peor experiencia que he tenido con un proveedor de internet!!,negative,0.96
515,389,"Lamento el inconveniente, procedo a escalar su caso de inmediato.",¿Podrían confirmarme el horario de atención mañana?,neutral,13.67
516,606,"Ya generé la solicitud, un técnico se comunicará en las próximas horas.","excelente atención, el problema se solucionó muy rápido",positive,2.64
517,702,"Lamento el inconveniente, procedo a escalar su caso de inmediato.",Es la peor experiencia que he tenido con un proveedor de internet,negative,5.97
518,259,"Con gusto le ayudo, ¿me confirma su número de cliente?","Estoy realmente frustrado, nadie me da una solución definitiva",negative,1.16
519,364,"Con gusto le ayudo, ¿me confirma su número de cliente?","genial, ya funciona el internet, gracias por la ayuda",positive,13.0
520,486,"Entiendo su situación, permítame revisar su cuenta para ayudarle.","Ok, entendido, voy a revisar la informacion enviada",neutral,4.29
521,502,"Ya generé la solicitud, un técnico se comunicará en las próximas horas.","Pésimo servicio, quiero hablar con un supervisor urgente",negative,9.5
522,276,"Su pago fue verificado correctamente, no hay ninguna irregularidad.","Genial, ya funciona el internet, gracias por la ayuda",positive,13.53
523,731,"Lamento el inconveniente, procedo a escalar su caso de inmediato.",¿Podrían confirmarme el horario de atención mañana?,neutral,1.3
524,208,"Entiendo su situación, permítame revisar su cuenta para ayudarle.","Esta bien, quedo pendiente de la respuesta",neutral,0.85
525,782,"Su pago fue verificado correctamente, no hay ninguna irregularidad.",Es indignante el tiempo que llevo esperando una respuesta,negative,1.09
526,720,"Ya generé la solicitud, un técnico se comunicará en las próximas horas.","Perfecto, eso era justo lo que necesitaba, gracias",positive,12.22
527,422,"Ya generé la solicitud, un técnico se comunicará en las próximas horas.",¿Podrían confirmarme el horario de atención mañana?,neutral,11.89
528,79,"Ya generé la solicitud, un técnico se comunicará en las próximas horas.","Necesito más información sobre el proceso, por favor",neutral,4.55
529,431,"Ya generé la solicitud, un técnico se comunicará en las próximas horas.",Me encantó la rapidez con la que atendieron mi caso,positive,7.28
530,210,"Ya generé la solicitud, un técnico se comunicará en las próximas horas.","Ok, entendido, voy a revisar la información enviada",neutral,1.03
531,203,"Con gusto le ayudo, ¿me confirma su número de cliente?","esto es inaceptable, llevo tres dias sin internet y nadie resuelve nada",negative,3.71
532,225,"Lamento el inconveniente, procedo a escalar su caso de inmediato.","Esto es inaceptable, llevo tres días sin internet y nadie resuelve nada",negative,9.4
533,104,"Su pago fue verificado correctamente, no hay ninguna irregularidad.","Esto es inaceptable, llevo tres días sin internet y nadie resuelve nada",negative,4.57
534,303,"Gracias por contactarnos, en un momento verifico la información.",¿Podrían confirmarme el horario de atención mañana?,neutral,20.1
535,268,"Gracias por contactarnos, en un momento verifico la información.","Estoy realmente frustrado, nadie me da una solución definitiva",negative,6.39
536,505,"Ya generé la solicitud, un técnico se comunicará en las próximas horas.","Estoy muy molesto, ya es la tercera vez que reporto lo mismo",negative,6.42
537,146,"Su pago fue verificado correctamente, no hay ninguna irregularidad.","Todo excelente, seguiré siendo cliente sin duda",positive,20.65
538,756,"Entiendo su situación, permítame revisar su cuenta para ayudarle.",Es la peor experiencia que he tenido con un proveedor de internet,negative,11.46
539,625,"Entiendo su situación, permítame revisar su cuenta para ayudarle.","Esto es inaceptable, llevo tres dias sin internet y nadie resuelve nada",negative,0.65
540,147,"Con gusto le ayudo, ¿me confirma su número de cliente?",me encantó la rapidez con la que atendieron mi caso,positive,11.63
541,625,"Entiendo su situación, permítame revisar su cuenta para ayudarle.","Genial, ya funciona el internet, gracias por la ayuda",positive,0.93
542,344,"Lamento el inconveniente, procedo a escalar su caso de inmediato.","Entiendo, gracias por la información proporcionada!!",neutral,8.87
543,72,"Su pago fue verificado correctamente, no hay ninguna irregularidad.","Perfecto, eso era justo lo que necesitaba, gracias",positive,2.85
544,431,"Ya generé la solicitud, un técnico se comunicará en las próximas horas.","Pésimo servicio, quiero hablar con un supervisor urgente",negative,1.54
545,107,"Su pago fue verificado correctamente, no hay ninguna irregularidad.","Estoy realmente frustrado, nadie me da una solución definitiva",negative,2.73
546,243,"Entiendo su situación, permítame revisar su cuenta para ayudarle.","Perfecto, eso era justo lo que necesitaba, gracias",positive,7.36
547,282,"Gracias por contactarnos, en un momento verifico la información.","Muy buen servicio, el agente fue muy amable y resolvió todo",positive,4.92
548,709,"Su pago fue verificado correctamente, no hay ninguna irregularidad.","Entiendo, gracias por la información proporcionada",neutral,5.47
549,110,"Gracias por contactarnos, en un momento verifico la información.","Todo excelente, seguiré siendo cliente sin duda",positive,2.13
550,262,"Gracias por contactarnos, en un momento verifico la información.",¿Cuánto tiempo tarda en aplicarse este cambio?,neutral,9.84
551,308,"Gracias por contactarnos, en un momento verifico la información.",¿Cuánto tiempo tarda en aplicarse este cambio?!!,neutral,3.9
552,723,"Gracias por contactarnos, en un momento verifico la información.","ya no aguanto más este servicio, quiero cancelar ya mismo",negative,18.02
553,773,"Lamento el inconveniente, procedo a escalar su caso de inmediato.","Estoy muy molesto, ya es la tercera vez que reporto lo mismo",negative,6.0
554,768,"Lamento el inconveniente, procedo a escalar su caso de inmediato.",Es la peor experiencia que he tenido con un proveedor de internet,negative,4.08
555,576,"Lamento el inconveniente, procedo a escalar su caso de inmediato.","Está bien, quedo pendiente de la respuesta",neutral,8.23
556,616,"Entiendo su situación, permítame revisar su cuenta para ayudarle.","Estoy realmente frustrado, nadie me da una solución definitiva",negative,2.97
557,505,"Con gusto le ayudo, ¿me confirma su número de cliente?","necesito más información sobre el proceso, por favor",neutral,6.36
558,581,"Ya generé la solicitud, un técnico se comunicará en las próximas horas.",No puede ser que sigan cobrando mal después de tantos reclamos,negative,3.73
559,532,"Ya generé la solicitud, un técnico se comunicará en las próximas horas.","Estoy realmente frustrado, nadie me da una solución definitiva",negative,2.77
560,95,"Gracias por contactarnos, en un momento verifico la información.",Solo quería confirmar el estado de mi solicitud,neutral,3.38
561,103,"Gracias por contactarnos, en un momento verifico la información.",¿Cuánto tiempo tarda en aplicarse este cambio?,neutral,4.72
562,310,"Gracias por contactarnos, en un momento verifico la información.","Genial, ya funciona el internet, gracias por la ayuda",positive,2.91
563,730,"Ya generé la solicitud, un técnico se comunicará en las próximas horas.","Ya no aguanto más este servicio, quiero cancelar ya mismo",negative,7.92
564,308,"Con gusto le ayudo, ¿me confirma su número de cliente?","Está bien, quedo pendiente de la respuesta",neutral,4.84
565,634,"Con gusto le ayudo, ¿me confirma su número de cliente?","Ok, entendido, voy a revisar la información enviada",neutral,1.52
566,23,"Entiendo su situación, permítame revisar su cuenta para ayudarle.",Es la peor experiencia que he tenido con un proveedor de internet,negative,14.02
567,748,"Gracias por contactarnos, en un momento verifico la información.","Necesito más información sobre el proceso, por favor",neutral,2.41
568,668,"Gracias por contactarnos, en un momento verifico la información.","Está bien, quedo pendiente de la respuesta",neutral,2.5
569,304,"Gracias por contactarnos, en un momento verifico la información.","Ok, entendido, voy a revisar la información enviada",neutral,10.7
570,190,"Con gusto le ayudo, ¿me confirma su número de cliente?","Todo excelente, seguiré siendo cliente sin duda",positive,1.65
571,109,"Su pago fue verificado correctamente, no hay ninguna irregularidad.","Muchas gracias, quedó todo resuelto perfectamente",positive,6.27
572,603,"Su pago fue verificado correctamente, no hay ninguna irregularidad.","Esto es inaceptable, llevo tres días sin internet y nadie resuelve nada",negative,7.16
573,709,"Con gusto le ayudo, ¿me confirma su número de cliente?","Perfecto, eso era justo lo que necesitaba, gracias",positive,12.85
574,213,"Ya generé la solicitud, un técnico se comunicará en las próximas horas.","Muy buen servicio, el agente fue muy amable y resolvió todo",positive,10.15
575,160,"Lamento el inconveniente, procedo a escalar su caso de inmediato.",Quedé muy satisfecho con la solución que me dieron,positive,15.63
576,347,"Su pago fue verificado correctamente, no hay ninguna irregularidad.","Genial, ya funciona el internet, gracias por la ayuda",positive,0.93
577,318,"Lamento el inconveniente, procedo a escalar su caso de inmediato.","Excelente atencion, el problema se soluciono muy rapido",positive,6.02
578,91,"Lamento el inconveniente, procedo a escalar su caso de inmediato.","Muchas gracias, quedó todo resuelto perfectamente",positive,5.21
579,769,"Con gusto le ayudo, ¿me confirma su número de cliente?","Muy buen servicio, el agente fue muy amable y resolvió todo",positive,6.78
580,66,"Su pago fue verificado correctamente, no hay ninguna irregularidad.","Está bien, quedo pendiente de la respuesta",neutral,1.73
581,797,"Ya generé la solicitud, un técnico se comunicará en las próximas horas.","Esta bien, quedo pendiente de la respuesta",neutral,8.22
582,249,"Entiendo su situación, permítame revisar su cuenta para ayudarle.","Excelente atención, el problema se solucionó muy rápido",positive,2.53
583,440,"Entiendo su situación, permítame revisar su cuenta para ayudarle.",Me encantó la rapidez con la que atendieron mi caso,positive,1.17
584,472,"Su pago fue verificado correctamente, no hay ninguna irregularidad.","Necesito más información sobre el proceso, por favor",neutral,5.55
585,630,"Su pago fue verificado correctamente, no hay ninguna irregularidad.","Necesito mas informacion sobre el proceso, por favor",neutral,16.46
586,350,"Lamento el inconveniente, procedo a escalar su caso de inmediato.","Necesito mas informacion sobre el proceso, por favor",neutral,6.14
587,647,"Entiendo su situación, permítame revisar su cuenta para ayudarle.","Estoy realmente frustrado, nadie me da una solución definitiva",negative,3.23
588,15,"Entiendo su situación, permítame revisar su cuenta para ayudarle.","Esto es inaceptable, llevo tres días sin internet y nadie resuelve nada!!",negative,1.65
589,566,"Lamento el inconveniente, procedo a escalar su caso de inmediato.","estoy muy molesto, ya es la tercera vez que reporto lo mismo",negative,2.19
590,749,"Gracias por contactarnos, en un momento verifico la información.","Excelente atención, el problema se solucionó muy rápido",positive,0.79
591,710,"Con gusto le ayudo, ¿me confirma su número de cliente?","Muy buen servicio, el agente fue muy amable y resolvió todo",positive,3.88
592,639,"Con gusto le ayudo, ¿me confirma su número de cliente?","De acuerdo, esperaré la llamada del técnico",neutral,1.97
593,434,"Lamento el inconveniente, procedo a escalar su caso de inmediato.",¿Cuánto tiempo tarda en aplicarse este cambio?,neutral,2.24
594,314,"Gracias por contactarnos, en un momento verifico la información.","Todo excelente, seguiré siendo cliente sin duda",positive,5.91
595,119,"Ya generé la solicitud, un técnico se comunicará en las próximas horas.","ok, entendido, voy a revisar la información enviada",neutral,12.34
596,262,"Lamento el inconveniente, procedo a escalar su caso de inmediato.","Todo excelente, seguiré siendo cliente sin duda",positive,2.02
597,462,"Ya generé la solicitud, un técnico se comunicará en las próximas horas.","Ok, entendido, voy a revisar la informacion enviada",neutral,3.12
598,798,"Gracias por contactarnos, en un momento verifico la información.",Es indignante el tiempo que llevo esperando una respuesta!!,negative,2.14
599,257,"Ya generé la solicitud, un técnico se comunicará en las próximas horas.","Muy buen servicio, el agente fue muy amable y resolvió todo",positive,7.91
600,211,"Con gusto le ayudo, ¿me confirma su número de cliente?",Me encantó la rapidez con la que atendieron mi caso,positive,1.77
601,465,"Ya generé la solicitud, un técnico se comunicará en las próximas horas.","De acuerdo, esperaré la llamada del técnico",neutral,0.9
602,44,"Su pago fue verificado correctamente, no hay ninguna irregularidad.",Es indignante el tiempo que llevo esperando una respuesta!!,negative,26.68
603,572,"Su pago fue verificado correctamente, no hay ninguna irregularidad.",Es la peor experiencia que he tenido con un proveedor de internet,negative,9.43
604,119,"Gracias por contactarnos, en un momento verifico la información.","Esto es inaceptable, llevo tres días sin internet y nadie resuelve nada",negative,1.06
605,670,"Su pago fue verificado correctamente, no hay ninguna irregularidad.",Es indignante el tiempo que llevo esperando una respuesta,negative,2.83
606,732,"Lamento el inconveniente, procedo a escalar su caso de inmediato.","Perfecto, eso era justo lo que necesitaba, gracias",positive,5.29
607,668,"Ya generé la solicitud, un técnico se comunicará en las próximas horas.",Es indignante el tiempo que llevo esperando una respuesta,negative,8.24
608,222,"Ya generé la solicitud, un técnico se comunicará en las próximas horas.","Ya no aguanto más este servicio, quiero cancelar ya mismo",negative,34.36
609,144,"Lamento el inconveniente, procedo a escalar su caso de inmediato.","Está bien, quedo pendiente de la respuesta",neutral,6.56
610,690,"Su pago fue verificado correctamente, no hay ninguna irregularidad.","Genial, ya funciona el internet, gracias por la ayuda",positive,0.77
611,105,"Con gusto le ayudo, ¿me confirma su número de cliente?","Ya no aguanto más este servicio, quiero cancelar ya mismo",negative,1.95
612,274,"Gracias por contactarnos, en un momento verifico la información.","Perfecto, eso era justo lo que necesitaba, gracias",positive,1.01
613,502,"Ya generé la solicitud, un técnico se comunicará en las próximas horas.","Perfecto, eso era justo lo que necesitaba, gracias",positive,10.57
614,489,"Lamento el inconveniente, procedo a escalar su caso de inmediato.",Es la peor experiencia que he tenido con un proveedor de internet,negative,3.85
615,447,"Ya generé la solicitud, un técnico se comunicará en las próximas horas.",No puede ser que sigan cobrando mal después de tantos reclamos,negative,7.21
616,299,"Su pago fue verificado correctamente, no hay ninguna irregularidad.","Excelente atencion, el problema se soluciono muy rapido",positive,2.38
617,714,"Con gusto le ayudo, ¿me confirma su número de cliente?","Estoy realmente frustrado, nadie me da una solucion definitiva",negative,4.62
618,410,"Con gusto le ayudo, ¿me confirma su número de cliente?","Pésimo servicio, quiero hablar con un supervisor urgente",negative,19.76
619,737,"Con gusto le ayudo, ¿me confirma su número de cliente?",Solo quería confirmar el estado de mi solicitud,neutral,4.75
620,760,"Su pago fue verificado correctamente, no hay ninguna irregularidad.","Esto es inaceptable, llevo tres días sin internet y nadie resuelve nada",negative,8.16
621,269,"Gracias por contactarnos, en un momento verifico la información.","Esto es inaceptable, llevo tres días sin internet y nadie resuelve nada",negative,0.89
622,355,"Con gusto le ayudo, ¿me confirma su número de cliente?","Genial, ya funciona el internet, gracias por la ayuda",positive,6.34
623,147,"Su pago fue verificado correctamente, no hay ninguna irregularidad.","Muchas gracias, quedó todo resuelto perfectamente",positive,13.11
624,547,"Con gusto le ayudo, ¿me confirma su número de cliente?","Muy buen servicio, el agente fue muy amable y resolvió todo",positive,2.24
625,151,"Con gusto le ayudo, ¿me confirma su número de cliente?","Entiendo, gracias por la información proporcionada!!",neutral,1.84
626,635,"Ya generé la solicitud, un técnico se comunicará en las próximas horas.",Me encantó la rapidez con la que atendieron mi caso,positive,1.55
627,350,"Con gusto le ayudo, ¿me confirma su número de cliente?",¿Cuánto tiempo tarda en aplicarse este cambio?,neutral,0.87
628,706,"Entiendo su situación, permítame revisar su cuenta para ayudarle.","Excelente atención, el problema se solucionó muy rápido",positive,5.71
629,394,"Gracias por contactarnos, en un momento verifico la información.","Estoy realmente frustrado, nadie me da una solucion definitiva",negative,2.55
630,137,"Lamento el inconveniente, procedo a escalar su caso de inmediato.","Estoy realmente frustrado, nadie me da una solución definitiva",negative,19.32
631,644,"Su pago fue verificado correctamente, no hay ninguna irregularidad.","De acuerdo, esperaré la llamada del técnico",neutral,0.96
632,467,"Lamento el inconveniente, procedo a escalar su caso de inmediato.","Necesito más información sobre el proceso, por favor",neutral,9.08
633,315,"Con gusto le ayudo, ¿me confirma su número de cliente?","Está bien, quedo pendiente de la respuesta",neutral,6.48
634,207,"Gracias por contactarnos, en un momento verifico la información.","Muchas gracias, quedó todo resuelto perfectamente",positive,15.34
635,44,"Gracias por contactarnos, en un momento verifico la información.",Quedé muy satisfecho con la solución que me dieron,positive,1.87
636,400,"Entiendo su situación, permítame revisar su cuenta para ayudarle.",¿Cuánto tiempo tarda en aplicarse este cambio?,neutral,8.99
637,554,"Gracias por contactarnos, en un momento verifico la información.",Me encanto la rapidez con la que atendieron mi caso,positive,5.98
638,4,"Ya generé la solicitud, un técnico se comunicará en las próximas horas.",Quede muy satisfecho con la solucion que me dieron,positive,5.82
639,207,"Con gusto le ayudo, ¿me confirma su número de cliente?","De acuerdo, esperaré la llamada del técnico",neutral,1.62
640,77,"Su pago fue verificado correctamente, no hay ninguna irregularidad.","Excelente atencion, el problema se soluciono muy rapido",positive,6.06
641,481,"Ya generé la solicitud, un técnico se comunicará en las próximas horas.","Perfecto, eso era justo lo que necesitaba, gracias",positive,4.05
642,337,"Con gusto le ayudo, ¿me confirma su número de cliente?",No puede ser que sigan cobrando mal después de tantos reclamos,negative,2.43
643,344,"Gracias por contactarnos, en un momento verifico la información.","Pesimo servicio, quiero hablar con un supervisor urgente",negative,3.28
644,302,"Gracias por contactarnos, en un momento verifico la información.","Está bien, quedo pendiente de la respuesta",neutral,1.31
645,709,"Ya generé la solicitud, un técnico se comunicará en las próximas horas.","Muchas gracias, quedó todo resuelto perfectamente",positive,9.74
646,441,"Su pago fue verificado correctamente, no hay ninguna irregularidad.",quedé muy satisfecho con la solución que me dieron,positive,4.51
647,544,"Entiendo su situación, permítame revisar su cuenta para ayudarle.",¿Podrían confirmarme el horario de atención mañana?,neutral,15.38
648,513,"Ya generé la solicitud, un técnico se comunicará en las próximas horas.",¿Cuánto tiempo tarda en aplicarse este cambio?!!,neutral,4.77
649,518,"Con gusto le ayudo, ¿me confirma su número de cliente?","Estoy realmente frustrado, nadie me da una solución definitiva",negative,7.01
650,25,"Lamento el inconveniente, procedo a escalar su caso de inmediato.","Excelente atención, el problema se solucionó muy rápido",positive,9.03
651,446,"Lamento el inconveniente, procedo a escalar su caso de inmediato.",Es la peor experiencia que he tenido con un proveedor de internet,negative,0.87
652,645,"Lamento el inconveniente, procedo a escalar su caso de inmediato.",es la peor experiencia que he tenido con un proveedor de internet,negative,1.95
653,381,"Ya generé la solicitud, un técnico se comunicará en las próximas horas.","Genial, ya funciona el internet, gracias por la ayuda",positive,2.7
654,471,"Entiendo su situación, permítame revisar su cuenta para ayudarle.",No puede ser que sigan cobrando mal después de tantos reclamos,negative,0.99
655,713,"Su pago fue verificado correctamente, no hay ninguna irregularidad.","Esto es inaceptable, llevo tres dias sin internet y nadie resuelve nada",negative,8.9
656,221,"Gracias por contactarnos, en un momento verifico la información.",Solo quería confirmar el estado de mi solicitud!!,neutral,1.71
657,364,"Con gusto le ayudo, ¿me confirma su número de cliente?",¿Podrian confirmarme el horario de atencion mañana?,neutral,0.73
658,38,"Ya generé la solicitud, un técnico se comunicará en las próximas horas.",¿Podrían confirmarme el horario de atención mañana?,neutral,12.85
659,188,"Lamento el inconveniente, procedo a escalar su caso de inmediato.","Perfecto, eso era justo lo que necesitaba, gracias",positive,11.69
660,453,"Gracias por contactarnos, en un momento verifico la información.","Perfecto, eso era justo lo que necesitaba, gracias",positive,10.38
661,217,"Su pago fue verificado correctamente, no hay ninguna irregularidad.",¿Podrían confirmarme el horario de atención mañana?,neutral,1.86
662,55,"Con gusto le ayudo, ¿me confirma su número de cliente?","ok, entendido, voy a revisar la información enviada",neutral,7.75
663,378,"Con gusto le ayudo, ¿me confirma su número de cliente?",No puede ser que sigan cobrando mal después de tantos reclamos,negative,16.85
664,370,"Con gusto le ayudo, ¿me confirma su número de cliente?","Estoy muy molesto, ya es la tercera vez que reporto lo mismo",negative,0.96
665,138,"Gracias por contactarnos, en un momento verifico la información.","Está bien, quedo pendiente de la respuesta",neutral,1.42
666,682,"Su pago fue verificado correctamente, no hay ninguna irregularidad.",No puede ser que sigan cobrando mal despues de tantos reclamos,negative,14.64
667,166,"Ya generé la solicitud, un técnico se comunicará en las próximas horas.","Necesito más información sobre el proceso, por favor",neutral,17.89
668,617,"Ya generé la solicitud, un técnico se comunicará en las próximas horas.","Pésimo servicio, quiero hablar con un supervisor urgente",negative,5.1
669,194,"Su pago fue verificado correctamente, no hay ninguna irregularidad.","Ok, entendido, voy a revisar la información enviada",neutral,0.97
670,214,"Entiendo su situación, permítame revisar su cuenta para ayudarle.","Ya no aguanto más este servicio, quiero cancelar ya mismo",negative,6.21
671,795,"Ya generé la solicitud, un técnico se comunicará en las próximas horas.",Solo quería confirmar el estado de mi solicitud,neutral,7.07
672,238,"Ya generé la solicitud, un técnico se comunicará en las próximas horas.","Excelente atencion, el problema se soluciono muy rapido",positive,12.96
673,559,"Lamento el inconveniente, procedo a escalar su caso de inmediato.","Muchas gracias, quedo todo resuelto perfectamente",positive,0.81
674,41,"Lamento el inconveniente, procedo a escalar su caso de inmediato.","De acuerdo, esperaré la llamada del técnico",neutral,1.78
675,83,"Entiendo su situación, permítame revisar su cuenta para ayudarle.",Me encantó la rapidez con la que atendieron mi caso,positive,0.63
676,347,"Entiendo su situación, permítame revisar su cuenta para ayudarle.","estoy muy molesto, ya es la tercera vez que reporto lo mismo",negative,10.45
677,600,"Su pago fue verificado correctamente, no hay ninguna irregularidad.","Está bien, quedo pendiente de la respuesta",neutral,5.01
678,193,"Ya generé la solicitud, un técnico se comunicará en las próximas horas.","esto es inaceptable, llevo tres días sin internet y nadie resuelve nada",negative,1.1
679,109,"Entiendo su situación, permítame revisar su cuenta para ayudarle.","Esto es inaceptable, llevo tres días sin internet y nadie resuelve nada",negative,2.62
680,518,"Lamento el inconveniente, procedo a escalar su caso de inmediato.","Estoy muy molesto, ya es la tercera vez que reporto lo mismo",negative,8.77
681,277,"Ya generé la solicitud, un técnico se comunicará en las próximas horas.","Muy buen servicio, el agente fue muy amable y resolvió todo",positive,10.36
682,682,"Ya generé la solicitud, un técnico se comunicará en las próximas horas.","Pésimo servicio, quiero hablar con un supervisor urgente!!",negative,6.44
683,57,"Entiendo su situación, permítame revisar su cuenta para ayudarle.",Solo quería confirmar el estado de mi solicitud!!,neutral,1.19
684,627,"Gracias por contactarnos, en un momento verifico la información.","De acuerdo, esperaré la llamada del técnico",neutral,2.39
685,26,"Con gusto le ayudo, ¿me confirma su número de cliente?",Es indignante el tiempo que llevo esperando una respuesta,negative,3.51
686,75,"Su pago fue verificado correctamente, no hay ninguna irregularidad.","Perfecto, eso era justo lo que necesitaba, gracias",positive,2.4
687,113,"Con gusto le ayudo, ¿me confirma su número de cliente?",Solo queria confirmar el estado de mi solicitud,neutral,14.43
688,488,"Con gusto le ayudo, ¿me confirma su número de cliente?",No puede ser que sigan cobrando mal despues de tantos reclamos,negative,6.1
689,596,"Ya generé la solicitud, un técnico se comunicará en las próximas horas.",Es indignante el tiempo que llevo esperando una respuesta!!,negative,3.6
690,103,"Gracias por contactarnos, en un momento verifico la información.","De acuerdo, esperaré la llamada del técnico",neutral,3.47
691,546,"Gracias por contactarnos, en un momento verifico la información.","Necesito mas informacion sobre el proceso, por favor",neutral,0.66
692,723,"Lamento el inconveniente, procedo a escalar su caso de inmediato.","Perfecto, eso era justo lo que necesitaba, gracias",positive,4.51
693,784,"Lamento el inconveniente, procedo a escalar su caso de inmediato.","ya no aguanto más este servicio, quiero cancelar ya mismo",negative,7.63
694,70,"Su pago fue verificado correctamente, no hay ninguna irregularidad.","Muchas gracias, quedó todo resuelto perfectamente",positive,5.55
695,317,"Lamento el inconveniente, procedo a escalar su caso de inmediato.","Estoy muy molesto, ya es la tercera vez que reporto lo mismo",negative,2.01
696,534,"Su pago fue verificado correctamente, no hay ninguna irregularidad.",Es indignante el tiempo que llevo esperando una respuesta,negative,1.64
697,233,"Entiendo su situación, permítame revisar su cuenta para ayudarle.","Está bien, quedo pendiente de la respuesta!!",neutral,6.98
698,414,"Ya generé la solicitud, un técnico se comunicará en las próximas horas.","Ok, entendido, voy a revisar la información enviada",neutral,0.97
699,395,"Gracias por contactarnos, en un momento verifico la información.",Es la peor experiencia que he tenido con un proveedor de internet,negative,4.48
700,217,"Su pago fue verificado correctamente, no hay ninguna irregularidad.",Es la peor experiencia que he tenido con un proveedor de internet!!,negative,2.34
701,428,"Entiendo su situación, permítame revisar su cuenta para ayudarle.","Excelente atencion, el problema se soluciono muy rapido!!",positive,2.04
702,556,"Gracias por contactarnos, en un momento verifico la información.",Es indignante el tiempo que llevo esperando una respuesta,negative,5.58
703,204,"Con gusto le ayudo, ¿me confirma su número de cliente?","ya no aguanto más este servicio, quiero cancelar ya mismo",negative,11.91
704,414,"Con gusto le ayudo, ¿me confirma su número de cliente?","Muy buen servicio, el agente fue muy amable y resolvió todo",positive,8.82
705,335,"Entiendo su situación, permítame revisar su cuenta para ayudarle.","Perfecto, eso era justo lo que necesitaba, gracias",positive,22.37
706,645,"Entiendo su situación, permítame revisar su cuenta para ayudarle.","Genial, ya funciona el internet, gracias por la ayuda",positive,1.65
707,212,"Con gusto le ayudo, ¿me confirma su número de cliente?",Me encantó la rapidez con la que atendieron mi caso,positive,5.62
708,208,"Lamento el inconveniente, procedo a escalar su caso de inmediato.","Está bien, quedo pendiente de la respuesta",neutral,2.6
709,562,"Con gusto le ayudo, ¿me confirma su número de cliente?","Estoy realmente frustrado, nadie me da una solución definitiva",negative,5.77
710,526,"Entiendo su situación, permítame revisar su cuenta para ayudarle.","Genial, ya funciona el internet, gracias por la ayuda",positive,2.66
711,451,"Con gusto le ayudo, ¿me confirma su número de cliente?",Me encantó la rapidez con la que atendieron mi caso,positive,4.25
712,513,"Gracias por contactarnos, en un momento verifico la información.","Estoy muy molesto, ya es la tercera vez que reporto lo mismo",negative,4.12
713,190,"Gracias por contactarnos, en un momento verifico la información.","Muy buen servicio, el agente fue muy amable y resolvió todo",positive,0.75
714,569,"Ya generé la solicitud, un técnico se comunicará en las próximas horas.","Muy buen servicio, el agente fue muy amable y resolvió todo",positive,9.62
715,333,"Lamento el inconveniente, procedo a escalar su caso de inmediato.","Genial, ya funciona el internet, gracias por la ayuda",positive,18.32
716,452,"Su pago fue verificado correctamente, no hay ninguna irregularidad.",Solo quería confirmar el estado de mi solicitud,neutral,1.13
717,478,"Lamento el inconveniente, procedo a escalar su caso de inmediato.","Genial, ya funciona el internet, gracias por la ayuda",positive,2.28
718,379,"Ya generé la solicitud, un técnico se comunicará en las próximas horas.","Entiendo, gracias por la información proporcionada",neutral,5.04
719,206,"Su pago fue verificado correctamente, no hay ninguna irregularidad.",solo quería confirmar el estado de mi solicitud,neutral,7.0
720,459,"Ya generé la solicitud, un técnico se comunicará en las próximas horas.","Está bien, quedo pendiente de la respuesta",neutral,2.07
721,512,"Con gusto le ayudo, ¿me confirma su número de cliente?","Ok, entendido, voy a revisar la información enviada!!",neutral,43.02
722,220,"Lamento el inconveniente, procedo a escalar su caso de inmediato.",¿Podrían confirmarme el horario de atención mañana?,neutral,0.51
723,345,"Ya generé la solicitud, un técnico se comunicará en las próximas horas.","Perfecto, eso era justo lo que necesitaba, gracias",positive,1.06
724,551,"Su pago fue verificado correctamente, no hay ninguna irregularidad.","Ya no aguanto más este servicio, quiero cancelar ya mismo",negative,1.56
725,788,"Gracias por contactarnos, en un momento verifico la información.","pésimo servicio, quiero hablar con un supervisor urgente",negative,8.45
726,445,"Gracias por contactarnos, en un momento verifico la información.",Solo quería confirmar el estado de mi solicitud,neutral,10.38
727,398,"Gracias por contactarnos, en un momento verifico la información.","Pésimo servicio, quiero hablar con un supervisor urgente",negative,16.96
728,690,"Con gusto le ayudo, ¿me confirma su número de cliente?","Ya no aguanto más este servicio, quiero cancelar ya mismo",negative,4.34
729,756,"Entiendo su situación, permítame revisar su cuenta para ayudarle.","Ok, entendido, voy a revisar la informacion enviada",neutral,12.41
730,405,"Ya generé la solicitud, un técnico se comunicará en las próximas horas.","Muchas gracias, quedo todo resuelto perfectamente",positive,2.13
731,629,"Entiendo su situación, permítame revisar su cuenta para ayudarle.",¿Cuánto tiempo tarda en aplicarse este cambio?,neutral,4.29
732,428,"Entiendo su situación, permítame revisar su cuenta para ayudarle.","Entiendo, gracias por la información proporcionada",neutral,12.02
733,174,"Entiendo su situación, permítame revisar su cuenta para ayudarle.","Pésimo servicio, quiero hablar con un supervisor urgente",negative,1.79
734,396,"Lamento el inconveniente, procedo a escalar su caso de inmediato.",Quedé muy satisfecho con la solución que me dieron,positive,6.17
735,792,"Gracias por contactarnos, en un momento verifico la información.","Necesito más información sobre el proceso, por favor",neutral,5.51
736,642,"Su pago fue verificado correctamente, no hay ninguna irregularidad.","Ya no aguanto más este servicio, quiero cancelar ya mismo",negative,4.95
737,137,"Lamento el inconveniente, procedo a escalar su caso de inmediato.","De acuerdo, esperaré la llamada del técnico",neutral,0.88
738,235,"Gracias por contactarnos, en un momento verifico la información.","Estoy muy molesto, ya es la tercera vez que reporto lo mismo",negative,11.72
739,429,"Entiendo su situación, permítame revisar su cuenta para ayudarle.","Muy buen servicio, el agente fue muy amable y resolvió todo!!",positive,17.32
740,611,"Gracias por contactarnos, en un momento verifico la información.",¿Podrían confirmarme el horario de atención mañana?,neutral,4.9
741,236,"Su pago fue verificado correctamente, no hay ninguna irregularidad.","ok, entendido, voy a revisar la información enviada",neutral,1.92
742,88,"Ya generé la solicitud, un técnico se comunicará en las próximas horas.","Esto es inaceptable, llevo tres días sin internet y nadie resuelve nada",negative,0.94
743,58,"Con gusto le ayudo, ¿me confirma su número de cliente?","Ya no aguanto más este servicio, quiero cancelar ya mismo",negative,2.04
744,222,"Gracias por contactarnos, en un momento verifico la información.",Me encantó la rapidez con la que atendieron mi caso,positive,9.3
745,236,"Lamento el inconveniente, procedo a escalar su caso de inmediato.","Estoy muy molesto, ya es la tercera vez que reporto lo mismo",negative,8.5
746,210,"Entiendo su situación, permítame revisar su cuenta para ayudarle.","De acuerdo, esperaré la llamada del técnico",neutral,7.01
747,243,"Su pago fue verificado correctamente, no hay ninguna irregularidad.","Todo excelente, seguiré siendo cliente sin duda",positive,13.56
748,183,"Su pago fue verificado correctamente, no hay ninguna irregularidad.","ok, entendido, voy a revisar la información enviada",neutral,2.03
749,550,"Su pago fue verificado correctamente, no hay ninguna irregularidad.","Entiendo, gracias por la información proporcionada",neutral,5.46
750,186,"Lamento el inconveniente, procedo a escalar su caso de inmediato.",Quedé muy satisfecho con la solución que me dieron,positive,10.84
751,168,"Ya generé la solicitud, un técnico se comunicará en las próximas horas.","Genial, ya funciona el internet, gracias por la ayuda",positive,6.25
752,378,"Ya generé la solicitud, un técnico se comunicará en las próximas horas.","Está bien, quedo pendiente de la respuesta",neutral,2.04
753,623,"Su pago fue verificado correctamente, no hay ninguna irregularidad.","Todo excelente, seguiré siendo cliente sin duda",positive,3.89
754,253,"Con gusto le ayudo, ¿me confirma su número de cliente?",No puede ser que sigan cobrando mal después de tantos reclamos,negative,14.97
755,46,"Entiendo su situación, permítame revisar su cuenta para ayudarle.","Muy buen servicio, el agente fue muy amable y resolvió todo",positive,3.15
756,318,"Su pago fue verificado correctamente, no hay ninguna irregularidad.","Genial, ya funciona el internet, gracias por la ayuda",positive,10.15
757,584,"Ya generé la solicitud, un técnico se comunicará en las próximas horas.","Estoy realmente frustrado, nadie me da una solución definitiva",negative,1.45
758,279,"Su pago fue verificado correctamente, no hay ninguna irregularidad.",¿Podrían confirmarme el horario de atención mañana?,neutral,1.06
759,214,"Gracias por contactarnos, en un momento verifico la información.",¿Podrían confirmarme el horario de atención mañana?,neutral,2.42
760,394,"Entiendo su situación, permítame revisar su cuenta para ayudarle.",No puede ser que sigan cobrando mal después de tantos reclamos,negative,5.73
761,331,"Entiendo su situación, permítame revisar su cuenta para ayudarle.","estoy realmente frustrado, nadie me da una solución definitiva!!",negative,15.28
762,354,"Entiendo su situación, permítame revisar su cuenta para ayudarle.","Ya no aguanto más este servicio, quiero cancelar ya mismo",negative,4.63
763,343,"Gracias por contactarnos, en un momento verifico la información.",¿Cuánto tiempo tarda en aplicarse este cambio?,neutral,1.99
764,599,"Su pago fue verificado correctamente, no hay ninguna irregularidad.",Me encantó la rapidez con la que atendieron mi caso,positive,10.01
765,170,"Lamento el inconveniente, procedo a escalar su caso de inmediato.","Necesito más información sobre el proceso, por favor",neutral,4.89
766,357,"Con gusto le ayudo, ¿me confirma su número de cliente?","Excelente atención, el problema se solucionó muy rápido",positive,1.49
767,337,"Con gusto le ayudo, ¿me confirma su número de cliente?",Solo quería confirmar el estado de mi solicitud,neutral,3.62
768,568,"Entiendo su situación, permítame revisar su cuenta para ayudarle.","Genial, ya funciona el internet, gracias por la ayuda",positive,2.11
769,528,"Gracias por contactarnos, en un momento verifico la información.",me encantó la rapidez con la que atendieron mi caso,positive,1.16
770,131,"Entiendo su situación, permítame revisar su cuenta para ayudarle.",¿Cuanto tiempo tarda en aplicarse este cambio?,neutral,9.97
771,434,"Su pago fue verificado correctamente, no hay ninguna irregularidad.",Me encantó la rapidez con la que atendieron mi caso,positive,10.59
772,36,"Su pago fue verificado correctamente, no hay ninguna irregularidad.",Solo queria confirmar el estado de mi solicitud!!,neutral,15.31
773,511,"Con gusto le ayudo, ¿me confirma su número de cliente?","Estoy realmente frustrado, nadie me da una solución definitiva!!",negative,1.06
774,441,"Gracias por contactarnos, en un momento verifico la información.","Estoy muy molesto, ya es la tercera vez que reporto lo mismo",negative,3.29
775,447,"Su pago fue verificado correctamente, no hay ninguna irregularidad.",Es indignante el tiempo que llevo esperando una respuesta,negative,7.09
776,649,"Gracias por contactarnos, en un momento verifico la información.",Es indignante el tiempo que llevo esperando una respuesta,negative,14.56
777,419,"Entiendo su situación, permítame revisar su cuenta para ayudarle.",Me encantó la rapidez con la que atendieron mi caso,positive,13.42
778,555,"Lamento el inconveniente, procedo a escalar su caso de inmediato.","Excelente atención, el problema se solucionó muy rápido",positive,16.85
779,505,"Su pago fue verificado correctamente, no hay ninguna irregularidad.",Es indignante el tiempo que llevo esperando una respuesta,negative,1.36
780,716,"Lamento el inconveniente, procedo a escalar su caso de inmediato.",¿Cuánto tiempo tarda en aplicarse este cambio?,neutral,0.55
781,515,"Ya generé la solicitud, un técnico se comunicará en las próximas horas.","Necesito más información sobre el proceso, por favor",neutral,8.79
782,609,"Gracias por contactarnos, en un momento verifico la información.","Está bien, quedo pendiente de la respuesta",neutral,13.68
783,353,"Gracias por contactarnos, en un momento verifico la información.",Es indignante el tiempo que llevo esperando una respuesta,negative,0.76
784,621,"Lamento el inconveniente, procedo a escalar su caso de inmediato.","genial, ya funciona el internet, gracias por la ayuda",positive,14.3
785,729,"Entiendo su situación, permítame revisar su cuenta para ayudarle.",Es indignante el tiempo que llevo esperando una respuesta,negative,2.28
786,704,"Lamento el inconveniente, procedo a escalar su caso de inmediato.",No puede ser que sigan cobrando mal despues de tantos reclamos!!,negative,2.83
787,68,"Lamento el inconveniente, procedo a escalar su caso de inmediato.","Esto es inaceptable, llevo tres días sin internet y nadie resuelve nada",negative,3.17
788,343,"Con gusto le ayudo, ¿me confirma su número de cliente?","Todo excelente, seguiré siendo cliente sin duda",positive,1.02
789,322,"Su pago fue verificado correctamente, no hay ninguna irregularidad.","Ya no aguanto más este servicio, quiero cancelar ya mismo!!",negative,8.61
790,773,"Entiendo su situación, permítame revisar su cuenta para ayudarle.","Estoy realmente frustrado, nadie me da una solución definitiva",negative,2.24
791,774,"Ya generé la solicitud, un técnico se comunicará en las próximas horas.","Todo excelente, seguiré siendo cliente sin duda",positive,4.47
792,294,"Su pago fue verificado correctamente, no hay ninguna irregularidad.",Quedé muy satisfecho con la solución que me dieron,positive,7.7
793,731,"Lamento el inconveniente, procedo a escalar su caso de inmediato.","Ok, entendido, voy a revisar la información enviada",neutral,9.59
794,626,"Ya generé la solicitud, un técnico se comunicará en las próximas horas.","Estoy realmente frustrado, nadie me da una solucion definitiva",negative,1.69
795,157,"Ya generé la solicitud, un técnico se comunicará en las próximas horas.","Estoy muy molesto, ya es la tercera vez que reporto lo mismo",negative,2.04
796,464,"Lamento el inconveniente, procedo a escalar su caso de inmediato.","está bien, quedo pendiente de la respuesta",neutral,7.87
797,286,"Lamento el inconveniente, procedo a escalar su caso de inmediato.","Ya no aguanto más este servicio, quiero cancelar ya mismo",negative,1.17
798,638,"Entiendo su situación, permítame revisar su cuenta para ayudarle.",No puede ser que sigan cobrando mal después de tantos reclamos,negative,2.51
799,751,"Su pago fue verificado correctamente, no hay ninguna irregularidad.","ok, entendido, voy a revisar la información enviada",neutral,21.84
800,21,"Lamento el inconveniente, procedo a escalar su caso de inmediato.","Estoy realmente frustrado, nadie me da una solución definitiva",negative,19.99
801,219,"Entiendo su situación, permítame revisar su cuenta para ayudarle.",¿Cuánto tiempo tarda en aplicarse este cambio?,neutral,13.52
802,120,"Con gusto le ayudo, ¿me confirma su número de cliente?","Excelente atención, el problema se solucionó muy rápido",positive,0.66
803,2,"Entiendo su situación, permítame revisar su cuenta para ayudarle.",Me encantó la rapidez con la que atendieron mi caso,positive,13.96
804,438,"Con gusto le ayudo, ¿me confirma su número de cliente?","Muy buen servicio, el agente fue muy amable y resolvió todo",positive,2.07
805,391,"Ya generé la solicitud, un técnico se comunicará en las próximas horas.",Es indignante el tiempo que llevo esperando una respuesta,negative,4.05
806,507,"Con gusto le ayudo, ¿me confirma su número de cliente?","Todo excelente, seguiré siendo cliente sin duda",positive,3.45
807,689,"Ya generé la solicitud, un técnico se comunicará en las próximas horas.","Ya no aguanto más este servicio, quiero cancelar ya mismo",negative,7.3
808,327,"Ya generé la solicitud, un técnico se comunicará en las próximas horas.","Perfecto, eso era justo lo que necesitaba, gracias",positive,8.88
809,691,"Ya generé la solicitud, un técnico se comunicará en las próximas horas.",¿Cuanto tiempo tarda en aplicarse este cambio?,neutral,1.49
810,628,"Gracias por contactarnos, en un momento verifico la información.",Me encantó la rapidez con la que atendieron mi caso!!,positive,6.44
811,475,"Su pago fue verificado correctamente, no hay ninguna irregularidad.","Esto es inaceptable, llevo tres dias sin internet y nadie resuelve nada",negative,5.36
812,566,"Entiendo su situación, permítame revisar su cuenta para ayudarle.",Es la peor experiencia que he tenido con un proveedor de internet,negative,2.55
813,425,"Gracias por contactarnos, en un momento verifico la información.",Es indignante el tiempo que llevo esperando una respuesta,negative,7.82
814,554,"Su pago fue verificado correctamente, no hay ninguna irregularidad.","muy buen servicio, el agente fue muy amable y resolvió todo!!",positive,1.95
815,364,"Gracias por contactarnos, en un momento verifico la información.","Ya no aguanto más este servicio, quiero cancelar ya mismo",negative,1.84
816,271,"Con gusto le ayudo, ¿me confirma su número de cliente?","Pésimo servicio, quiero hablar con un supervisor urgente",negative,4.14
817,715,"Gracias por contactarnos, en un momento verifico la información.",Quede muy satisfecho con la solucion que me dieron,positive,1.18
818,526,"Ya generé la solicitud, un técnico se comunicará en las próximas horas.","De acuerdo, esperaré la llamada del técnico",neutral,28.03
819,299,"Con gusto le ayudo, ¿me confirma su número de cliente?","De acuerdo, esperaré la llamada del técnico",neutral,5.76
820,741,"Su pago fue verificado correctamente, no hay ninguna irregularidad.","Estoy muy molesto, ya es la tercera vez que reporto lo mismo!!",negative,8.03
821,478,"Su pago fue verificado correctamente, no hay ninguna irregularidad.","Estoy realmente frustrado, nadie me da una solución definitiva",negative,11.37
822,509,"Entiendo su situación, permítame revisar su cuenta para ayudarle.","Genial, ya funciona el internet, gracias por la ayuda",positive,3.55
823,568,"Con gusto le ayudo, ¿me confirma su número de cliente?","Genial, ya funciona el internet, gracias por la ayuda",positive,10.87
824,392,"Su pago fue verificado correctamente, no hay ninguna irregularidad.",Solo quería confirmar el estado de mi solicitud,neutral,1.04
825,122,"Con gusto le ayudo, ¿me confirma su número de cliente?",No puede ser que sigan cobrando mal después de tantos reclamos,negative,6.66
826,252,"Su pago fue verificado correctamente, no hay ninguna irregularidad.","Pésimo servicio, quiero hablar con un supervisor urgente",negative,14.11
827,13,"Lamento el inconveniente, procedo a escalar su caso de inmediato.",Es la peor experiencia que he tenido con un proveedor de internet,negative,3.39
828,359,"Con gusto le ayudo, ¿me confirma su número de cliente?","Esto es inaceptable, llevo tres días sin internet y nadie resuelve nada!!",negative,1.83
829,612,"Ya generé la solicitud, un técnico se comunicará en las próximas horas.","Está bien, quedo pendiente de la respuesta",neutral,0.8
830,306,"Ya generé la solicitud, un técnico se comunicará en las próximas horas.","Estoy realmente frustrado, nadie me da una solución definitiva",negative,11.9
831,515,"Gracias por contactarnos, en un momento verifico la información.",solo queria confirmar el estado de mi solicitud,neutral,9.58
832,691,"Con gusto le ayudo, ¿me confirma su número de cliente?","Ok, entendido, voy a revisar la informacion enviada",neutral,17.67
833,200,"Gracias por contactarnos, en un momento verifico la información.",Quedé muy satisfecho con la solución que me dieron,positive,1.76
834,203,"Entiendo su situación, permítame revisar su cuenta para ayudarle.","Genial, ya funciona el internet, gracias por la ayuda",positive,0.85
835,42,"Con gusto le ayudo, ¿me confirma su número de cliente?","Estoy realmente frustrado, nadie me da una solucion definitiva",negative,4.11
836,517,"Gracias por contactarnos, en un momento verifico la información.","Necesito más información sobre el proceso, por favor",neutral,1.2
837,247,"Gracias por contactarnos, en un momento verifico la información.","estoy realmente frustrado, nadie me da una solución definitiva",negative,1.46
838,532,"Ya generé la solicitud, un técnico se comunicará en las próximas horas.","Genial, ya funciona el internet, gracias por la ayuda",positive,10.29
839,247,"Gracias por contactarnos, en un momento verifico la información.",Es la peor experiencia que he tenido con un proveedor de internet!!,negative,12.92
840,14,"Lamento el inconveniente, procedo a escalar su caso de inmediato.","Esto es inaceptable, llevo tres dias sin internet y nadie resuelve nada",negative,13.9
841,35,"Con gusto le ayudo, ¿me confirma su número de cliente?",Solo quería confirmar el estado de mi solicitud,neutral,0.89
842,380,"Con gusto le ayudo, ¿me confirma su número de cliente?",Me encanto la rapidez con la que atendieron mi caso,positive,1.41
843,34,"Ya generé la solicitud, un técnico se comunicará en las próximas horas.",solo quería confirmar el estado de mi solicitud,neutral,4.68
844,30,"Con gusto le ayudo, ¿me confirma su número de cliente?",No puede ser que sigan cobrando mal después de tantos reclamos,negative,7.88
845,544,"Ya generé la solicitud, un técnico se comunicará en las próximas horas.",Es indignante el tiempo que llevo esperando una respuesta,negative,1.84
846,649,"Entiendo su situación, permítame revisar su cuenta para ayudarle.","Ok, entendido, voy a revisar la información enviada",neutral,16.54
847,522,"Su pago fue verificado correctamente, no hay ninguna irregularidad.",Es la peor experiencia que he tenido con un proveedor de internet,negative,6.84
848,209,"Su pago fue verificado correctamente, no hay ninguna irregularidad.","entiendo, gracias por la informacion proporcionada",neutral,7.77
849,624,"Gracias por contactarnos, en un momento verifico la información.","Ya no aguanto más este servicio, quiero cancelar ya mismo!!",negative,2.32
850,487,"Ya generé la solicitud, un técnico se comunicará en las próximas horas.","Esta bien, quedo pendiente de la respuesta",neutral,2.46
851,216,"Ya generé la solicitud, un técnico se comunicará en las próximas horas.",Es la peor experiencia que he tenido con un proveedor de internet,negative,1.17
852,263,"Gracias por contactarnos, en un momento verifico la información.","Muy buen servicio, el agente fue muy amable y resolvió todo",positive,1.38
853,777,"Su pago fue verificado correctamente, no hay ninguna irregularidad.","Esto es inaceptable, llevo tres días sin internet y nadie resuelve nada",negative,0.65
854,60,"Entiendo su situación, permítame revisar su cuenta para ayudarle.","Ya no aguanto más este servicio, quiero cancelar ya mismo",negative,2.82
855,653,"Ya generé la solicitud, un técnico se comunicará en las próximas horas.",Me encanto la rapidez con la que atendieron mi caso,positive,9.05
856,181,"Entiendo su situación, permítame revisar su cuenta para ayudarle.","Excelente atención, el problema se solucionó muy rápido",positive,9.7
857,697,"Ya generé la solicitud, un técnico se comunicará en las próximas horas.",Solo quería confirmar el estado de mi solicitud,neutral,1.29
858,302,"Gracias por contactarnos, en un momento verifico la información.","Esto es inaceptable, llevo tres días sin internet y nadie resuelve nada",negative,18.75
859,765,"Ya generé la solicitud, un técnico se comunicará en las próximas horas.","Entiendo, gracias por la información proporcionada",neutral,4.96
860,160,"Gracias por contactarnos, en un momento verifico la información.","Todo excelente, seguire siendo cliente sin duda",positive,2.79
861,386,"Lamento el inconveniente, procedo a escalar su caso de inmediato.","Todo excelente, seguiré siendo cliente sin duda",positive,1.79
862,325,"Con gusto le ayudo, ¿me confirma su número de cliente?","Esto es inaceptable, llevo tres días sin internet y nadie resuelve nada",negative,3.66
863,408,"Con gusto le ayudo, ¿me confirma su número de cliente?",No puede ser que sigan cobrando mal después de tantos reclamos,negative,0.57
864,443,"Entiendo su situación, permítame revisar su cuenta para ayudarle.","Ya no aguanto más este servicio, quiero cancelar ya mismo",negative,0.79
865,324,"Con gusto le ayudo, ¿me confirma su número de cliente?",¿Podrían confirmarme el horario de atención mañana?,neutral,7.17
866,95,"Con gusto le ayudo, ¿me confirma su número de cliente?","Ok, entendido, voy a revisar la información enviada",neutral,9.59
867,143,"Lamento el inconveniente, procedo a escalar su caso de inmediato.",No puede ser que sigan cobrando mal después de tantos reclamos,negative,1.79
868,230,"Ya generé la solicitud, un técnico se comunicará en las próximas horas.","Está bien, quedo pendiente de la respuesta",neutral,1.67
869,744,"Su pago fue verificado correctamente, no hay ninguna irregularidad.","Muy buen servicio, el agente fue muy amable y resolvió todo",positive,10.86
870,82,"Entiendo su situación, permítame revisar su cuenta para ayudarle.","Necesito más información sobre el proceso, por favor!!",neutral,2.56
871,288,"Gracias por contactarnos, en un momento verifico la información.","Ok, entendido, voy a revisar la información enviada",neutral,21.6
872,366,"Lamento el inconveniente, procedo a escalar su caso de inmediato.",No puede ser que sigan cobrando mal después de tantos reclamos,negative,3.68
873,228,"Lamento el inconveniente, procedo a escalar su caso de inmediato.",No puede ser que sigan cobrando mal después de tantos reclamos,negative,11.8
874,24,"Su pago fue verificado correctamente, no hay ninguna irregularidad.","Todo excelente, seguiré siendo cliente sin duda",positive,9.55
875,52,"Con gusto le ayudo, ¿me confirma su número de cliente?","Ya no aguanto más este servicio, quiero cancelar ya mismo",negative,0.99
876,717,"Con gusto le ayudo, ¿me confirma su número de cliente?","Muchas gracias, quedó todo resuelto perfectamente",positive,1.02
877,347,"Lamento el inconveniente, procedo a escalar su caso de inmediato.",Quedé muy satisfecho con la solución que me dieron,positive,7.42
878,138,"Ya generé la solicitud, un técnico se comunicará en las próximas horas.","Está bien, quedo pendiente de la respuesta",neutral,5.74
879,644,"Gracias por contactarnos, en un momento verifico la información.","Estoy muy molesto, ya es la tercera vez que reporto lo mismo",negative,26.57
880,584,"Con gusto le ayudo, ¿me confirma su número de cliente?","Necesito más información sobre el proceso, por favor",neutral,3.04
881,724,"Entiendo su situación, permítame revisar su cuenta para ayudarle.","Ya no aguanto más este servicio, quiero cancelar ya mismo",negative,9.3
882,391,"Ya generé la solicitud, un técnico se comunicará en las próximas horas.","Genial, ya funciona el internet, gracias por la ayuda",positive,9.19
883,480,"Con gusto le ayudo, ¿me confirma su número de cliente?","Excelente atención, el problema se solucionó muy rápido",positive,5.24
884,459,"Su pago fue verificado correctamente, no hay ninguna irregularidad.","Ok, entendido, voy a revisar la información enviada",neutral,10.46
885,757,"Con gusto le ayudo, ¿me confirma su número de cliente?","Ok, entendido, voy a revisar la información enviada",neutral,3.77
886,754,"Gracias por contactarnos, en un momento verifico la información.",Es la peor experiencia que he tenido con un proveedor de internet,negative,1.01
887,605,"Ya generé la solicitud, un técnico se comunicará en las próximas horas.","Pesimo servicio, quiero hablar con un supervisor urgente",negative,3.64
888,757,"Gracias por contactarnos, en un momento verifico la información.","Está bien, quedo pendiente de la respuesta",neutral,0.73
889,674,"Lamento el inconveniente, procedo a escalar su caso de inmediato.",¿Cuánto tiempo tarda en aplicarse este cambio?!!,neutral,10.42
890,386,"Gracias por contactarnos, en un momento verifico la información.",¿Cuánto tiempo tarda en aplicarse este cambio?!!,neutral,4.13
891,703,"Entiendo su situación, permítame revisar su cuenta para ayudarle.","Muy buen servicio, el agente fue muy amable y resolvio todo",positive,13.44
892,490,"Con gusto le ayudo, ¿me confirma su número de cliente?","Excelente atención, el problema se solucionó muy rápido",positive,7.56
893,323,"Con gusto le ayudo, ¿me confirma su número de cliente?",Es la peor experiencia que he tenido con un proveedor de internet,negative,8.33
894,365,"Entiendo su situación, permítame revisar su cuenta para ayudarle.",¿Cuánto tiempo tarda en aplicarse este cambio?,neutral,2.06
895,428,"Con gusto le ayudo, ¿me confirma su número de cliente?",Me encantó la rapidez con la que atendieron mi caso,positive,3.56
896,406,"Ya generé la solicitud, un técnico se comunicará en las próximas horas.","entiendo, gracias por la información proporcionada",neutral,10.61
897,391,"Gracias por contactarnos, en un momento verifico la información.","necesito mas informacion sobre el proceso, por favor!!",neutral,3.7
898,258,"Ya generé la solicitud, un técnico se comunicará en las próximas horas.",Es indignante el tiempo que llevo esperando una respuesta,negative,1.92
899,545,"Lamento el inconveniente, procedo a escalar su caso de inmediato.",no puede ser que sigan cobrando mal después de tantos reclamos!!,negative,1.19
900,611,"Entiendo su situación, permítame revisar su cuenta para ayudarle.",¿Cuánto tiempo tarda en aplicarse este cambio?,neutral,15.23
901,657,"Ya generé la solicitud, un técnico se comunicará en las próximas horas.","estoy muy molesto, ya es la tercera vez que reporto lo mismo",negative,4.44
902,625,"Su pago fue verificado correctamente, no hay ninguna irregularidad.","Ok, entendido, voy a revisar la información enviada",neutral,25.95
903,15,"Con gusto le ayudo, ¿me confirma su número de cliente?","Esto es inaceptable, llevo tres días sin internet y nadie resuelve nada",negative,1.69
904,317,"Gracias por contactarnos, en un momento verifico la información.",Quedé muy satisfecho con la solución que me dieron,positive,2.65
905,528,"Su pago fue verificado correctamente, no hay ninguna irregularidad.","Ok, entendido, voy a revisar la información enviada",neutral,9.05
906,488,"Gracias por contactarnos, en un momento verifico la información.",¿Cuánto tiempo tarda en aplicarse este cambio?,neutral,2.42
907,108,"Ya generé la solicitud, un técnico se comunicará en las próximas horas.",No puede ser que sigan cobrando mal después de tantos reclamos,negative,9.71
908,358,"Con gusto le ayudo, ¿me confirma su número de cliente?","Estoy realmente frustrado, nadie me da una solución definitiva",negative,2.88
909,722,"Con gusto le ayudo, ¿me confirma su número de cliente?","Todo excelente, seguiré siendo cliente sin duda",positive,7.71
910,521,"Entiendo su situación, permítame revisar su cuenta para ayudarle.","Ok, entendido, voy a revisar la información enviada",neutral,5.07
911,218,"Con gusto le ayudo, ¿me confirma su número de cliente?","Esto es inaceptable, llevo tres días sin internet y nadie resuelve nada",negative,0.82
912,588,"Lamento el inconveniente, procedo a escalar su caso de inmediato.",solo quería confirmar el estado de mi solicitud,neutral,1.65
913,781,"Gracias por contactarnos, en un momento verifico la información.","Pésimo servicio, quiero hablar con un supervisor urgente",negative,4.5
914,556,"Lamento el inconveniente, procedo a escalar su caso de inmediato.","Está bien, quedo pendiente de la respuesta!!",neutral,1.96
915,445,"Ya generé la solicitud, un técnico se comunicará en las próximas horas.","Perfecto, eso era justo lo que necesitaba, gracias",positive,7.79
916,327,"Con gusto le ayudo, ¿me confirma su número de cliente?","Estoy muy molesto, ya es la tercera vez que reporto lo mismo",negative,4.06
917,78,"Gracias por contactarnos, en un momento verifico la información.",¿Podrían confirmarme el horario de atención mañana?!!,neutral,0.91
918,726,"Ya generé la solicitud, un técnico se comunicará en las próximas horas.",Es indignante el tiempo que llevo esperando una respuesta,negative,1.94
919,337,"Con gusto le ayudo, ¿me confirma su número de cliente?","Estoy muy molesto, ya es la tercera vez que reporto lo mismo",negative,3.51
920,429,"Con gusto le ayudo, ¿me confirma su número de cliente?","Esto es inaceptable, llevo tres días sin internet y nadie resuelve nada",negative,2.65
921,134,"Ya generé la solicitud, un técnico se comunicará en las próximas horas.","Estoy muy molesto, ya es la tercera vez que reporto lo mismo",negative,3.04
922,9,"Lamento el inconveniente, procedo a escalar su caso de inmediato.",No puede ser que sigan cobrando mal después de tantos reclamos,negative,8.34
923,370,"Gracias por contactarnos, en un momento verifico la información.","Esto es inaceptable, llevo tres días sin internet y nadie resuelve nada",negative,4.77
924,731,"Ya generé la solicitud, un técnico se comunicará en las próximas horas.","Pésimo servicio, quiero hablar con un supervisor urgente",negative,0.69
925,414,"Ya generé la solicitud, un técnico se comunicará en las próximas horas.",No puede ser que sigan cobrando mal después de tantos reclamos,negative,0.58
926,60,"Entiendo su situación, permítame revisar su cuenta para ayudarle.","Estoy muy molesto, ya es la tercera vez que reporto lo mismo",negative,7.67
927,593,"Lamento el inconveniente, procedo a escalar su caso de inmediato.",¿Cuánto tiempo tarda en aplicarse este cambio?,neutral,12.26
928,604,"Entiendo su situación, permítame revisar su cuenta para ayudarle.",Es la peor experiencia que he tenido con un proveedor de internet,negative,9.69
929,609,"Ya generé la solicitud, un técnico se comunicará en las próximas horas.","Estoy realmente frustrado, nadie me da una solución definitiva",negative,17.8
930,21,"Con gusto le ayudo, ¿me confirma su número de cliente?","Todo excelente, seguiré siendo cliente sin duda!!",positive,7.32
931,469,"Gracias por contactarnos, en un momento verifico la información.","Esto es inaceptable, llevo tres días sin internet y nadie resuelve nada",negative,3.63
932,181,"Entiendo su situación, permítame revisar su cuenta para ayudarle.","Muy buen servicio, el agente fue muy amable y resolvió todo",positive,6.79
933,269,"Su pago fue verificado correctamente, no hay ninguna irregularidad.",Es indignante el tiempo que llevo esperando una respuesta,negative,9.48
934,385,"Con gusto le ayudo, ¿me confirma su número de cliente?",Es la peor experiencia que he tenido con un proveedor de internet,negative,1.34
935,269,"Gracias por contactarnos, en un momento verifico la información.","Necesito más información sobre el proceso, por favor",neutral,3.16
936,736,"Ya generé la solicitud, un técnico se comunicará en las próximas horas.",no puede ser que sigan cobrando mal después de tantos reclamos,negative,1.66
937,306,"Entiendo su situación, permítame revisar su cuenta para ayudarle.","Pésimo servicio, quiero hablar con un supervisor urgente",negative,0.96
938,361,"Su pago fue verificado correctamente, no hay ninguna irregularidad.","Necesito más información sobre el proceso, por favor",neutral,7.32
939,494,"Ya generé la solicitud, un técnico se comunicará en las próximas horas.","Pésimo servicio, quiero hablar con un supervisor urgente",negative,25.19
940,558,"Con gusto le ayudo, ¿me confirma su número de cliente?","Todo excelente, seguiré siendo cliente sin duda",positive,1.19
941,359,"Con gusto le ayudo, ¿me confirma su número de cliente?","Ok, entendido, voy a revisar la información enviada!!",neutral,10.39
942,33,"Con gusto le ayudo, ¿me confirma su número de cliente?",¿Podrían confirmarme el horario de atención mañana?,neutral,4.0
943,320,"Entiendo su situación, permítame revisar su cuenta para ayudarle.",Quede muy satisfecho con la solucion que me dieron,positive,8.26
944,68,"Gracias por contactarnos, en un momento verifico la información.",Es indignante el tiempo que llevo esperando una respuesta,negative,1.53
945,663,"Con gusto le ayudo, ¿me confirma su número de cliente?",Solo quería confirmar el estado de mi solicitud,neutral,6.7
946,310,"Con gusto le ayudo, ¿me confirma su número de cliente?","De acuerdo, esperaré la llamada del técnico",neutral,2.27
947,657,"Gracias por contactarnos, en un momento verifico la información.","Muchas gracias, quedo todo resuelto perfectamente",positive,1.62
948,121,"Entiendo su situación, permítame revisar su cuenta para ayudarle.","Esto es inaceptable, llevo tres días sin internet y nadie resuelve nada",negative,12.84
949,323,"Su pago fue verificado correctamente, no hay ninguna irregularidad.",Es indignante el tiempo que llevo esperando una respuesta,negative,1.82
950,379,"Gracias por contactarnos, en un momento verifico la información.",Me encantó la rapidez con la que atendieron mi caso,positive,10.72
951,739,"Su pago fue verificado correctamente, no hay ninguna irregularidad.","Muchas gracias, quedó todo resuelto perfectamente",positive,0.99
952,447,"Con gusto le ayudo, ¿me confirma su número de cliente?",¿Podrían confirmarme el horario de atención mañana?,neutral,14.48
953,4,"Su pago fue verificado correctamente, no hay ninguna irregularidad.","Todo excelente, seguiré siendo cliente sin duda",positive,1.17
954,130,"Ya generé la solicitud, un técnico se comunicará en las próximas horas.","Perfecto, eso era justo lo que necesitaba, gracias",positive,1.18
955,766,"Con gusto le ayudo, ¿me confirma su número de cliente?",Me encantó la rapidez con la que atendieron mi caso,positive,2.41
956,390,"Ya generé la solicitud, un técnico se comunicará en las próximas horas.",No puede ser que sigan cobrando mal despues de tantos reclamos,negative,13.46
957,188,"Entiendo su situación, permítame revisar su cuenta para ayudarle.",No puede ser que sigan cobrando mal después de tantos reclamos,negative,2.1
958,293,"Gracias por contactarnos, en un momento verifico la información.","Estoy muy molesto, ya es la tercera vez que reporto lo mismo",negative,14.1
959,91,"Gracias por contactarnos, en un momento verifico la información.","Estoy realmente frustrado, nadie me da una solución definitiva",negative,4.64
960,101,"Gracias por contactarnos, en un momento verifico la información.",No puede ser que sigan cobrando mal después de tantos reclamos!!,negative,6.0
961,82,"Lamento el inconveniente, procedo a escalar su caso de inmediato.","Estoy realmente frustrado, nadie me da una solución definitiva",negative,5.5
962,453,"Ya generé la solicitud, un técnico se comunicará en las próximas horas.",¿Podrían confirmarme el horario de atención mañana?,neutral,0.86
963,504,"Lamento el inconveniente, procedo a escalar su caso de inmediato.",Solo quería confirmar el estado de mi solicitud,neutral,1.7
964,665,"Entiendo su situación, permítame revisar su cuenta para ayudarle.","genial, ya funciona el internet, gracias por la ayuda",positive,5.28
965,782,"Su pago fue verificado correctamente, no hay ninguna irregularidad.",Es indignante el tiempo que llevo esperando una respuesta,negative,1.6
966,181,"Entiendo su situación, permítame revisar su cuenta para ayudarle.","De acuerdo, esperaré la llamada del técnico",neutral,2.62
967,128,"Entiendo su situación, permítame revisar su cuenta para ayudarle.","Perfecto, eso era justo lo que necesitaba, gracias",positive,2.94
968,270,"Su pago fue verificado correctamente, no hay ninguna irregularidad.","Necesito más información sobre el proceso, por favor",neutral,15.81
969,403,"Gracias por contactarnos, en un momento verifico la información.","Esta bien, quedo pendiente de la respuesta",neutral,6.35
970,48,"Lamento el inconveniente, procedo a escalar su caso de inmediato.","Pésimo servicio, quiero hablar con un supervisor urgente",negative,3.0
971,514,"Su pago fue verificado correctamente, no hay ninguna irregularidad.",¿Cuánto tiempo tarda en aplicarse este cambio?,neutral,11.54
972,65,"Ya generé la solicitud, un técnico se comunicará en las próximas horas.","Entiendo, gracias por la información proporcionada",neutral,0.65
973,403,"Gracias por contactarnos, en un momento verifico la información.","Pesimo servicio, quiero hablar con un supervisor urgente!!",negative,10.8
974,774,"Ya generé la solicitud, un técnico se comunicará en las próximas horas.","Muchas gracias, quedó todo resuelto perfectamente",positive,14.35
975,44,"Su pago fue verificado correctamente, no hay ninguna irregularidad.","Esta bien, quedo pendiente de la respuesta!!",neutral,5.92
976,153,"Con gusto le ayudo, ¿me confirma su número de cliente?","estoy muy molesto, ya es la tercera vez que reporto lo mismo",negative,7.23
977,385,"Con gusto le ayudo, ¿me confirma su número de cliente?",Solo quería confirmar el estado de mi solicitud,neutral,3.08
978,546,"Ya generé la solicitud, un técnico se comunicará en las próximas horas.","Ya no aguanto más este servicio, quiero cancelar ya mismo",negative,8.43
979,118,"Entiendo su situación, permítame revisar su cuenta para ayudarle.","Ok, entendido, voy a revisar la información enviada",neutral,2.01
980,234,"Con gusto le ayudo, ¿me confirma su número de cliente?",Solo quería confirmar el estado de mi solicitud,neutral,17.56
981,376,"Con gusto le ayudo, ¿me confirma su número de cliente?","Pesimo servicio, quiero hablar con un supervisor urgente",negative,5.81
982,285,"Ya generé la solicitud, un técnico se comunicará en las próximas horas.","Perfecto, eso era justo lo que necesitaba, gracias",positive,1.13
983,124,"Entiendo su situación, permítame revisar su cuenta para ayudarle.","Muchas gracias, quedó todo resuelto perfectamente",positive,0.61
984,583,"Lamento el inconveniente, procedo a escalar su caso de inmediato.","Estoy muy molesto, ya es la tercera vez que reporto lo mismo",negative,2.64
985,771,"Ya generé la solicitud, un técnico se comunicará en las próximas horas.","Necesito más información sobre el proceso, por favor",neutral,10.18
986,553,"Su pago fue verificado correctamente, no hay ninguna irregularidad.","Esto es inaceptable, llevo tres días sin internet y nadie resuelve nada",negative,1.2
987,353,"Su pago fue verificado correctamente, no hay ninguna irregularidad.","Genial, ya funciona el internet, gracias por la ayuda",positive,0.77
988,456,"Lamento el inconveniente, procedo a escalar su caso de inmediato.","Excelente atención, el problema se solucionó muy rápido!!",positive,5.12
989,295,"Lamento el inconveniente, procedo a escalar su caso de inmediato.",Es la peor experiencia que he tenido con un proveedor de internet,negative,0.98
990,774,"Lamento el inconveniente, procedo a escalar su caso de inmediato.",Es indignante el tiempo que llevo esperando una respuesta,negative,2.77
991,618,"Entiendo su situación, permítame revisar su cuenta para ayudarle.","Necesito más información sobre el proceso, por favor",neutral,12.31
992,493,"Ya generé la solicitud, un técnico se comunicará en las próximas horas.","Está bien, quedo pendiente de la respuesta",neutral,10.56
993,256,"Lamento el inconveniente, procedo a escalar su caso de inmediato.","De acuerdo, esperaré la llamada del técnico",neutral,14.2
994,212,"Gracias por contactarnos, en un momento verifico la información.","Genial, ya funciona el internet, gracias por la ayuda",positive,13.29
995,676,"Ya generé la solicitud, un técnico se comunicará en las próximas horas.","Ya no aguanto más este servicio, quiero cancelar ya mismo",negative,3.28
996,185,"Gracias por contactarnos, en un momento verifico la información.",Quedé muy satisfecho con la solución que me dieron,positive,4.69
997,296,"Gracias por contactarnos, en un momento verifico la información.",Es indignante el tiempo que llevo esperando una respuesta,negative,7.67
998,399,"Con gusto le ayudo, ¿me confirma su número de cliente?",¿Cuanto tiempo tarda en aplicarse este cambio?,neutral,22.57
999,476,"Con gusto le ayudo, ¿me confirma su número de cliente?","necesito más información sobre el proceso, por favor!!",neutral,17.59
1000,580,"Con gusto le ayudo, ¿me confirma su número de cliente?","Ok, entendido, voy a revisar la informacion enviada",neutral,13.06
1001,63,"Gracias por contactarnos, en un momento verifico la información.",¿Cuánto tiempo tarda en aplicarse este cambio?,neutral,10.07
1002,19,"Ya generé la solicitud, un técnico se comunicará en las próximas horas.","Genial, ya funciona el internet, gracias por la ayuda",positive,4.74
1003,20,"Entiendo su situación, permítame revisar su cuenta para ayudarle.",¿Cuánto tiempo tarda en aplicarse este cambio?,neutral,2.0
1004,216,"Ya generé la solicitud, un técnico se comunicará en las próximas horas.","Pésimo servicio, quiero hablar con un supervisor urgente!!",negative,1.41
1005,405,"Entiendo su situación, permítame revisar su cuenta para ayudarle.",Es la peor experiencia que he tenido con un proveedor de internet,negative,10.92
1006,580,"Entiendo su situación, permítame revisar su cuenta para ayudarle.","Estoy muy molesto, ya es la tercera vez que reporto lo mismo",negative,11.1
1007,720,"Gracias por contactarnos, en un momento verifico la información.","Estoy realmente frustrado, nadie me da una solución definitiva",negative,1.41
1008,592,"Su pago fue verificado correctamente, no hay ninguna irregularidad.","Muy buen servicio, el agente fue muy amable y resolvió todo",positive,1.14
1009,438,"Entiendo su situación, permítame revisar su cuenta para ayudarle.","Muy buen servicio, el agente fue muy amable y resolvió todo",positive,9.48
1010,150,"Su pago fue verificado correctamente, no hay ninguna irregularidad.","Perfecto, eso era justo lo que necesitaba, gracias",positive,2.34
1011,332,"Su pago fue verificado correctamente, no hay ninguna irregularidad.",¿Podrían confirmarme el horario de atención mañana?,neutral,5.6
1012,585,"Lamento el inconveniente, procedo a escalar su caso de inmediato.",Es la peor experiencia que he tenido con un proveedor de internet,negative,6.91
1013,577,"Ya generé la solicitud, un técnico se comunicará en las próximas horas.","Ok, entendido, voy a revisar la información enviada",neutral,17.49
1014,788,"Su pago fue verificado correctamente, no hay ninguna irregularidad.","Todo excelente, seguiré siendo cliente sin duda",positive,4.58
1015,302,"Ya generé la solicitud, un técnico se comunicará en las próximas horas.","Esto es inaceptable, llevo tres días sin internet y nadie resuelve nada",negative,2.17
1016,279,"Gracias por contactarnos, en un momento verifico la información.","Excelente atención, el problema se solucionó muy rápido",positive,3.1
1017,629,"Ya generé la solicitud, un técnico se comunicará en las próximas horas.","Genial, ya funciona el internet, gracias por la ayuda",positive,13.03
1018,515,"Entiendo su situación, permítame revisar su cuenta para ayudarle.",Es indignante el tiempo que llevo esperando una respuesta!!,negative,0.57
1019,100,"Con gusto le ayudo, ¿me confirma su número de cliente?","estoy muy molesto, ya es la tercera vez que reporto lo mismo",negative,4.82
1020,261,"Su pago fue verificado correctamente, no hay ninguna irregularidad.",Quedé muy satisfecho con la solución que me dieron,positive,9.68
1021,521,"Lamento el inconveniente, procedo a escalar su caso de inmediato.",Es indignante el tiempo que llevo esperando una respuesta,negative,9.67
1022,683,"Con gusto le ayudo, ¿me confirma su número de cliente?","Ya no aguanto más este servicio, quiero cancelar ya mismo",negative,2.57
1023,235,"Con gusto le ayudo, ¿me confirma su número de cliente?","Necesito más información sobre el proceso, por favor",neutral,13.9
1024,771,"Gracias por contactarnos, en un momento verifico la información.","Necesito más información sobre el proceso, por favor",neutral,8.29
1025,431,"Gracias por contactarnos, en un momento verifico la información.",¿Cuánto tiempo tarda en aplicarse este cambio?,neutral,7.44
1026,102,"Su pago fue verificado correctamente, no hay ninguna irregularidad.","Estoy muy molesto, ya es la tercera vez que reporto lo mismo",negative,4.41
1027,147,"Con gusto le ayudo, ¿me confirma su número de cliente?","Muy buen servicio, el agente fue muy amable y resolvió todo",positive,2.59
1028,274,"Su pago fue verificado correctamente, no hay ninguna irregularidad.","Perfecto, eso era justo lo que necesitaba, gracias",positive,6.36
1029,6,"Entiendo su situación, permítame revisar su cuenta para ayudarle.",No puede ser que sigan cobrando mal después de tantos reclamos,negative,12.45
1030,459,"Ya generé la solicitud, un técnico se comunicará en las próximas horas.","Genial, ya funciona el internet, gracias por la ayuda",positive,1.55
1031,589,"Ya generé la solicitud, un técnico se comunicará en las próximas horas.",¿Podrían confirmarme el horario de atención mañana?,neutral,5.87
1032,528,"Con gusto le ayudo, ¿me confirma su número de cliente?","Muchas gracias, quedó todo resuelto perfectamente!!",positive,1.58
1033,438,"Entiendo su situación, permítame revisar su cuenta para ayudarle.","Está bien, quedo pendiente de la respuesta!!",neutral,17.81
1034,446,"Ya generé la solicitud, un técnico se comunicará en las próximas horas.","De acuerdo, esperaré la llamada del técnico",neutral,3.61
1035,633,"Lamento el inconveniente, procedo a escalar su caso de inmediato.","Excelente atención, el problema se solucionó muy rápido",positive,29.27
1036,791,"Entiendo su situación, permítame revisar su cuenta para ayudarle.","Muy buen servicio, el agente fue muy amable y resolvió todo",positive,56.84
1037,523,"Con gusto le ayudo, ¿me confirma su número de cliente?",Es indignante el tiempo que llevo esperando una respuesta,negative,0.73
1038,514,"Gracias por contactarnos, en un momento verifico la información.","Estoy muy molesto, ya es la tercera vez que reporto lo mismo",negative,1.01
1039,172,"Con gusto le ayudo, ¿me confirma su número de cliente?","De acuerdo, esperaré la llamada del técnico",neutral,2.25
1040,220,"Su pago fue verificado correctamente, no hay ninguna irregularidad.","Ya no aguanto mas este servicio, quiero cancelar ya mismo",negative,1.58
1041,229,"Lamento el inconveniente, procedo a escalar su caso de inmediato.","Ok, entendido, voy a revisar la información enviada",neutral,3.39
1042,460,"Lamento el inconveniente, procedo a escalar su caso de inmediato.",Quede muy satisfecho con la solucion que me dieron,positive,8.12
1043,125,"Gracias por contactarnos, en un momento verifico la información.","muchas gracias, quedo todo resuelto perfectamente",positive,2.58
1044,206,"Gracias por contactarnos, en un momento verifico la información.",Es la peor experiencia que he tenido con un proveedor de internet,negative,2.59
1045,112,"Gracias por contactarnos, en un momento verifico la información.","Pesimo servicio, quiero hablar con un supervisor urgente",negative,5.93
1046,796,"Entiendo su situación, permítame revisar su cuenta para ayudarle.","Muy buen servicio, el agente fue muy amable y resolvio todo",positive,6.58
1047,125,"Ya generé la solicitud, un técnico se comunicará en las próximas horas.",Me encanto la rapidez con la que atendieron mi caso,positive,1.85
1048,773,"Lamento el inconveniente, procedo a escalar su caso de inmediato.","Está bien, quedo pendiente de la respuesta",neutral,12.93
1049,754,"Su pago fue verificado correctamente, no hay ninguna irregularidad.","Muchas gracias, quedó todo resuelto perfectamente",positive,6.57
1050,720,"Ya generé la solicitud, un técnico se comunicará en las próximas horas.",¿Podrían confirmarme el horario de atención mañana?,neutral,9.85
1051,495,"Con gusto le ayudo, ¿me confirma su número de cliente?","estoy realmente frustrado, nadie me da una solución definitiva",negative,1.0
1052,324,"Entiendo su situación, permítame revisar su cuenta para ayudarle.","Excelente atención, el problema se solucionó muy rápido!!",positive,2.97
1053,774,"Gracias por contactarnos, en un momento verifico la información.","Entiendo, gracias por la información proporcionada",neutral,0.74
1054,188,"Lamento el inconveniente, procedo a escalar su caso de inmediato.","Perfecto, eso era justo lo que necesitaba, gracias",positive,22.62
1055,589,"Entiendo su situación, permítame revisar su cuenta para ayudarle.",No puede ser que sigan cobrando mal después de tantos reclamos,negative,1.75
1056,519,"Con gusto le ayudo, ¿me confirma su número de cliente?","Ok, entendido, voy a revisar la información enviada",neutral,3.16
1057,147,"Entiendo su situación, permítame revisar su cuenta para ayudarle.","Todo excelente, seguiré siendo cliente sin duda",positive,4.63
1058,511,"Ya generé la solicitud, un técnico se comunicará en las próximas horas.",Quedé muy satisfecho con la solución que me dieron,positive,0.71
1059,569,"Gracias por contactarnos, en un momento verifico la información.",No puede ser que sigan cobrando mal después de tantos reclamos!!,negative,4.26
1060,723,"Con gusto le ayudo, ¿me confirma su número de cliente?","estoy muy molesto, ya es la tercera vez que reporto lo mismo",negative,0.66
1061,451,"Gracias por contactarnos, en un momento verifico la información.","Genial, ya funciona el internet, gracias por la ayuda",positive,3.86
1062,14,"Lamento el inconveniente, procedo a escalar su caso de inmediato.",Quedé muy satisfecho con la solución que me dieron,positive,3.24
1063,566,"Su pago fue verificado correctamente, no hay ninguna irregularidad.",Quedé muy satisfecho con la solución que me dieron,positive,4.12
1064,39,"Entiendo su situación, permítame revisar su cuenta para ayudarle.","todo excelente, seguire siendo cliente sin duda",positive,7.36
1065,10,"Ya generé la solicitud, un técnico se comunicará en las próximas horas.","Excelente atencion, el problema se soluciono muy rapido",positive,14.94
1066,233,"Entiendo su situación, permítame revisar su cuenta para ayudarle.",me encantó la rapidez con la que atendieron mi caso,positive,21.6
1067,780,"Entiendo su situación, permítame revisar su cuenta para ayudarle.","Necesito más información sobre el proceso, por favor",neutral,14.59
1068,617,"Ya generé la solicitud, un técnico se comunicará en las próximas horas.","Perfecto, eso era justo lo que necesitaba, gracias",positive,5.95
1069,264,"Su pago fue verificado correctamente, no hay ninguna irregularidad.","Excelente atención, el problema se solucionó muy rápido",positive,6.2
1070,687,"Ya generé la solicitud, un técnico se comunicará en las próximas horas.","Genial, ya funciona el internet, gracias por la ayuda!!",positive,1.93
1071,680,"Ya generé la solicitud, un técnico se comunicará en las próximas horas.",¿Cuánto tiempo tarda en aplicarse este cambio?,neutral,1.48
1072,178,"Con gusto le ayudo, ¿me confirma su número de cliente?","Esto es inaceptable, llevo tres días sin internet y nadie resuelve nada",negative,1.36
1073,27,"Con gusto le ayudo, ¿me confirma su número de cliente?","perfecto, eso era justo lo que necesitaba, gracias",positive,6.67
1074,11,"Ya generé la solicitud, un técnico se comunicará en las próximas horas.","Excelente atencion, el problema se soluciono muy rapido",positive,9.57
1075,25,"Lamento el inconveniente, procedo a escalar su caso de inmediato.","Genial, ya funciona el internet, gracias por la ayuda",positive,3.45
1076,390,"Entiendo su situación, permítame revisar su cuenta para ayudarle.",Es indignante el tiempo que llevo esperando una respuesta,negative,3.76
1077,9,"Su pago fue verificado correctamente, no hay ninguna irregularidad.",Es la peor experiencia que he tenido con un proveedor de internet,negative,6.99
1078,154,"Ya generé la solicitud, un técnico se comunicará en las próximas horas.","Estoy realmente frustrado, nadie me da una solución definitiva",negative,10.66
1079,495,"Con gusto le ayudo, ¿me confirma su número de cliente?",¿Cuánto tiempo tarda en aplicarse este cambio?,neutral,8.25
1080,216,"Lamento el inconveniente, procedo a escalar su caso de inmediato.","excelente atención, el problema se solucionó muy rápido",positive,8.4
1081,656,"Gracias por contactarnos, en un momento verifico la información.",Solo quería confirmar el estado de mi solicitud,neutral,4.19
1082,352,"Lamento el inconveniente, procedo a escalar su caso de inmediato.",Quedé muy satisfecho con la solución que me dieron,positive,2.61
1083,752,"Entiendo su situación, permítame revisar su cuenta para ayudarle.",Solo quería confirmar el estado de mi solicitud,neutral,4.3
1084,640,"Gracias por contactarnos, en un momento verifico la información.","Excelente atención, el problema se solucionó muy rápido",positive,14.42
1085,529,"Su pago fue verificado correctamente, no hay ninguna irregularidad.",Es indignante el tiempo que llevo esperando una respuesta,negative,3.66
1086,226,"Su pago fue verificado correctamente, no hay ninguna irregularidad.",Solo quería confirmar el estado de mi solicitud,neutral,9.58
1087,702,"Con gusto le ayudo, ¿me confirma su número de cliente?",¿Cuánto tiempo tarda en aplicarse este cambio?,neutral,3.98
1088,612,"Gracias por contactarnos, en un momento verifico la información.",¿Cuanto tiempo tarda en aplicarse este cambio?!!,neutral,3.58
1089,789,"Entiendo su situación, permítame revisar su cuenta para ayudarle.","Estoy realmente frustrado, nadie me da una solución definitiva",negative,1.03
1090,295,"Con gusto le ayudo, ¿me confirma su número de cliente?",Quede muy satisfecho con la solucion que me dieron,positive,1.11
1091,227,"Su pago fue verificado correctamente, no hay ninguna irregularidad.","Muchas gracias, quedo todo resuelto perfectamente",positive,4.0
1092,227,"Su pago fue verificado correctamente, no hay ninguna irregularidad.","De acuerdo, esperaré la llamada del técnico",neutral,12.06
1093,247,"Gracias por contactarnos, en un momento verifico la información.","Genial, ya funciona el internet, gracias por la ayuda",positive,0.68
1094,21,"Lamento el inconveniente, procedo a escalar su caso de inmediato.",es la peor experiencia que he tenido con un proveedor de internet,negative,4.36
1095,316,"Lamento el inconveniente, procedo a escalar su caso de inmediato.","Genial, ya funciona el internet, gracias por la ayuda",positive,12.51
1096,312,"Entiendo su situación, permítame revisar su cuenta para ayudarle.","Esto es inaceptable, llevo tres días sin internet y nadie resuelve nada",negative,5.03
1097,440,"Entiendo su situación, permítame revisar su cuenta para ayudarle.","Entiendo, gracias por la información proporcionada",neutral,2.15
1098,234,"Lamento el inconveniente, procedo a escalar su caso de inmediato.","Ya no aguanto más este servicio, quiero cancelar ya mismo",negative,13.52
1099,698,"Con gusto le ayudo, ¿me confirma su número de cliente?","Perfecto, eso era justo lo que necesitaba, gracias!!",positive,1.41
1100,501,"Entiendo su situación, permítame revisar su cuenta para ayudarle.",Es indignante el tiempo que llevo esperando una respuesta,negative,1.14
1101,744,"Gracias por contactarnos, en un momento verifico la información.","Esto es inaceptable, llevo tres días sin internet y nadie resuelve nada",negative,5.42
1102,697,"Lamento el inconveniente, procedo a escalar su caso de inmediato.","De acuerdo, esperare la llamada del tecnico",neutral,6.03
1103,560,"Gracias por contactarnos, en un momento verifico la información.","Genial, ya funciona el internet, gracias por la ayuda",positive,8.45
1104,361,"Gracias por contactarnos, en un momento verifico la información.","Necesito más información sobre el proceso, por favor",neutral,8.36
1105,137,"Lamento el inconveniente, procedo a escalar su caso de inmediato.","Excelente atencion, el problema se soluciono muy rapido",positive,2.65
1106,665,"Gracias por contactarnos, en un momento verifico la información.","Excelente atención, el problema se solucionó muy rápido!!",positive,6.58
1107,94,"Lamento el inconveniente, procedo a escalar su caso de inmediato.","Genial, ya funciona el internet, gracias por la ayuda",positive,1.66
1108,398,"Ya generé la solicitud, un técnico se comunicará en las próximas horas.","Necesito más información sobre el proceso, por favor",neutral,3.59
1109,339,"Su pago fue verificado correctamente, no hay ninguna irregularidad.","Genial, ya funciona el internet, gracias por la ayuda",positive,2.16
1110,779,"Su pago fue verificado correctamente, no hay ninguna irregularidad.",No puede ser que sigan cobrando mal después de tantos reclamos,negative,11.05
1111,430,"Con gusto le ayudo, ¿me confirma su número de cliente?",Me encantó la rapidez con la que atendieron mi caso,positive,9.86
1112,243,"Entiendo su situación, permítame revisar su cuenta para ayudarle.",¿Podrían confirmarme el horario de atención mañana?,neutral,3.61
1113,44,"Entiendo su situación, permítame revisar su cuenta para ayudarle.",¿Cuánto tiempo tarda en aplicarse este cambio?,neutral,6.73
1114,756,"Su pago fue verificado correctamente, no hay ninguna irregularidad.","Todo excelente, seguiré siendo cliente sin duda",positive,0.87
1115,308,"Ya generé la solicitud, un técnico se comunicará en las próximas horas.",Quedé muy satisfecho con la solución que me dieron,positive,12.85
1116,173,"Gracias por contactarnos, en un momento verifico la información.",¿Podrían confirmarme el horario de atención mañana?!!,neutral,7.83
1117,98,"Ya generé la solicitud, un técnico se comunicará en las próximas horas.","ya no aguanto más este servicio, quiero cancelar ya mismo",negative,9.31
1118,167,"Con gusto le ayudo, ¿me confirma su número de cliente?","ya no aguanto más este servicio, quiero cancelar ya mismo",negative,3.77
1119,652,"Entiendo su situación, permítame revisar su cuenta para ayudarle.","Ya no aguanto más este servicio, quiero cancelar ya mismo",negative,18.28
1120,242,"Gracias por contactarnos, en un momento verifico la información.","Está bien, quedo pendiente de la respuesta",neutral,21.58
1121,244,"Con gusto le ayudo, ¿me confirma su número de cliente?",Es la peor experiencia que he tenido con un proveedor de internet,negative,7.97
1122,81,"Entiendo su situación, permítame revisar su cuenta para ayudarle.","Pésimo servicio, quiero hablar con un supervisor urgente",negative,6.0
1123,217,"Su pago fue verificado correctamente, no hay ninguna irregularidad.","Todo excelente, seguiré siendo cliente sin duda",positive,1.31
1124,452,"Su pago fue verificado correctamente, no hay ninguna irregularidad.","muchas gracias, quedó todo resuelto perfectamente",positive,5.34
1125,317,"Su pago fue verificado correctamente, no hay ninguna irregularidad.","Estoy realmente frustrado, nadie me da una solución definitiva",negative,4.28
1126,669,"Con gusto le ayudo, ¿me confirma su número de cliente?","Ok, entendido, voy a revisar la información enviada",neutral,1.89
1127,322,"Con gusto le ayudo, ¿me confirma su número de cliente?","Entiendo, gracias por la información proporcionada!!",neutral,2.58
1128,53,"Entiendo su situación, permítame revisar su cuenta para ayudarle.","Estoy muy molesto, ya es la tercera vez que reporto lo mismo",negative,6.81
1129,393,"Con gusto le ayudo, ¿me confirma su número de cliente?","Entiendo, gracias por la informacion proporcionada",neutral,6.8
1130,81,"Ya generé la solicitud, un técnico se comunicará en las próximas horas.",Es la peor experiencia que he tenido con un proveedor de internet,negative,12.27
1131,636,"Ya generé la solicitud, un técnico se comunicará en las próximas horas.","Esta bien, quedo pendiente de la respuesta",neutral,1.35
1132,577,"Entiendo su situación, permítame revisar su cuenta para ayudarle.","Todo excelente, seguiré siendo cliente sin duda",positive,6.05
1133,410,"Gracias por contactarnos, en un momento verifico la información.","Estoy muy molesto, ya es la tercera vez que reporto lo mismo",negative,16.22
1134,617,"Entiendo su situación, permítame revisar su cuenta para ayudarle.","Está bien, quedo pendiente de la respuesta",neutral,3.26
1135,246,"Su pago fue verificado correctamente, no hay ninguna irregularidad.","Está bien, quedo pendiente de la respuesta",neutral,18.27
1136,516,"Con gusto le ayudo, ¿me confirma su número de cliente?","De acuerdo, esperaré la llamada del técnico",neutral,10.56
1137,9,"Lamento el inconveniente, procedo a escalar su caso de inmediato.","Muy buen servicio, el agente fue muy amable y resolvió todo!!",positive,5.07
1138,499,"Lamento el inconveniente, procedo a escalar su caso de inmediato.","entiendo, gracias por la información proporcionada!!",neutral,2.68
1139,23,"Con gusto le ayudo, ¿me confirma su número de cliente?","Ok, entendido, voy a revisar la informacion enviada",neutral,2.02
1140,315,"Gracias por contactarnos, en un momento verifico la información.","Perfecto, eso era justo lo que necesitaba, gracias",positive,4.77
1141,627,"Entiendo su situación, permítame revisar su cuenta para ayudarle.","Perfecto, eso era justo lo que necesitaba, gracias",positive,7.81
1142,628,"Gracias por contactarnos, en un momento verifico la información.",Es la peor experiencia que he tenido con un proveedor de internet,negative,6.61
1143,504,"Su pago fue verificado correctamente, no hay ninguna irregularidad.","Estoy muy molesto, ya es la tercera vez que reporto lo mismo",negative,1.16
1144,143,"Su pago fue verificado correctamente, no hay ninguna irregularidad.","Ya no aguanto más este servicio, quiero cancelar ya mismo",negative,4.49
1145,679,"Entiendo su situación, permítame revisar su cuenta para ayudarle.",Es la peor experiencia que he tenido con un proveedor de internet,negative,10.26
1146,321,"Entiendo su situación, permítame revisar su cuenta para ayudarle.","Perfecto, eso era justo lo que necesitaba, gracias",positive,1.51
1147,486,"Su pago fue verificado correctamente, no hay ninguna irregularidad.","Esta bien, quedo pendiente de la respuesta",neutral,1.04
1148,329,"Ya generé la solicitud, un técnico se comunicará en las próximas horas.","Genial, ya funciona el internet, gracias por la ayuda!!",positive,3.46
1149,597,"Lamento el inconveniente, procedo a escalar su caso de inmediato.",Quedé muy satisfecho con la solución que me dieron,positive,9.03
1150,241,"Ya generé la solicitud, un técnico se comunicará en las próximas horas.","Perfecto, eso era justo lo que necesitaba, gracias",positive,1.45
1151,797,"Con gusto le ayudo, ¿me confirma su número de cliente?",solo quería confirmar el estado de mi solicitud,neutral,3.82
1152,429,"Ya generé la solicitud, un técnico se comunicará en las próximas horas.",Me encantó la rapidez con la que atendieron mi caso,positive,0.88
1153,114,"Gracias por contactarnos, en un momento verifico la información.","Muchas gracias, quedo todo resuelto perfectamente",positive,1.61
1154,470,"Con gusto le ayudo, ¿me confirma su número de cliente?","muchas gracias, quedó todo resuelto perfectamente!!",positive,13.25
1155,84,"Entiendo su situación, permítame revisar su cuenta para ayudarle.","Esto es inaceptable, llevo tres días sin internet y nadie resuelve nada",negative,12.2
1156,747,"Lamento el inconveniente, procedo a escalar su caso de inmediato.",Solo queria confirmar el estado de mi solicitud,neutral,2.05
1157,532,"Entiendo su situación, permítame revisar su cuenta para ayudarle.",¿Podrían confirmarme el horario de atención mañana?,neutral,4.96
1158,541,"Ya generé la solicitud, un técnico se comunicará en las próximas horas.","Pésimo servicio, quiero hablar con un supervisor urgente",negative,2.02
1159,41,"Ya generé la solicitud, un técnico se comunicará en las próximas horas.","Excelente atención, el problema se solucionó muy rápido",positive,7.62
1160,638,"Ya generé la solicitud, un técnico se comunicará en las próximas horas.",Solo queria confirmar el estado de mi solicitud,neutral,14.17
1161,661,"Su pago fue verificado correctamente, no hay ninguna irregularidad.","Excelente atención, el problema se solucionó muy rápido",positive,9.34
1162,164,"Gracias por contactarnos, en un momento verifico la información.",¿Podrían confirmarme el horario de atención mañana?,neutral,8.1
1163,583,"Ya generé la solicitud, un técnico se comunicará en las próximas horas.",Es la peor experiencia que he tenido con un proveedor de internet,negative,1.81
1164,591,"Su pago fue verificado correctamente, no hay ninguna irregularidad.",¿Cuánto tiempo tarda en aplicarse este cambio?!!,neutral,20.52
1165,414,"Entiendo su situación, permítame revisar su cuenta para ayudarle.","Muy buen servicio, el agente fue muy amable y resolvió todo!!",positive,3.31
1166,127,"Ya generé la solicitud, un técnico se comunicará en las próximas horas.",No puede ser que sigan cobrando mal después de tantos reclamos,negative,4.6
1167,397,"Ya generé la solicitud, un técnico se comunicará en las próximas horas.","esto es inaceptable, llevo tres días sin internet y nadie resuelve nada",negative,8.07
1168,242,"Ya generé la solicitud, un técnico se comunicará en las próximas horas.","Estoy realmente frustrado, nadie me da una solución definitiva",negative,0.63
1169,787,"Gracias por contactarnos, en un momento verifico la información.",Me encantó la rapidez con la que atendieron mi caso!!,positive,1.27
1170,39,"Su pago fue verificado correctamente, no hay ninguna irregularidad.","Muchas gracias, quedó todo resuelto perfectamente",positive,9.11
1171,80,"Entiendo su situación, permítame revisar su cuenta para ayudarle.",Solo quería confirmar el estado de mi solicitud,neutral,5.08
1172,184,"Entiendo su situación, permítame revisar su cuenta para ayudarle.",Solo quería confirmar el estado de mi solicitud,neutral,6.53
1173,672,"Gracias por contactarnos, en un momento verifico la información.","Perfecto, eso era justo lo que necesitaba, gracias",positive,1.7
1174,184,"Lamento el inconveniente, procedo a escalar su caso de inmediato.",Me encanto la rapidez con la que atendieron mi caso,positive,6.59
1175,560,"Ya generé la solicitud, un técnico se comunicará en las próximas horas.","Perfecto, eso era justo lo que necesitaba, gracias",positive,2.78
1176,520,"Su pago fue verificado correctamente, no hay ninguna irregularidad.",¿Podrian confirmarme el horario de atencion mañana?,neutral,0.89
1177,560,"Ya generé la solicitud, un técnico se comunicará en las próximas horas.",¿Podrían confirmarme el horario de atención mañana?,neutral,14.96
1178,795,"Gracias por contactarnos, en un momento verifico la información.","muy buen servicio, el agente fue muy amable y resolvió todo",positive,4.69
1179,267,"Gracias por contactarnos, en un momento verifico la información.","esto es inaceptable, llevo tres días sin internet y nadie resuelve nada",negative,0.85
1180,507,"Su pago fue verificado correctamente, no hay ninguna irregularidad.",¿Cuánto tiempo tarda en aplicarse este cambio?,neutral,2.6
1181,675,"Entiendo su situación, permítame revisar su cuenta para ayudarle.",Me encantó la rapidez con la que atendieron mi caso,positive,1.13
1182,422,"Lamento el inconveniente, procedo a escalar su caso de inmediato.","Genial, ya funciona el internet, gracias por la ayuda",positive,1.5
1183,240,"Con gusto le ayudo, ¿me confirma su número de cliente?","Excelente atención, el problema se solucionó muy rápido",positive,1.78
1184,799,"Gracias por contactarnos, en un momento verifico la información.","Genial, ya funciona el internet, gracias por la ayuda",positive,3.24
1185,8,"Con gusto le ayudo, ¿me confirma su número de cliente?","Esto es inaceptable, llevo tres días sin internet y nadie resuelve nada",negative,2.79
1186,395,"Lamento el inconveniente, procedo a escalar su caso de inmediato.",Solo queria confirmar el estado de mi solicitud,neutral,1.51
1187,212,"Entiendo su situación, permítame revisar su cuenta para ayudarle.","Muchas gracias, quedó todo resuelto perfectamente",positive,18.06
1188,409,"Lamento el inconveniente, procedo a escalar su caso de inmediato.","Perfecto, eso era justo lo que necesitaba, gracias",positive,7.13
1189,704,"Su pago fue verificado correctamente, no hay ninguna irregularidad.",¿Podrían confirmarme el horario de atención mañana?,neutral,11.84
1190,344,"Gracias por contactarnos, en un momento verifico la información.",¿Cuánto tiempo tarda en aplicarse este cambio?!!,neutral,14.76
1191,16,"Gracias por contactarnos, en un momento verifico la información.","Perfecto, eso era justo lo que necesitaba, gracias",positive,1.65
1192,241,"Lamento el inconveniente, procedo a escalar su caso de inmediato.",No puede ser que sigan cobrando mal después de tantos reclamos,negative,21.86
1193,274,"Gracias por contactarnos, en un momento verifico la información.","De acuerdo, esperaré la llamada del técnico",neutral,15.29
1194,234,"Entiendo su situación, permítame revisar su cuenta para ayudarle.",quedé muy satisfecho con la solución que me dieron,positive,1.21
1195,285,"Gracias por contactarnos, en un momento verifico la información.",Quedé muy satisfecho con la solución que me dieron!!,positive,0.71
1196,780,"Con gusto le ayudo, ¿me confirma su número de cliente?","ok, entendido, voy a revisar la información enviada",neutral,9.93
1197,156,"Entiendo su situación, permítame revisar su cuenta para ayudarle.","entiendo, gracias por la información proporcionada",neutral,3.36
1198,72,"Con gusto le ayudo, ¿me confirma su número de cliente?",¿Podrían confirmarme el horario de atención mañana?,neutral,3.61
1199,132,"Entiendo su situación, permítame revisar su cuenta para ayudarle.","Muchas gracias, quedó todo resuelto perfectamente",positive,8.35
1200,278,"Su pago fue verificado correctamente, no hay ninguna irregularidad.","Entiendo, gracias por la información proporcionada",neutral,8.01
1201,55,"Ya generé la solicitud, un técnico se comunicará en las próximas horas.","Estoy realmente frustrado, nadie me da una solucion definitiva",negative,9.78
1202,302,"Lamento el inconveniente, procedo a escalar su caso de inmediato.","ya no aguanto más este servicio, quiero cancelar ya mismo",negative,6.62
1203,566,"Gracias por contactarnos, en un momento verifico la información.",¿Podrían confirmarme el horario de atención mañana?,neutral,4.25
1204,568,"Su pago fue verificado correctamente, no hay ninguna irregularidad.",Solo quería confirmar el estado de mi solicitud,neutral,20.25
1205,350,"Gracias por contactarnos, en un momento verifico la información.","Todo excelente, seguiré siendo cliente sin duda",positive,0.52
1206,274,"Con gusto le ayudo, ¿me confirma su número de cliente?","Muy buen servicio, el agente fue muy amable y resolvió todo",positive,2.79
1207,786,"Con gusto le ayudo, ¿me confirma su número de cliente?",Quedé muy satisfecho con la solución que me dieron,positive,1.52
1208,788,"Gracias por contactarnos, en un momento verifico la información.","Esto es inaceptable, llevo tres días sin internet y nadie resuelve nada",negative,4.06
1209,110,"Entiendo su situación, permítame revisar su cuenta para ayudarle.","muy buen servicio, el agente fue muy amable y resolvió todo",positive,1.74
1210,766,"Ya generé la solicitud, un técnico se comunicará en las próximas horas.","Ok, entendido, voy a revisar la información enviada",neutral,4.19
1211,308,"Con gusto le ayudo, ¿me confirma su número de cliente?",Quedé muy satisfecho con la solución que me dieron,positive,20.95
1212,668,"Su pago fue verificado correctamente, no hay ninguna irregularidad.","ya no aguanto más este servicio, quiero cancelar ya mismo",negative,13.81
1213,571,"Con gusto le ayudo, ¿me confirma su número de cliente?","Todo excelente, seguiré siendo cliente sin duda!!",positive,5.07
1214,455,"Lamento el inconveniente, procedo a escalar su caso de inmediato.","Todo excelente, seguiré siendo cliente sin duda",positive,2.25
1215,424,"Lamento el inconveniente, procedo a escalar su caso de inmediato.","Ok, entendido, voy a revisar la información enviada",neutral,10.47
1216,708,"Gracias por contactarnos, en un momento verifico la información.",¿Cuánto tiempo tarda en aplicarse este cambio?,neutral,1.08
1217,89,"Lamento el inconveniente, procedo a escalar su caso de inmediato.",Solo quería confirmar el estado de mi solicitud,neutral,5.33
1218,335,"Con gusto le ayudo, ¿me confirma su número de cliente?",Me encantó la rapidez con la que atendieron mi caso!!,positive,6.19
1219,3,"Gracias por contactarnos, en un momento verifico la información.","Ok, entendido, voy a revisar la información enviada",neutral,1.52
1220,757,"Entiendo su situación, permítame revisar su cuenta para ayudarle.","Esto es inaceptable, llevo tres días sin internet y nadie resuelve nada",negative,2.37
1221,341,"Lamento el inconveniente, procedo a escalar su caso de inmediato.","Necesito más información sobre el proceso, por favor",neutral,6.62
1222,461,"Entiendo su situación, permítame revisar su cuenta para ayudarle.","necesito más información sobre el proceso, por favor",neutral,7.14
1223,279,"Ya generé la solicitud, un técnico se comunicará en las próximas horas.","Pesimo servicio, quiero hablar con un supervisor urgente",negative,14.8
1224,262,"Ya generé la solicitud, un técnico se comunicará en las próximas horas.",Es indignante el tiempo que llevo esperando una respuesta,negative,4.88
1225,14,"Ya generé la solicitud, un técnico se comunicará en las próximas horas.","Todo excelente, seguiré siendo cliente sin duda",positive,17.27
1226,48,"Su pago fue verificado correctamente, no hay ninguna irregularidad.","Genial, ya funciona el internet, gracias por la ayuda",positive,13.35
1227,761,"Con gusto le ayudo, ¿me confirma su número de cliente?","Estoy realmente frustrado, nadie me da una solución definitiva",negative,2.76
1228,367,"Con gusto le ayudo, ¿me confirma su número de cliente?",Solo quería confirmar el estado de mi solicitud,neutral,3.67
1229,272,"Con gusto le ayudo, ¿me confirma su número de cliente?","Genial, ya funciona el internet, gracias por la ayuda",positive,12.19
1230,119,"Con gusto le ayudo, ¿me confirma su número de cliente?",¿Podrían confirmarme el horario de atención mañana?,neutral,0.93
1231,322,"Su pago fue verificado correctamente, no hay ninguna irregularidad.","estoy muy molesto, ya es la tercera vez que reporto lo mismo",negative,21.46
1232,718,"Ya generé la solicitud, un técnico se comunicará en las próximas horas.","Ok, entendido, voy a revisar la informacion enviada",neutral,2.24
1233,441,"Gracias por contactarnos, en un momento verifico la información.",Me encantó la rapidez con la que atendieron mi caso,positive,6.81
1234,731,"Lamento el inconveniente, procedo a escalar su caso de inmediato.","Ok, entendido, voy a revisar la información enviada",neutral,2.16
1235,447,"Su pago fue verificado correctamente, no hay ninguna irregularidad.","Excelente atencion, el problema se soluciono muy rapido!!",positive,5.07
1236,75,"Lamento el inconveniente, procedo a escalar su caso de inmediato.",Solo queria confirmar el estado de mi solicitud,neutral,15.66
1237,770,"Gracias por contactarnos, en un momento verifico la información.","Todo excelente, seguiré siendo cliente sin duda",positive,12.66
1238,724,"Lamento el inconveniente, procedo a escalar su caso de inmediato.","Estoy muy molesto, ya es la tercera vez que reporto lo mismo",negative,4.14
1239,552,"Su pago fue verificado correctamente, no hay ninguna irregularidad.",Es indignante el tiempo que llevo esperando una respuesta,negative,1.35
1240,180,"Entiendo su situación, permítame revisar su cuenta para ayudarle.","Muy buen servicio, el agente fue muy amable y resolvio todo",positive,1.0
1241,213,"Su pago fue verificado correctamente, no hay ninguna irregularidad.","pésimo servicio, quiero hablar con un supervisor urgente",negative,6.58
1242,745,"Entiendo su situación, permítame revisar su cuenta para ayudarle.","Pésimo servicio, quiero hablar con un supervisor urgente",negative,3.94
1243,237,"Lamento el inconveniente, procedo a escalar su caso de inmediato.","Excelente atención, el problema se solucionó muy rápido",positive,5.16
1244,177,"Con gusto le ayudo, ¿me confirma su número de cliente?","Ok, entendido, voy a revisar la informacion enviada",neutral,3.62
1245,437,"Su pago fue verificado correctamente, no hay ninguna irregularidad.",Es indignante el tiempo que llevo esperando una respuesta,negative,2.07
1246,754,"Entiendo su situación, permítame revisar su cuenta para ayudarle.","Ok, entendido, voy a revisar la información enviada",neutral,10.5
1247,226,"Con gusto le ayudo, ¿me confirma su número de cliente?","perfecto, eso era justo lo que necesitaba, gracias",positive,12.51
1248,33,"Lamento el inconveniente, procedo a escalar su caso de inmediato.","Estoy muy molesto, ya es la tercera vez que reporto lo mismo",negative,11.21
1249,298,"Con gusto le ayudo, ¿me confirma su número de cliente?","Pésimo servicio, quiero hablar con un supervisor urgente",negative,1.0
1250,771,"Entiendo su situación, permítame revisar su cuenta para ayudarle.",Me encantó la rapidez con la que atendieron mi caso,positive,4.84
1251,595,"Gracias por contactarnos, en un momento verifico la información.","Muchas gracias, quedo todo resuelto perfectamente",positive,0.71
1252,670,"Entiendo su situación, permítame revisar su cuenta para ayudarle.","Pésimo servicio, quiero hablar con un supervisor urgente",negative,10.32
1253,300,"Con gusto le ayudo, ¿me confirma su número de cliente?","Perfecto, eso era justo lo que necesitaba, gracias",positive,5.49
1254,704,"Lamento el inconveniente, procedo a escalar su caso de inmediato.",Es la peor experiencia que he tenido con un proveedor de internet,negative,8.8
1255,112,"Lamento el inconveniente, procedo a escalar su caso de inmediato.","Necesito más información sobre el proceso, por favor",neutral,10.21
1256,562,"Gracias por contactarnos, en un momento verifico la información.",¿Podrían confirmarme el horario de atención mañana?!!,neutral,6.35
1257,109,"Gracias por contactarnos, en un momento verifico la información.","Ya no aguanto más este servicio, quiero cancelar ya mismo",negative,5.24
1258,634,"Su pago fue verificado correctamente, no hay ninguna irregularidad.","Muy buen servicio, el agente fue muy amable y resolvio todo!!",positive,1.05
1259,2,"Gracias por contactarnos, en un momento verifico la información.",No puede ser que sigan cobrando mal después de tantos reclamos,negative,4.56
1260,564,"Su pago fue verificado correctamente, no hay ninguna irregularidad.",Es indignante el tiempo que llevo esperando una respuesta,negative,4.56
1261,647,"Su pago fue verificado correctamente, no hay ninguna irregularidad.","Estoy realmente frustrado, nadie me da una solucion definitiva",negative,1.55
1262,535,"Su pago fue verificado correctamente, no hay ninguna irregularidad.","Muchas gracias, quedó todo resuelto perfectamente",positive,0.76
1263,540,"Entiendo su situación, permítame revisar su cuenta para ayudarle.","Necesito más información sobre el proceso, por favor",neutral,5.03
1264,474,"Gracias por contactarnos, en un momento verifico la información.","Entiendo, gracias por la información proporcionada",neutral,2.36
1265,476,"Con gusto le ayudo, ¿me confirma su número de cliente?","Estoy muy molesto, ya es la tercera vez que reporto lo mismo",negative,24.37
1266,255,"Gracias por contactarnos, en un momento verifico la información.","Pésimo servicio, quiero hablar con un supervisor urgente",negative,12.35
1267,462,"Su pago fue verificado correctamente, no hay ninguna irregularidad.",Es indignante el tiempo que llevo esperando una respuesta,negative,0.92
1268,174,"Gracias por contactarnos, en un momento verifico la información.","Muchas gracias, quedó todo resuelto perfectamente",positive,8.55
1269,418,"Entiendo su situación, permítame revisar su cuenta para ayudarle.","Estoy muy molesto, ya es la tercera vez que reporto lo mismo",negative,6.47
1270,477,"Lamento el inconveniente, procedo a escalar su caso de inmediato.","genial, ya funciona el internet, gracias por la ayuda",positive,10.94
1271,488,"Gracias por contactarnos, en un momento verifico la información.","Genial, ya funciona el internet, gracias por la ayuda",positive,10.14
1272,321,"Ya generé la solicitud, un técnico se comunicará en las próximas horas.","Genial, ya funciona el internet, gracias por la ayuda",positive,5.11
1273,497,"Ya generé la solicitud, un técnico se comunicará en las próximas horas.","entiendo, gracias por la información proporcionada",neutral,3.66
1274,41,"Lamento el inconveniente, procedo a escalar su caso de inmediato.","Esto es inaceptable, llevo tres dias sin internet y nadie resuelve nada",negative,6.59
1275,598,"Lamento el inconveniente, procedo a escalar su caso de inmediato.","Estoy muy molesto, ya es la tercera vez que reporto lo mismo",negative,2.48
1276,97,"Gracias por contactarnos, en un momento verifico la información.","perfecto, eso era justo lo que necesitaba, gracias",positive,3.11
1277,697,"Gracias por contactarnos, en un momento verifico la información.",No puede ser que sigan cobrando mal despues de tantos reclamos,negative,2.68
1278,771,"Ya generé la solicitud, un técnico se comunicará en las próximas horas.",Es la peor experiencia que he tenido con un proveedor de internet,negative,1.8
1279,241,"Lamento el inconveniente, procedo a escalar su caso de inmediato.",No puede ser que sigan cobrando mal despues de tantos reclamos,negative,13.05
1280,491,"Su pago fue verificado correctamente, no hay ninguna irregularidad.",quedé muy satisfecho con la solución que me dieron,positive,7.17
1281,377,"Gracias por contactarnos, en un momento verifico la información.","Ya no aguanto más este servicio, quiero cancelar ya mismo!!",negative,22.33
1282,364,"Ya generé la solicitud, un técnico se comunicará en las próximas horas.","Muy buen servicio, el agente fue muy amable y resolvió todo",positive,8.83
1283,14,"Ya generé la solicitud, un técnico se comunicará en las próximas horas.",Quedé muy satisfecho con la solución que me dieron!!,positive,4.17
1284,70,"Su pago fue verificado correctamente, no hay ninguna irregularidad.",quedé muy satisfecho con la solución que me dieron,positive,5.23
1285,262,"Ya generé la solicitud, un técnico se comunicará en las próximas horas.",Solo queria confirmar el estado de mi solicitud,neutral,10.01
1286,375,"Su pago fue verificado correctamente, no hay ninguna irregularidad.","Muchas gracias, quedó todo resuelto perfectamente",positive,2.96
1287,395,"Entiendo su situación, permítame revisar su cuenta para ayudarle.","Está bien, quedo pendiente de la respuesta",neutral,2.68
1288,660,"Entiendo su situación, permítame revisar su cuenta para ayudarle.","Estoy realmente frustrado, nadie me da una solución definitiva",negative,1.18
1289,785,"Su pago fue verificado correctamente, no hay ninguna irregularidad.","esto es inaceptable, llevo tres dias sin internet y nadie resuelve nada",negative,3.71
1290,278,"Entiendo su situación, permítame revisar su cuenta para ayudarle.",Es la peor experiencia que he tenido con un proveedor de internet,negative,1.9
1291,207,"Ya generé la solicitud, un técnico se comunicará en las próximas horas.",Es la peor experiencia que he tenido con un proveedor de internet,negative,0.59
1292,174,"Lamento el inconveniente, procedo a escalar su caso de inmediato.",¿Podrían confirmarme el horario de atención mañana?,neutral,1.39
1293,416,"Lamento el inconveniente, procedo a escalar su caso de inmediato.","De acuerdo, esperaré la llamada del técnico",neutral,1.77
1294,758,"Lamento el inconveniente, procedo a escalar su caso de inmediato.","Necesito más información sobre el proceso, por favor",neutral,9.41
1295,41,"Su pago fue verificado correctamente, no hay ninguna irregularidad.","Pésimo servicio, quiero hablar con un supervisor urgente",negative,2.15
1296,293,"Gracias por contactarnos, en un momento verifico la información.","estoy realmente frustrado, nadie me da una solución definitiva",negative,4.64
1297,666,"Entiendo su situación, permítame revisar su cuenta para ayudarle.",Quedé muy satisfecho con la solución que me dieron,positive,0.68
1298,415,"Entiendo su situación, permítame revisar su cuenta para ayudarle.","Pésimo servicio, quiero hablar con un supervisor urgente",negative,0.89
1299,90,"Ya generé la solicitud, un técnico se comunicará en las próximas horas.","Está bien, quedo pendiente de la respuesta",neutral,6.13
1300,629,"Lamento el inconveniente, procedo a escalar su caso de inmediato.",Me encantó la rapidez con la que atendieron mi caso,positive,14.73
1301,313,"Gracias por contactarnos, en un momento verifico la información.","Entiendo, gracias por la información proporcionada",neutral,1.0
1302,309,"Ya generé la solicitud, un técnico se comunicará en las próximas horas.","Muy buen servicio, el agente fue muy amable y resolvió todo",positive,5.06
1303,284,"Su pago fue verificado correctamente, no hay ninguna irregularidad.",¿Podrían confirmarme el horario de atención mañana?,neutral,5.56
1304,131,"Lamento el inconveniente, procedo a escalar su caso de inmediato.",Es la peor experiencia que he tenido con un proveedor de internet!!,negative,7.73
1305,484,"Su pago fue verificado correctamente, no hay ninguna irregularidad.","Entiendo, gracias por la información proporcionada",neutral,4.59
1306,656,"Lamento el inconveniente, procedo a escalar su caso de inmediato.","ya no aguanto más este servicio, quiero cancelar ya mismo",negative,0.64
1307,119,"Gracias por contactarnos, en un momento verifico la información.",¿Podrian confirmarme el horario de atencion mañana?!!,neutral,12.44
1308,253,"Su pago fue verificado correctamente, no hay ninguna irregularidad.","Estoy muy molesto, ya es la tercera vez que reporto lo mismo",negative,3.76
1309,212,"Su pago fue verificado correctamente, no hay ninguna irregularidad.","Entiendo, gracias por la información proporcionada",neutral,9.89
1310,389,"Con gusto le ayudo, ¿me confirma su número de cliente?","Necesito más información sobre el proceso, por favor",neutral,3.32
1311,469,"Ya generé la solicitud, un técnico se comunicará en las próximas horas.","De acuerdo, esperaré la llamada del técnico",neutral,2.79
1312,755,"Lamento el inconveniente, procedo a escalar su caso de inmediato.",¿Cuanto tiempo tarda en aplicarse este cambio?,neutral,5.36
1313,434,"Con gusto le ayudo, ¿me confirma su número de cliente?","Entiendo, gracias por la información proporcionada",neutral,11.14
1314,692,"Lamento el inconveniente, procedo a escalar su caso de inmediato.",solo queria confirmar el estado de mi solicitud,neutral,1.75
1315,184,"Su pago fue verificado correctamente, no hay ninguna irregularidad.","Perfecto, eso era justo lo que necesitaba, gracias",positive,6.34
1316,313,"Ya generé la solicitud, un técnico se comunicará en las próximas horas.",¿Podrían confirmarme el horario de atención mañana?,neutral,2.25
1317,165,"Entiendo su situación, permítame revisar su cuenta para ayudarle.","Todo excelente, seguire siendo cliente sin duda",positive,5.98
1318,201,"Entiendo su situación, permítame revisar su cuenta para ayudarle.",¿Podrian confirmarme el horario de atencion mañana?,neutral,10.38
1319,761,"Su pago fue verificado correctamente, no hay ninguna irregularidad.","Necesito más información sobre el proceso, por favor",neutral,1.62
1320,270,"Ya generé la solicitud, un técnico se comunicará en las próximas horas.","Está bien, quedo pendiente de la respuesta",neutral,1.25
1321,601,"Su pago fue verificado correctamente, no hay ninguna irregularidad.","Excelente atención, el problema se solucionó muy rápido",positive,3.78
1322,712,"Su pago fue verificado correctamente, no hay ninguna irregularidad.",Me encantó la rapidez con la que atendieron mi caso,positive,15.78
1323,218,"Gracias por contactarnos, en un momento verifico la información.","Estoy realmente frustrado, nadie me da una solucion definitiva",negative,2.9
1324,263,"Entiendo su situación, permítame revisar su cuenta para ayudarle.","Todo excelente, seguiré siendo cliente sin duda",positive,1.05
1325,576,"Con gusto le ayudo, ¿me confirma su número de cliente?","Entiendo, gracias por la información proporcionada",neutral,0.76
1326,638,"Gracias por contactarnos, en un momento verifico la información.","Ya no aguanto más este servicio, quiero cancelar ya mismo",negative,1.41
1327,751,"Entiendo su situación, permítame revisar su cuenta para ayudarle.",Me encantó la rapidez con la que atendieron mi caso,positive,2.6
1328,494,"Lamento el inconveniente, procedo a escalar su caso de inmediato.","Todo excelente, seguiré siendo cliente sin duda",positive,6.21
1329,424,"Lamento el inconveniente, procedo a escalar su caso de inmediato.","todo excelente, seguiré siendo cliente sin duda",positive,34.24
1330,52,"Entiendo su situación, permítame revisar su cuenta para ayudarle.","Estoy muy molesto, ya es la tercera vez que reporto lo mismo",negative,7.31
1331,375,"Su pago fue verificado correctamente, no hay ninguna irregularidad.",es la peor experiencia que he tenido con un proveedor de internet,negative,1.31
1332,785,"Con gusto le ayudo, ¿me confirma su número de cliente?","Perfecto, eso era justo lo que necesitaba, gracias",positive,10.38
1333,364,"Entiendo su situación, permítame revisar su cuenta para ayudarle.","Todo excelente, seguire siendo cliente sin duda",positive,14.93
1334,330,"Su pago fue verificado correctamente, no hay ninguna irregularidad.",Solo quería confirmar el estado de mi solicitud,neutral,3.36
1335,363,"Entiendo su situación, permítame revisar su cuenta para ayudarle.","Ya no aguanto más este servicio, quiero cancelar ya mismo",negative,12.1
1336,121,"Entiendo su situación, permítame revisar su cuenta para ayudarle.",Solo queria confirmar el estado de mi solicitud,neutral,2.77
1337,464,"Lamento el inconveniente, procedo a escalar su caso de inmediato.","Pésimo servicio, quiero hablar con un supervisor urgente",negative,2.69
1338,362,"Lamento el inconveniente, procedo a escalar su caso de inmediato.","Está bien, quedo pendiente de la respuesta",neutral,17.92
1339,690,"Con gusto le ayudo, ¿me confirma su número de cliente?","Perfecto, eso era justo lo que necesitaba, gracias",positive,2.03
1340,363,"Su pago fue verificado correctamente, no hay ninguna irregularidad.","Entiendo, gracias por la información proporcionada",neutral,16.82
1341,777,"Con gusto le ayudo, ¿me confirma su número de cliente?","Esto es inaceptable, llevo tres días sin internet y nadie resuelve nada",negative,13.84
1342,291,"Su pago fue verificado correctamente, no hay ninguna irregularidad.","Esto es inaceptable, llevo tres días sin internet y nadie resuelve nada",negative,1.12
1343,648,"Gracias por contactarnos, en un momento verifico la información.","Pésimo servicio, quiero hablar con un supervisor urgente",negative,1.31
1344,796,"Gracias por contactarnos, en un momento verifico la información.","Necesito más información sobre el proceso, por favor!!",neutral,14.95
1345,56,"Entiendo su situación, permítame revisar su cuenta para ayudarle.","De acuerdo, esperare la llamada del tecnico",neutral,8.6
1346,247,"Su pago fue verificado correctamente, no hay ninguna irregularidad.","Todo excelente, seguiré siendo cliente sin duda",positive,8.54
1347,469,"Su pago fue verificado correctamente, no hay ninguna irregularidad.","Ok, entendido, voy a revisar la información enviada",neutral,8.86
1348,272,"Ya generé la solicitud, un técnico se comunicará en las próximas horas.","Muy buen servicio, el agente fue muy amable y resolvió todo!!",positive,8.77
1349,319,"Su pago fue verificado correctamente, no hay ninguna irregularidad.",Es indignante el tiempo que llevo esperando una respuesta,negative,1.49
1350,561,"Entiendo su situación, permítame revisar su cuenta para ayudarle.","Ok, entendido, voy a revisar la información enviada",neutral,4.16
1351,17,"Gracias por contactarnos, en un momento verifico la información.","Necesito mas informacion sobre el proceso, por favor",neutral,12.82
1352,460,"Gracias por contactarnos, en un momento verifico la información.","Necesito más información sobre el proceso, por favor",neutral,12.94
1353,457,"Lamento el inconveniente, procedo a escalar su caso de inmediato.","Entiendo, gracias por la informacion proporcionada",neutral,8.27
1354,162,"Gracias por contactarnos, en un momento verifico la información.","Estoy realmente frustrado, nadie me da una solucion definitiva!!",negative,15.93
1355,523,"Ya generé la solicitud, un técnico se comunicará en las próximas horas.",Es indignante el tiempo que llevo esperando una respuesta,negative,7.18
1356,458,"Lamento el inconveniente, procedo a escalar su caso de inmediato.","Muy buen servicio, el agente fue muy amable y resolvió todo",positive,4.0
1357,164,"Su pago fue verificado correctamente, no hay ninguna irregularidad.","Esto es inaceptable, llevo tres días sin internet y nadie resuelve nada",negative,0.99
1358,395,"Ya generé la solicitud, un técnico se comunicará en las próximas horas.","Estoy realmente frustrado, nadie me da una solución definitiva!!",negative,4.71
1359,407,"Entiendo su situación, permítame revisar su cuenta para ayudarle.","Excelente atención, el problema se solucionó muy rápido!!",positive,11.87
1360,481,"Lamento el inconveniente, procedo a escalar su caso de inmediato.",Me encanto la rapidez con la que atendieron mi caso,positive,1.7
1361,58,"Entiendo su situación, permítame revisar su cuenta para ayudarle.","Excelente atención, el problema se solucionó muy rápido",positive,0.68
1362,328,"Entiendo su situación, permítame revisar su cuenta para ayudarle.","Todo excelente, seguiré siendo cliente sin duda",positive,11.98
1363,119,"Entiendo su situación, permítame revisar su cuenta para ayudarle.","Entiendo, gracias por la información proporcionada",neutral,13.6
1364,101,"Ya generé la solicitud, un técnico se comunicará en las próximas horas.","Excelente atención, el problema se solucionó muy rápido",positive,7.98
1365,518,"Su pago fue verificado correctamente, no hay ninguna irregularidad.","Muy buen servicio, el agente fue muy amable y resolvio todo",positive,0.91
1366,331,"Con gusto le ayudo, ¿me confirma su número de cliente?","Perfecto, eso era justo lo que necesitaba, gracias",positive,1.73
1367,298,"Entiendo su situación, permítame revisar su cuenta para ayudarle.",Me encanto la rapidez con la que atendieron mi caso,positive,6.5
1368,703,"Ya generé la solicitud, un técnico se comunicará en las próximas horas.",Es indignante el tiempo que llevo esperando una respuesta!!,negative,3.56
1369,619,"Entiendo su situación, permítame revisar su cuenta para ayudarle.","Estoy muy molesto, ya es la tercera vez que reporto lo mismo",negative,12.87
1370,337,"Entiendo su situación, permítame revisar su cuenta para ayudarle.",Me encantó la rapidez con la que atendieron mi caso,positive,2.08
1371,465,"Gracias por contactarnos, en un momento verifico la información.","De acuerdo, esperaré la llamada del técnico!!",neutral,2.74
1372,582,"Gracias por contactarnos, en un momento verifico la información.",¿Podrían confirmarme el horario de atención mañana?,neutral,12.79
1373,155,"Con gusto le ayudo, ¿me confirma su número de cliente?","Excelente atención, el problema se solucionó muy rápido",positive,3.24
1374,299,"Con gusto le ayudo, ¿me confirma su número de cliente?","Todo excelente, seguiré siendo cliente sin duda",positive,11.9
1375,266,"Su pago fue verificado correctamente, no hay ninguna irregularidad.",Es indignante el tiempo que llevo esperando una respuesta!!,negative,19.81
1376,572,"Su pago fue verificado correctamente, no hay ninguna irregularidad.","Esto es inaceptable, llevo tres días sin internet y nadie resuelve nada",negative,14.74
1377,629,"Entiendo su situación, permítame revisar su cuenta para ayudarle.",No puede ser que sigan cobrando mal despues de tantos reclamos!!,negative,3.23
1378,255,"Con gusto le ayudo, ¿me confirma su número de cliente?","Muchas gracias, quedo todo resuelto perfectamente",positive,9.79
1379,627,"Su pago fue verificado correctamente, no hay ninguna irregularidad.",Solo quería confirmar el estado de mi solicitud,neutral,4.17
1380,584,"Con gusto le ayudo, ¿me confirma su número de cliente?","genial, ya funciona el internet, gracias por la ayuda",positive,2.84
1381,676,"Gracias por contactarnos, en un momento verifico la información.","Perfecto, eso era justo lo que necesitaba, gracias",positive,1.74
1382,717,"Lamento el inconveniente, procedo a escalar su caso de inmediato.","Estoy realmente frustrado, nadie me da una solución definitiva",negative,5.18
1383,594,"Su pago fue verificado correctamente, no hay ninguna irregularidad.","Ok, entendido, voy a revisar la información enviada",neutral,15.53
1384,36,"Ya generé la solicitud, un técnico se comunicará en las próximas horas.",Quede muy satisfecho con la solucion que me dieron,positive,7.98
1385,648,"Entiendo su situación, permítame revisar su cuenta para ayudarle.",¿Cuanto tiempo tarda en aplicarse este cambio?,neutral,12.85
1386,709,"Su pago fue verificado correctamente, no hay ninguna irregularidad.","Entiendo, gracias por la información proporcionada",neutral,8.91
1387,387,"Su pago fue verificado correctamente, no hay ninguna irregularidad.",¿Cuánto tiempo tarda en aplicarse este cambio?,neutral,10.19
1388,798,"Ya generé la solicitud, un técnico se comunicará en las próximas horas.","Necesito más información sobre el proceso, por favor",neutral,1.62
1389,442,"Su pago fue verificado correctamente, no hay ninguna irregularidad.",solo quería confirmar el estado de mi solicitud,neutral,0.85
1390,790,"Gracias por contactarnos, en un momento verifico la información.",Quedé muy satisfecho con la solución que me dieron,positive,5.94
1391,329,"Entiendo su situación, permítame revisar su cuenta para ayudarle.","Necesito más información sobre el proceso, por favor!!",neutral,1.6
1392,172,"Con gusto le ayudo, ¿me confirma su número de cliente?",¿Cuánto tiempo tarda en aplicarse este cambio?,neutral,2.39
1393,635,"Ya generé la solicitud, un técnico se comunicará en las próximas horas.","Perfecto, eso era justo lo que necesitaba, gracias",positive,1.29
1394,452,"Lamento el inconveniente, procedo a escalar su caso de inmediato.","Entiendo, gracias por la información proporcionada",neutral,7.93
1395,317,"Lamento el inconveniente, procedo a escalar su caso de inmediato.",¿Podrian confirmarme el horario de atencion mañana?,neutral,5.94
1396,113,"Lamento el inconveniente, procedo a escalar su caso de inmediato.","Genial, ya funciona el internet, gracias por la ayuda",positive,15.41
1397,798,"Ya generé la solicitud, un técnico se comunicará en las próximas horas.","esta bien, quedo pendiente de la respuesta!!",neutral,29.42
1398,508,"Entiendo su situación, permítame revisar su cuenta para ayudarle.","Esta bien, quedo pendiente de la respuesta",neutral,6.93
1399,475,"Con gusto le ayudo, ¿me confirma su número de cliente?","Entiendo, gracias por la información proporcionada",neutral,5.66
1400,469,"Entiendo su situación, permítame revisar su cuenta para ayudarle.","Ya no aguanto más este servicio, quiero cancelar ya mismo",negative,8.75
1401,715,"Lamento el inconveniente, procedo a escalar su caso de inmediato.","Necesito más información sobre el proceso, por favor",neutral,6.56
1402,709,"Con gusto le ayudo, ¿me confirma su número de cliente?",Es indignante el tiempo que llevo esperando una respuesta,negative,3.52
1403,683,"Gracias por contactarnos, en un momento verifico la información.",¿Cuánto tiempo tarda en aplicarse este cambio?,neutral,4.53
1404,462,"Su pago fue verificado correctamente, no hay ninguna irregularidad.","Perfecto, eso era justo lo que necesitaba, gracias",positive,1.53
1405,308,"Gracias por contactarnos, en un momento verifico la información.",¿Cuánto tiempo tarda en aplicarse este cambio?!!,neutral,4.63
1406,120,"Con gusto le ayudo, ¿me confirma su número de cliente?",Es indignante el tiempo que llevo esperando una respuesta,negative,0.6
1407,200,"Lamento el inconveniente, procedo a escalar su caso de inmediato.",Es la peor experiencia que he tenido con un proveedor de internet!!,negative,11.55
1408,470,"Con gusto le ayudo, ¿me confirma su número de cliente?","Esto es inaceptable, llevo tres días sin internet y nadie resuelve nada",negative,4.65
1409,54,"Lamento el inconveniente, procedo a escalar su caso de inmediato.","Está bien, quedo pendiente de la respuesta",neutral,18.29
1410,532,"Gracias por contactarnos, en un momento verifico la información.","Ya no aguanto más este servicio, quiero cancelar ya mismo",negative,8.49
1411,740,"Su pago fue verificado correctamente, no hay ninguna irregularidad.",Es indignante el tiempo que llevo esperando una respuesta,negative,2.87
1412,365,"Con gusto le ayudo, ¿me confirma su número de cliente?","ya no aguanto mas este servicio, quiero cancelar ya mismo",negative,1.17
1413,192,"Su pago fue verificado correctamente, no hay ninguna irregularidad.","Estoy muy molesto, ya es la tercera vez que reporto lo mismo",negative,9.0
1414,142,"Lamento el inconveniente, procedo a escalar su caso de inmediato.","Necesito más información sobre el proceso, por favor",neutral,3.28
1415,406,"Su pago fue verificado correctamente, no hay ninguna irregularidad.","Ya no aguanto más este servicio, quiero cancelar ya mismo!!",negative,12.1
1416,235,"Gracias por contactarnos, en un momento verifico la información.","Muy buen servicio, el agente fue muy amable y resolvió todo",positive,7.2
1417,123,"Gracias por contactarnos, en un momento verifico la información.","de acuerdo, esperaré la llamada del técnico",neutral,2.56
1418,497,"Su pago fue verificado correctamente, no hay ninguna irregularidad.",¿Podrian confirmarme el horario de atencion mañana?!!,neutral,11.56
1419,103,"Entiendo su situación, permítame revisar su cuenta para ayudarle.","Pésimo servicio, quiero hablar con un supervisor urgente!!",negative,13.88
1420,792,"Ya generé la solicitud, un técnico se comunicará en las próximas horas.","Estoy realmente frustrado, nadie me da una solución definitiva",negative,0.77
1421,124,"Entiendo su situación, permítame revisar su cuenta para ayudarle.","estoy realmente frustrado, nadie me da una solución definitiva",negative,0.92
1422,512,"Entiendo su situación, permítame revisar su cuenta para ayudarle.",Es la peor experiencia que he tenido con un proveedor de internet!!,negative,1.36
1423,239,"Lamento el inconveniente, procedo a escalar su caso de inmediato.",Solo quería confirmar el estado de mi solicitud,neutral,7.47
1424,606,"Con gusto le ayudo, ¿me confirma su número de cliente?","Excelente atención, el problema se solucionó muy rápido",positive,2.07
1425,531,"Entiendo su situación, permítame revisar su cuenta para ayudarle.",No puede ser que sigan cobrando mal después de tantos reclamos!!,negative,4.74
1426,668,"Su pago fue verificado correctamente, no hay ninguna irregularidad.",Es indignante el tiempo que llevo esperando una respuesta,negative,1.84
1427,267,"Ya generé la solicitud, un técnico se comunicará en las próximas horas.","Muy buen servicio, el agente fue muy amable y resolvió todo",positive,6.23
1428,660,"Su pago fue verificado correctamente, no hay ninguna irregularidad.","Pésimo servicio, quiero hablar con un supervisor urgente",negative,7.03
1429,474,"Gracias por contactarnos, en un momento verifico la información.","Ya no aguanto más este servicio, quiero cancelar ya mismo",negative,6.39
1430,793,"Con gusto le ayudo, ¿me confirma su número de cliente?","Esto es inaceptable, llevo tres días sin internet y nadie resuelve nada",negative,20.4
1431,69,"Gracias por contactarnos, en un momento verifico la información.","muchas gracias, quedó todo resuelto perfectamente",positive,4.66
1432,145,"Con gusto le ayudo, ¿me confirma su número de cliente?","De acuerdo, esperaré la llamada del técnico!!",neutral,8.09
1433,595,"Su pago fue verificado correctamente, no hay ninguna irregularidad.",es la peor experiencia que he tenido con un proveedor de internet,negative,2.33
1434,215,"Su pago fue verificado correctamente, no hay ninguna irregularidad.","De acuerdo, esperaré la llamada del técnico",neutral,1.58
1435,349,"Con gusto le ayudo, ¿me confirma su número de cliente?","Todo excelente, seguiré siendo cliente sin duda",positive,1.52
1436,148,"Lamento el inconveniente, procedo a escalar su caso de inmediato.","Ok, entendido, voy a revisar la información enviada",neutral,1.14
1437,197,"Lamento el inconveniente, procedo a escalar su caso de inmediato.","Muy buen servicio, el agente fue muy amable y resolvió todo",positive,3.9
1438,589,"Entiendo su situación, permítame revisar su cuenta para ayudarle.",Quedé muy satisfecho con la solución que me dieron!!,positive,3.41
1439,167,"Ya generé la solicitud, un técnico se comunicará en las próximas horas.","Esto es inaceptable, llevo tres días sin internet y nadie resuelve nada",negative,3.7
1440,294,"Su pago fue verificado correctamente, no hay ninguna irregularidad.","estoy realmente frustrado, nadie me da una solución definitiva",negative,9.22
1441,493,"Lamento el inconveniente, procedo a escalar su caso de inmediato.","Estoy muy molesto, ya es la tercera vez que reporto lo mismo",negative,8.56
1442,505,"Lamento el inconveniente, procedo a escalar su caso de inmediato.","Ya no aguanto mas este servicio, quiero cancelar ya mismo",negative,16.46
1443,719,"Su pago fue verificado correctamente, no hay ninguna irregularidad.",quedé muy satisfecho con la solución que me dieron,positive,18.6
1444,504,"Ya generé la solicitud, un técnico se comunicará en las próximas horas.","Ok, entendido, voy a revisar la información enviada",neutral,2.44
1445,476,"Entiendo su situación, permítame revisar su cuenta para ayudarle.",¿Podrían confirmarme el horario de atención mañana?,neutral,3.1
1446,653,"Su pago fue verificado correctamente, no hay ninguna irregularidad.","Esto es inaceptable, llevo tres días sin internet y nadie resuelve nada!!",negative,2.93
1447,386,"Lamento el inconveniente, procedo a escalar su caso de inmediato.",Me encanto la rapidez con la que atendieron mi caso,positive,11.47
1448,648,"Ya generé la solicitud, un técnico se comunicará en las próximas horas.",Me encantó la rapidez con la que atendieron mi caso,positive,7.71
1449,582,"Su pago fue verificado correctamente, no hay ninguna irregularidad.",Es indignante el tiempo que llevo esperando una respuesta,negative,3.75
1450,638,"Su pago fue verificado correctamente, no hay ninguna irregularidad.","Entiendo, gracias por la información proporcionada",neutral,1.12
1451,225,"Su pago fue verificado correctamente, no hay ninguna irregularidad.",Quedé muy satisfecho con la solución que me dieron,positive,1.17
1452,461,"Con gusto le ayudo, ¿me confirma su número de cliente?","Ya no aguanto más este servicio, quiero cancelar ya mismo",negative,13.54
1453,373,"Entiendo su situación, permítame revisar su cuenta para ayudarle.","Estoy muy molesto, ya es la tercera vez que reporto lo mismo!!",negative,5.06
1454,698,"Con gusto le ayudo, ¿me confirma su número de cliente?","Muchas gracias, quedó todo resuelto perfectamente",positive,1.27
1455,465,"Gracias por contactarnos, en un momento verifico la información.","de acuerdo, esperaré la llamada del técnico",neutral,7.04
1456,202,"Con gusto le ayudo, ¿me confirma su número de cliente?",¿Podrían confirmarme el horario de atención mañana?,neutral,3.24
1457,432,"Ya generé la solicitud, un técnico se comunicará en las próximas horas.",Solo quería confirmar el estado de mi solicitud,neutral,13.46
1458,37,"Entiendo su situación, permítame revisar su cuenta para ayudarle.","Muy buen servicio, el agente fue muy amable y resolvió todo",positive,4.99
1459,334,"Lamento el inconveniente, procedo a escalar su caso de inmediato.","Perfecto, eso era justo lo que necesitaba, gracias",positive,1.38
1460,352,"Con gusto le ayudo, ¿me confirma su número de cliente?","Estoy muy molesto, ya es la tercera vez que reporto lo mismo",negative,1.94
1461,396,"Con gusto le ayudo, ¿me confirma su número de cliente?",Solo quería confirmar el estado de mi solicitud,neutral,3.5
1462,379,"Con gusto le ayudo, ¿me confirma su número de cliente?","Necesito mas informacion sobre el proceso, por favor",neutral,3.54
1463,525,"Su pago fue verificado correctamente, no hay ninguna irregularidad.",Solo quería confirmar el estado de mi solicitud,neutral,1.47
1464,572,"Su pago fue verificado correctamente, no hay ninguna irregularidad.","Perfecto, eso era justo lo que necesitaba, gracias",positive,9.77
1465,399,"Lamento el inconveniente, procedo a escalar su caso de inmediato.",¿Podrían confirmarme el horario de atención mañana?,neutral,5.56
1466,534,"Ya generé la solicitud, un técnico se comunicará en las próximas horas.",¿Podrían confirmarme el horario de atención mañana?!!,neutral,2.23
1467,409,"Gracias por contactarnos, en un momento verifico la información.","Ok, entendido, voy a revisar la información enviada",neutral,1.29
1468,269,"Con gusto le ayudo, ¿me confirma su número de cliente?","Está bien, quedo pendiente de la respuesta",neutral,0.97
1469,82,"Entiendo su situación, permítame revisar su cuenta para ayudarle.","Pésimo servicio, quiero hablar con un supervisor urgente",negative,1.91
1470,527,"Gracias por contactarnos, en un momento verifico la información.","Muy buen servicio, el agente fue muy amable y resolvió todo",positive,4.37
1471,503,"Su pago fue verificado correctamente, no hay ninguna irregularidad.","Muchas gracias, quedó todo resuelto perfectamente",positive,1.56
1472,123,"Su pago fue verificado correctamente, no hay ninguna irregularidad.",Solo quería confirmar el estado de mi solicitud!!,neutral,10.71
1473,779,"Entiendo su situación, permítame revisar su cuenta para ayudarle.","Muchas gracias, quedó todo resuelto perfectamente",positive,67.43
1474,745,"Con gusto le ayudo, ¿me confirma su número de cliente?","Necesito más información sobre el proceso, por favor",neutral,3.93
1475,108,"Lamento el inconveniente, procedo a escalar su caso de inmediato.","está bien, quedo pendiente de la respuesta",neutral,11.21
1476,524,"Con gusto le ayudo, ¿me confirma su número de cliente?","ok, entendido, voy a revisar la información enviada",neutral,7.87
1477,311,"Gracias por contactarnos, en un momento verifico la información.",Quedé muy satisfecho con la solución que me dieron,positive,23.98
1478,401,"Lamento el inconveniente, procedo a escalar su caso de inmediato.","Estoy realmente frustrado, nadie me da una solución definitiva",negative,23.75
1479,472,"Gracias por contactarnos, en un momento verifico la información.",Quedé muy satisfecho con la solución que me dieron,positive,3.87
1480,549,"Con gusto le ayudo, ¿me confirma su número de cliente?","pésimo servicio, quiero hablar con un supervisor urgente",negative,18.87
1481,21,"Gracias por contactarnos, en un momento verifico la información.",me encanto la rapidez con la que atendieron mi caso,positive,3.55
1482,251,"Lamento el inconveniente, procedo a escalar su caso de inmediato.",¿Cuanto tiempo tarda en aplicarse este cambio?,neutral,1.11
1483,212,"Gracias por contactarnos, en un momento verifico la información.","Ok, entendido, voy a revisar la información enviada",neutral,1.29
1484,704,"Con gusto le ayudo, ¿me confirma su número de cliente?","Todo excelente, seguiré siendo cliente sin duda",positive,6.27
1485,650,"Gracias por contactarnos, en un momento verifico la información.",¿Cuánto tiempo tarda en aplicarse este cambio?,neutral,6.12
1486,680,"Gracias por contactarnos, en un momento verifico la información.",¿Podrían confirmarme el horario de atención mañana?,neutral,6.8
1487,750,"Entiendo su situación, permítame revisar su cuenta para ayudarle.","Esto es inaceptable, llevo tres días sin internet y nadie resuelve nada",negative,1.68
1488,675,"Gracias por contactarnos, en un momento verifico la información.","Necesito mas informacion sobre el proceso, por favor!!",neutral,4.19
1489,460,"Entiendo su situación, permítame revisar su cuenta para ayudarle.","Muy buen servicio, el agente fue muy amable y resolvió todo",positive,4.95
1490,635,"Ya generé la solicitud, un técnico se comunicará en las próximas horas.","Perfecto, eso era justo lo que necesitaba, gracias",positive,5.85
1491,773,"Entiendo su situación, permítame revisar su cuenta para ayudarle.","Entiendo, gracias por la información proporcionada",neutral,3.66
1492,70,"Ya generé la solicitud, un técnico se comunicará en las próximas horas.","Pésimo servicio, quiero hablar con un supervisor urgente",negative,6.64
1493,612,"Con gusto le ayudo, ¿me confirma su número de cliente?","De acuerdo, esperaré la llamada del técnico",neutral,0.69
1494,706,"Con gusto le ayudo, ¿me confirma su número de cliente?",Quedé muy satisfecho con la solución que me dieron,positive,1.85
1495,365,"Entiendo su situación, permítame revisar su cuenta para ayudarle.",Solo quería confirmar el estado de mi solicitud,neutral,3.21
1496,519,"Su pago fue verificado correctamente, no hay ninguna irregularidad.",¿Cuánto tiempo tarda en aplicarse este cambio?,neutral,2.25
1497,232,"Ya generé la solicitud, un técnico se comunicará en las próximas horas.","Excelente atención, el problema se solucionó muy rápido",positive,11.95
1498,376,"Entiendo su situación, permítame revisar su cuenta para ayudarle.","Entiendo, gracias por la información proporcionada",neutral,10.81
1499,767,"Su pago fue verificado correctamente, no hay ninguna irregularidad.",Me encantó la rapidez con la que atendieron mi caso,positive,2.95
1500,422,"Ya generé la solicitud, un técnico se comunicará en las próximas horas.","Entiendo, gracias por la información proporcionada",neutral,15.26
1501,297,"Con gusto le ayudo, ¿me confirma su número de cliente?","Todo excelente, seguiré siendo cliente sin duda",positive,1.82
1502,453,"Su pago fue verificado correctamente, no hay ninguna irregularidad.","Esto es inaceptable, llevo tres dias sin internet y nadie resuelve nada",negative,10.8
1503,463,"Ya generé la solicitud, un técnico se comunicará en las próximas horas.","Estoy realmente frustrado, nadie me da una solución definitiva",negative,0.73
1504,85,"Su pago fue verificado correctamente, no hay ninguna irregularidad.","Muchas gracias, quedó todo resuelto perfectamente",positive,1.19
1505,534,"Entiendo su situación, permítame revisar su cuenta para ayudarle.",Es indignante el tiempo que llevo esperando una respuesta,negative,1.21
1506,593,"Gracias por contactarnos, en un momento verifico la información.",Solo quería confirmar el estado de mi solicitud,neutral,2.09
1507,767,"Ya generé la solicitud, un técnico se comunicará en las próximas horas.","Está bien, quedo pendiente de la respuesta",neutral,8.56
1508,617,"Con gusto le ayudo, ¿me confirma su número de cliente?",Es indignante el tiempo que llevo esperando una respuesta,negative,14.29
1509,692,"Entiendo su situación, permítame revisar su cuenta para ayudarle.","Esta bien, quedo pendiente de la respuesta",neutral,0.81
1510,255,"Gracias por contactarnos, en un momento verifico la información.","Genial, ya funciona el internet, gracias por la ayuda",positive,3.82
1511,168,"Gracias por contactarnos, en un momento verifico la información.",Quede muy satisfecho con la solucion que me dieron,positive,15.24
1512,126,"Con gusto le ayudo, ¿me confirma su número de cliente?",¿Podrían confirmarme el horario de atención mañana?,neutral,3.22
1513,327,"Con gusto le ayudo, ¿me confirma su número de cliente?","Necesito más información sobre el proceso, por favor",neutral,5.13
1514,670,"Lamento el inconveniente, procedo a escalar su caso de inmediato.","entiendo, gracias por la información proporcionada",neutral,17.42
1515,705,"Su pago fue verificado correctamente, no hay ninguna irregularidad.","Pésimo servicio, quiero hablar con un supervisor urgente",negative,1.33
1516,16,"Lamento el inconveniente, procedo a escalar su caso de inmediato.","Genial, ya funciona el internet, gracias por la ayuda",positive,10.24
1517,100,"Gracias por contactarnos, en un momento verifico la información.","Ok, entendido, voy a revisar la información enviada",neutral,2.75
1518,722,"Ya generé la solicitud, un técnico se comunicará en las próximas horas.",¿Cuánto tiempo tarda en aplicarse este cambio?,neutral,1.19
1519,603,"Gracias por contactarnos, en un momento verifico la información.","De acuerdo, esperaré la llamada del técnico",neutral,1.37
1520,166,"Entiendo su situación, permítame revisar su cuenta para ayudarle.",Es la peor experiencia que he tenido con un proveedor de internet!!,negative,0.92
1521,327,"Entiendo su situación, permítame revisar su cuenta para ayudarle.","Estoy realmente frustrado, nadie me da una solución definitiva",negative,3.65
1522,786,"Gracias por contactarnos, en un momento verifico la información.","Genial, ya funciona el internet, gracias por la ayuda",positive,7.61
1523,644,"Gracias por contactarnos, en un momento verifico la información.",Es indignante el tiempo que llevo esperando una respuesta,negative,2.24
1524,167,"Lamento el inconveniente, procedo a escalar su caso de inmediato.",Solo quería confirmar el estado de mi solicitud,neutral,7.52
1525,564,"Gracias por contactarnos, en un momento verifico la información.","De acuerdo, esperaré la llamada del técnico",neutral,0.79
1526,205,"Entiendo su situación, permítame revisar su cuenta para ayudarle.","Excelente atención, el problema se solucionó muy rápido",positive,1.89
1527,314,"Con gusto le ayudo, ¿me confirma su número de cliente?","Muy buen servicio, el agente fue muy amable y resolvió todo",positive,5.84
1528,141,"Ya generé la solicitud, un técnico se comunicará en las próximas horas.",Quedé muy satisfecho con la solución que me dieron,positive,4.64
1529,278,"Lamento el inconveniente, procedo a escalar su caso de inmediato.","Perfecto, eso era justo lo que necesitaba, gracias",positive,13.43
1530,119,"Con gusto le ayudo, ¿me confirma su número de cliente?",Es la peor experiencia que he tenido con un proveedor de internet,negative,4.4
1531,157,"Entiendo su situación, permítame revisar su cuenta para ayudarle.","Todo excelente, seguiré siendo cliente sin duda",positive,1.31
1532,207,"Con gusto le ayudo, ¿me confirma su número de cliente?","Necesito mas informacion sobre el proceso, por favor!!",neutral,4.46
1533,613,"Gracias por contactarnos, en un momento verifico la información.",Solo queria confirmar el estado de mi solicitud!!,neutral,3.5
1534,669,"Gracias por contactarnos, en un momento verifico la información.","Excelente atención, el problema se solucionó muy rápido",positive,14.54
1535,467,"Su pago fue verificado correctamente, no hay ninguna irregularidad.","De acuerdo, esperaré la llamada del técnico",neutral,4.77
1536,674,"Ya generé la solicitud, un técnico se comunicará en las próximas horas.",No puede ser que sigan cobrando mal después de tantos reclamos,negative,0.63
1537,269,"Gracias por contactarnos, en un momento verifico la información.","De acuerdo, esperaré la llamada del técnico",neutral,22.99
1538,139,"Con gusto le ayudo, ¿me confirma su número de cliente?",¿Cuanto tiempo tarda en aplicarse este cambio?,neutral,3.38
1539,722,"Gracias por contactarnos, en un momento verifico la información.",¿Podrían confirmarme el horario de atención mañana?!!,neutral,3.41
1540,200,"Con gusto le ayudo, ¿me confirma su número de cliente?",No puede ser que sigan cobrando mal después de tantos reclamos,negative,10.4
1541,335,"Ya generé la solicitud, un técnico se comunicará en las próximas horas.","Esto es inaceptable, llevo tres dias sin internet y nadie resuelve nada",negative,2.96
1542,519,"Su pago fue verificado correctamente, no hay ninguna irregularidad.",Es indignante el tiempo que llevo esperando una respuesta!!,negative,6.52
1543,581,"Lamento el inconveniente, procedo a escalar su caso de inmediato.","Pésimo servicio, quiero hablar con un supervisor urgente",negative,9.25
1544,34,"Lamento el inconveniente, procedo a escalar su caso de inmediato.","Muy buen servicio, el agente fue muy amable y resolvió todo",positive,1.55
1545,209,"Entiendo su situación, permítame revisar su cuenta para ayudarle.","Todo excelente, seguiré siendo cliente sin duda",positive,3.63
1546,97,"Ya generé la solicitud, un técnico se comunicará en las próximas horas.",¿Podrían confirmarme el horario de atención mañana?,neutral,3.72
1547,384,"Lamento el inconveniente, procedo a escalar su caso de inmediato.","está bien, quedo pendiente de la respuesta",neutral,9.32
1548,89,"Con gusto le ayudo, ¿me confirma su número de cliente?","Está bien, quedo pendiente de la respuesta",neutral,3.13
1549,426,"Ya generé la solicitud, un técnico se comunicará en las próximas horas.","Estoy muy molesto, ya es la tercera vez que reporto lo mismo",negative,4.6
1550,166,"Entiendo su situación, permítame revisar su cuenta para ayudarle.","De acuerdo, esperaré la llamada del técnico",neutral,13.12
1551,156,"Con gusto le ayudo, ¿me confirma su número de cliente?",Quedé muy satisfecho con la solución que me dieron,positive,7.02
1552,587,"Ya generé la solicitud, un técnico se comunicará en las próximas horas.","Entiendo, gracias por la informacion proporcionada",neutral,12.0
1553,522,"Su pago fue verificado correctamente, no hay ninguna irregularidad.","Estoy muy molesto, ya es la tercera vez que reporto lo mismo",negative,10.48
1554,286,"Ya generé la solicitud, un técnico se comunicará en las próximas horas.","Muy buen servicio, el agente fue muy amable y resolvió todo",positive,5.21
1555,169,"Lamento el inconveniente, procedo a escalar su caso de inmediato.",Solo quería confirmar el estado de mi solicitud,neutral,2.66
1556,767,"Lamento el inconveniente, procedo a escalar su caso de inmediato.","Estoy realmente frustrado, nadie me da una solución definitiva!!",negative,13.88
1557,419,"Con gusto le ayudo, ¿me confirma su número de cliente?","De acuerdo, esperaré la llamada del técnico",neutral,11.21
1558,217,"Lamento el inconveniente, procedo a escalar su caso de inmediato.","Genial, ya funciona el internet, gracias por la ayuda",positive,9.48
1559,642,"Ya generé la solicitud, un técnico se comunicará en las próximas horas.",Es indignante el tiempo que llevo esperando una respuesta,negative,5.37
1560,81,"Gracias por contactarnos, en un momento verifico la información.","Muy buen servicio, el agente fue muy amable y resolvió todo",positive,4.8
1561,39,"Su pago fue verificado correctamente, no hay ninguna irregularidad.","Esto es inaceptable, llevo tres dias sin internet y nadie resuelve nada",negative,4.76
1562,205,"Ya generé la solicitud, un técnico se comunicará en las próximas horas.","De acuerdo, esperaré la llamada del técnico",neutral,2.42
1563,472,"Gracias por contactarnos, en un momento verifico la información.","Muy buen servicio, el agente fue muy amable y resolvió todo!!",positive,44.99
1564,660,"Lamento el inconveniente, procedo a escalar su caso de inmediato.","Ok, entendido, voy a revisar la información enviada",neutral,4.0
1565,86,"Gracias por contactarnos, en un momento verifico la información.",Solo quería confirmar el estado de mi solicitud,neutral,0.55
1566,298,"Con gusto le ayudo, ¿me confirma su número de cliente?","Excelente atención, el problema se solucionó muy rápido",positive,9.48
1567,88,"Lamento el inconveniente, procedo a escalar su caso de inmediato.","Muchas gracias, quedó todo resuelto perfectamente",positive,0.97
1568,775,"Con gusto le ayudo, ¿me confirma su número de cliente?","Esto es inaceptable, llevo tres días sin internet y nadie resuelve nada",negative,2.07
1569,88,"Entiendo su situación, permítame revisar su cuenta para ayudarle.",Me encantó la rapidez con la que atendieron mi caso,positive,6.89
1570,318,"Entiendo su situación, permítame revisar su cuenta para ayudarle.",¿Cuánto tiempo tarda en aplicarse este cambio?,neutral,1.92
1571,65,"Con gusto le ayudo, ¿me confirma su número de cliente?","Ok, entendido, voy a revisar la informacion enviada",neutral,1.94
1572,471,"Con gusto le ayudo, ¿me confirma su número de cliente?","Ya no aguanto mas este servicio, quiero cancelar ya mismo!!",negative,6.41
1573,503,"Con gusto le ayudo, ¿me confirma su número de cliente?","Estoy muy molesto, ya es la tercera vez que reporto lo mismo",negative,14.77
1574,781,"Entiendo su situación, permítame revisar su cuenta para ayudarle.","Estoy realmente frustrado, nadie me da una solución definitiva",negative,6.32
1575,764,"Lamento el inconveniente, procedo a escalar su caso de inmediato.","Perfecto, eso era justo lo que necesitaba, gracias",positive,5.69
1576,623,"Gracias por contactarnos, en un momento verifico la información.","Necesito más información sobre el proceso, por favor",neutral,3.83
1577,415,"Gracias por contactarnos, en un momento verifico la información.",quedé muy satisfecho con la solución que me dieron,positive,6.79
1578,95,"Ya generé la solicitud, un técnico se comunicará en las próximas horas.",Me encantó la rapidez con la que atendieron mi caso,positive,1.13
1579,277,"Entiendo su situación, permítame revisar su cuenta para ayudarle.","Muchas gracias, quedó todo resuelto perfectamente!!",positive,19.49
1580,399,"Con gusto le ayudo, ¿me confirma su número de cliente?","Genial, ya funciona el internet, gracias por la ayuda",positive,4.63
1581,585,"Su pago fue verificado correctamente, no hay ninguna irregularidad.","Todo excelente, seguiré siendo cliente sin duda",positive,0.74
1582,601,"Su pago fue verificado correctamente, no hay ninguna irregularidad.",Es la peor experiencia que he tenido con un proveedor de internet,negative,15.01
1583,680,"Ya generé la solicitud, un técnico se comunicará en las próximas horas.","Está bien, quedo pendiente de la respuesta",neutral,1.46
1584,793,"Ya generé la solicitud, un técnico se comunicará en las próximas horas.",¿Cuánto tiempo tarda en aplicarse este cambio?,neutral,0.72
1585,528,"Entiendo su situación, permítame revisar su cuenta para ayudarle.","Perfecto, eso era justo lo que necesitaba, gracias",positive,6.17
1586,782,"Gracias por contactarnos, en un momento verifico la información.","Entiendo, gracias por la información proporcionada!!",neutral,2.19
1587,319,"Su pago fue verificado correctamente, no hay ninguna irregularidad.","Perfecto, eso era justo lo que necesitaba, gracias",positive,3.77
1588,251,"Con gusto le ayudo, ¿me confirma su número de cliente?",¿Cuánto tiempo tarda en aplicarse este cambio?,neutral,7.68
1589,24,"Con gusto le ayudo, ¿me confirma su número de cliente?","Pésimo servicio, quiero hablar con un supervisor urgente",negative,12.53
1590,371,"Su pago fue verificado correctamente, no hay ninguna irregularidad.","Necesito más información sobre el proceso, por favor",neutral,3.87
1591,783,"Gracias por contactarnos, en un momento verifico la información.","Ya no aguanto más este servicio, quiero cancelar ya mismo",negative,0.67
1592,295,"Gracias por contactarnos, en un momento verifico la información.","Ya no aguanto más este servicio, quiero cancelar ya mismo!!",negative,2.12
1593,419,"Su pago fue verificado correctamente, no hay ninguna irregularidad.",¿Cuánto tiempo tarda en aplicarse este cambio?,neutral,19.85
1594,566,"Ya generé la solicitud, un técnico se comunicará en las próximas horas.",¿Podrían confirmarme el horario de atención mañana?,neutral,3.33
1595,281,"Lamento el inconveniente, procedo a escalar su caso de inmediato.",Es la peor experiencia que he tenido con un proveedor de internet,negative,21.09
1596,581,"Lamento el inconveniente, procedo a escalar su caso de inmediato.","Muchas gracias, quedó todo resuelto perfectamente",positive,8.83
1597,55,"Entiendo su situación, permítame revisar su cuenta para ayudarle.",¿Podrían confirmarme el horario de atención mañana?,neutral,5.92
1598,387,"Ya generé la solicitud, un técnico se comunicará en las próximas horas.",¿Cuánto tiempo tarda en aplicarse este cambio?,neutral,3.42
1599,380,"Con gusto le ayudo, ¿me confirma su número de cliente?",¿Cuánto tiempo tarda en aplicarse este cambio?,neutral,1.29
1600,722,"Su pago fue verificado correctamente, no hay ninguna irregularidad.","Estoy muy molesto, ya es la tercera vez que reporto lo mismo",negative,4.82
1601,304,"Su pago fue verificado correctamente, no hay ninguna irregularidad.","De acuerdo, esperare la llamada del tecnico",neutral,2.55
1602,77,"Con gusto le ayudo, ¿me confirma su número de cliente?",Es indignante el tiempo que llevo esperando una respuesta!!,negative,0.72
1603,195,"Gracias por contactarnos, en un momento verifico la información.",No puede ser que sigan cobrando mal despues de tantos reclamos,negative,27.99
1604,213,"Ya generé la solicitud, un técnico se comunicará en las próximas horas.",Es la peor experiencia que he tenido con un proveedor de internet!!,negative,0.7
1605,353,"Ya generé la solicitud, un técnico se comunicará en las próximas horas.","Todo excelente, seguire siendo cliente sin duda",positive,5.03
1606,65,"Ya generé la solicitud, un técnico se comunicará en las próximas horas.",¿Cuánto tiempo tarda en aplicarse este cambio?,neutral,0.65
1607,708,"Su pago fue verificado correctamente, no hay ninguna irregularidad.",Quedé muy satisfecho con la solución que me dieron,positive,3.46
1608,96,"Gracias por contactarnos, en un momento verifico la información.","Todo excelente, seguire siendo cliente sin duda",positive,16.59
1609,616,"Su pago fue verificado correctamente, no hay ninguna irregularidad.",Solo quería confirmar el estado de mi solicitud,neutral,2.7
1610,735,"Su pago fue verificado correctamente, no hay ninguna irregularidad.","Muy buen servicio, el agente fue muy amable y resolvió todo!!",positive,4.95
1611,138,"Ya generé la solicitud, un técnico se comunicará en las próximas horas.","Ok, entendido, voy a revisar la información enviada",neutral,11.82
1612,85,"Con gusto le ayudo, ¿me confirma su número de cliente?",Solo quería confirmar el estado de mi solicitud,neutral,1.67
1613,260,"Gracias por contactarnos, en un momento verifico la información.","estoy realmente frustrado, nadie me da una solución definitiva",negative,3.59
1614,735,"Ya generé la solicitud, un técnico se comunicará en las próximas horas.","Esto es inaceptable, llevo tres días sin internet y nadie resuelve nada",negative,9.97
1615,757,"Con gusto le ayudo, ¿me confirma su número de cliente?","Estoy realmente frustrado, nadie me da una solución definitiva",negative,1.96
1616,9,"Su pago fue verificado correctamente, no hay ninguna irregularidad.","Esto es inaceptable, llevo tres días sin internet y nadie resuelve nada",negative,3.06
1617,389,"Lamento el inconveniente, procedo a escalar su caso de inmediato.","Todo excelente, seguiré siendo cliente sin duda!!",positive,4.44
1618,138,"Con gusto le ayudo, ¿me confirma su número de cliente?","ya no aguanto más este servicio, quiero cancelar ya mismo",negative,6.28
1619,420,"Lamento el inconveniente, procedo a escalar su caso de inmediato.","Muy buen servicio, el agente fue muy amable y resolvió todo",positive,2.27
1620,356,"Entiendo su situación, permítame revisar su cuenta para ayudarle.","Todo excelente, seguiré siendo cliente sin duda",positive,0.57
1621,219,"Entiendo su situación, permítame revisar su cuenta para ayudarle.","Necesito más información sobre el proceso, por favor",neutral,8.71
1622,66,"Ya generé la solicitud, un técnico se comunicará en las próximas horas.",Me encantó la rapidez con la que atendieron mi caso,positive,2.64
1623,46,"Entiendo su situación, permítame revisar su cuenta para ayudarle.",¿Podrían confirmarme el horario de atención mañana?,neutral,1.68
1624,523,"Gracias por contactarnos, en un momento verifico la información.",¿Podrían confirmarme el horario de atención mañana?,neutral,4.13
1625,529,"Lamento el inconveniente, procedo a escalar su caso de inmediato.","Está bien, quedo pendiente de la respuesta",neutral,2.91
1626,344,"Lamento el inconveniente, procedo a escalar su caso de inmediato.",¿Podrían confirmarme el horario de atención mañana?!!,neutral,3.25
1627,566,"Con gusto le ayudo, ¿me confirma su número de cliente?","Pésimo servicio, quiero hablar con un supervisor urgente",negative,3.24
1628,488,"Entiendo su situación, permítame revisar su cuenta para ayudarle.","De acuerdo, esperaré la llamada del técnico",neutral,2.43
1629,344,"Entiendo su situación, permítame revisar su cuenta para ayudarle.",No puede ser que sigan cobrando mal despues de tantos reclamos,negative,5.14
1630,573,"Entiendo su situación, permítame revisar su cuenta para ayudarle.",Me encantó la rapidez con la que atendieron mi caso,positive,1.32
1631,315,"Su pago fue verificado correctamente, no hay ninguna irregularidad.",¿Cuánto tiempo tarda en aplicarse este cambio?,neutral,1.19
1632,798,"Gracias por contactarnos, en un momento verifico la información.","De acuerdo, esperaré la llamada del técnico",neutral,6.82
1633,366,"Gracias por contactarnos, en un momento verifico la información.","Muchas gracias, quedó todo resuelto perfectamente",positive,26.8
1634,191,"Su pago fue verificado correctamente, no hay ninguna irregularidad.","Muchas gracias, quedó todo resuelto perfectamente!!",positive,2.72
1635,271,"Ya generé la solicitud, un técnico se comunicará en las próximas horas.",No puede ser que sigan cobrando mal después de tantos reclamos,negative,6.07
1636,722,"Gracias por contactarnos, en un momento verifico la información.","Perfecto, eso era justo lo que necesitaba, gracias",positive,15.75
1637,523,"Lamento el inconveniente, procedo a escalar su caso de inmediato.","Necesito mas informacion sobre el proceso, por favor",neutral,6.0
1638,172,"Entiendo su situación, permítame revisar su cuenta para ayudarle.","Entiendo, gracias por la información proporcionada",neutral,2.14
1639,176,"Ya generé la solicitud, un técnico se comunicará en las próximas horas.","Ok, entendido, voy a revisar la información enviada",neutral,2.25
1640,254,"Su pago fue verificado correctamente, no hay ninguna irregularidad.",Quedé muy satisfecho con la solución que me dieron,positive,5.95
1641,570,"Ya generé la solicitud, un técnico se comunicará en las próximas horas.","Muchas gracias, quedó todo resuelto perfectamente",positive,13.12
1642,740,"Entiendo su situación, permítame revisar su cuenta para ayudarle.","Estoy realmente frustrado, nadie me da una solución definitiva",negative,11.89
1643,793,"Gracias por contactarnos, en un momento verifico la información.","Perfecto, eso era justo lo que necesitaba, gracias",positive,5.72
1644,594,"Con gusto le ayudo, ¿me confirma su número de cliente?","Muchas gracias, quedó todo resuelto perfectamente",positive,11.53
1645,192,"Con gusto le ayudo, ¿me confirma su número de cliente?",¿Podrían confirmarme el horario de atención mañana?,neutral,4.8
1646,271,"Lamento el inconveniente, procedo a escalar su caso de inmediato.","Perfecto, eso era justo lo que necesitaba, gracias",positive,1.02
1647,66,"Gracias por contactarnos, en un momento verifico la información.","Estoy muy molesto, ya es la tercera vez que reporto lo mismo",negative,5.11
1648,139,"Ya generé la solicitud, un técnico se comunicará en las próximas horas.","Esto es inaceptable, llevo tres días sin internet y nadie resuelve nada",negative,6.62
1649,416,"Su pago fue verificado correctamente, no hay ninguna irregularidad.","ya no aguanto más este servicio, quiero cancelar ya mismo",negative,15.02
1650,617,"Lamento el inconveniente, procedo a escalar su caso de inmediato.","De acuerdo, esperaré la llamada del técnico",neutral,12.24
1651,53,"Lamento el inconveniente, procedo a escalar su caso de inmediato.",quedé muy satisfecho con la solución que me dieron,positive,1.64
1652,279,"Con gusto le ayudo, ¿me confirma su número de cliente?",No puede ser que sigan cobrando mal después de tantos reclamos!!,negative,3.62
1653,152,"Con gusto le ayudo, ¿me confirma su número de cliente?","todo excelente, seguiré siendo cliente sin duda",positive,20.7
1654,771,"Su pago fue verificado correctamente, no hay ninguna irregularidad.","Esto es inaceptable, llevo tres días sin internet y nadie resuelve nada",negative,8.54
1655,157,"Lamento el inconveniente, procedo a escalar su caso de inmediato.","Estoy realmente frustrado, nadie me da una solución definitiva",negative,1.83
1656,688,"Con gusto le ayudo, ¿me confirma su número de cliente?","Estoy muy molesto, ya es la tercera vez que reporto lo mismo",negative,2.61
1657,187,"Ya generé la solicitud, un técnico se comunicará en las próximas horas.",Me encantó la rapidez con la que atendieron mi caso,positive,8.21
1658,24,"Entiendo su situación, permítame revisar su cuenta para ayudarle.","Excelente atencion, el problema se soluciono muy rapido",positive,21.49
1659,543,"Ya generé la solicitud, un técnico se comunicará en las próximas horas.","Genial, ya funciona el internet, gracias por la ayuda",positive,8.09
1660,668,"Con gusto le ayudo, ¿me confirma su número de cliente?","Perfecto, eso era justo lo que necesitaba, gracias",positive,3.45
1661,539,"Lamento el inconveniente, procedo a escalar su caso de inmediato.","De acuerdo, esperaré la llamada del técnico!!",neutral,2.85
1662,455,"Entiendo su situación, permítame revisar su cuenta para ayudarle.",¿Podrían confirmarme el horario de atención mañana?,neutral,6.62
1663,602,"Gracias por contactarnos, en un momento verifico la información.","De acuerdo, esperaré la llamada del técnico",neutral,4.21
1664,354,"Gracias por contactarnos, en un momento verifico la información.","Muchas gracias, quedó todo resuelto perfectamente",positive,4.12
1665,574,"Con gusto le ayudo, ¿me confirma su número de cliente?",Quedé muy satisfecho con la solución que me dieron!!,positive,7.77
1666,158,"Su pago fue verificado correctamente, no hay ninguna irregularidad.","Muchas gracias, quedó todo resuelto perfectamente!!",positive,1.08
1667,281,"Ya generé la solicitud, un técnico se comunicará en las próximas horas.",Es la peor experiencia que he tenido con un proveedor de internet,negative,8.2
1668,643,"Lamento el inconveniente, procedo a escalar su caso de inmediato.","Excelente atención, el problema se solucionó muy rápido",positive,4.58
1669,404,"Gracias por contactarnos, en un momento verifico la información.","Está bien, quedo pendiente de la respuesta",neutral,0.9
1670,468,"Lamento el inconveniente, procedo a escalar su caso de inmediato.","Entiendo, gracias por la información proporcionada",neutral,6.07
1671,707,"Ya generé la solicitud, un técnico se comunicará en las próximas horas.",Me encantó la rapidez con la que atendieron mi caso,positive,3.56
1672,630,"Lamento el inconveniente, procedo a escalar su caso de inmediato.","De acuerdo, esperaré la llamada del técnico",neutral,8.59
1673,71,"Entiendo su situación, permítame revisar su cuenta para ayudarle.","necesito más información sobre el proceso, por favor",neutral,7.5
1674,156,"Su pago fue verificado correctamente, no hay ninguna irregularidad.",¿Podrían confirmarme el horario de atención mañana?,neutral,1.4
1675,242,"Gracias por contactarnos, en un momento verifico la información.","genial, ya funciona el internet, gracias por la ayuda",positive,12.36
1676,69,"Entiendo su situación, permítame revisar su cuenta para ayudarle.","Genial, ya funciona el internet, gracias por la ayuda",positive,8.09
1677,269,"Su pago fue verificado correctamente, no hay ninguna irregularidad.",Solo quería confirmar el estado de mi solicitud!!,neutral,5.8
1678,121,"Ya generé la solicitud, un técnico se comunicará en las próximas horas.","Todo excelente, seguiré siendo cliente sin duda",positive,1.82
1679,588,"Gracias por contactarnos, en un momento verifico la información.","De acuerdo, esperaré la llamada del técnico",neutral,7.0
1680,655,"Gracias por contactarnos, en un momento verifico la información.",Me encantó la rapidez con la que atendieron mi caso,positive,5.79
1681,480,"Lamento el inconveniente, procedo a escalar su caso de inmediato.","Esto es inaceptable, llevo tres días sin internet y nadie resuelve nada",negative,2.71
1682,706,"Entiendo su situación, permítame revisar su cuenta para ayudarle.",Es la peor experiencia que he tenido con un proveedor de internet,negative,8.54
1683,236,"Gracias por contactarnos, en un momento verifico la información.",Quedé muy satisfecho con la solución que me dieron,positive,8.98
1684,661,"Con gusto le ayudo, ¿me confirma su número de cliente?","Necesito más información sobre el proceso, por favor",neutral,0.72
1685,535,"Su pago fue verificado correctamente, no hay ninguna irregularidad.","Esto es inaceptable, llevo tres días sin internet y nadie resuelve nada",negative,3.1
1686,40,"Ya generé la solicitud, un técnico se comunicará en las próximas horas.","Perfecto, eso era justo lo que necesitaba, gracias",positive,7.65
1687,494,"Con gusto le ayudo, ¿me confirma su número de cliente?","perfecto, eso era justo lo que necesitaba, gracias",positive,4.41
1688,616,"Su pago fue verificado correctamente, no hay ninguna irregularidad.","Ok, entendido, voy a revisar la información enviada",neutral,1.49
1689,292,"Entiendo su situación, permítame revisar su cuenta para ayudarle.",Es indignante el tiempo que llevo esperando una respuesta,negative,22.79
1690,139,"Su pago fue verificado correctamente, no hay ninguna irregularidad.","Entiendo, gracias por la informacion proporcionada",neutral,1.73
1691,598,"Gracias por contactarnos, en un momento verifico la información.","De acuerdo, esperaré la llamada del técnico",neutral,4.7
1692,646,"Gracias por contactarnos, en un momento verifico la información.",No puede ser que sigan cobrando mal después de tantos reclamos,negative,11.46
1693,356,"Con gusto le ayudo, ¿me confirma su número de cliente?",Quedé muy satisfecho con la solución que me dieron,positive,3.18
1694,650,"Con gusto le ayudo, ¿me confirma su número de cliente?","Genial, ya funciona el internet, gracias por la ayuda",positive,14.67
1695,479,"Su pago fue verificado correctamente, no hay ninguna irregularidad.",No puede ser que sigan cobrando mal después de tantos reclamos!!,negative,5.24
1696,253,"Su pago fue verificado correctamente, no hay ninguna irregularidad.","Entiendo, gracias por la información proporcionada",neutral,4.13
1697,727,"Gracias por contactarnos, en un momento verifico la información.","necesito más información sobre el proceso, por favor",neutral,3.73
1698,523,"Entiendo su situación, permítame revisar su cuenta para ayudarle.",¿Podrían confirmarme el horario de atención mañana?,neutral,17.94
1699,744,"Entiendo su situación, permítame revisar su cuenta para ayudarle.","Está bien, quedo pendiente de la respuesta",neutral,2.89
1700,116,"Con gusto le ayudo, ¿me confirma su número de cliente?","Estoy muy molesto, ya es la tercera vez que reporto lo mismo",negative,3.26
1701,745,"Entiendo su situación, permítame revisar su cuenta para ayudarle.",Quedé muy satisfecho con la solución que me dieron,positive,7.15
1702,352,"Ya generé la solicitud, un técnico se comunicará en las próximas horas.",¿Podrían confirmarme el horario de atención mañana?,neutral,4.27
1703,69,"Ya generé la solicitud, un técnico se comunicará en las próximas horas.","Excelente atención, el problema se solucionó muy rápido",positive,1.82
1704,224,"Ya generé la solicitud, un técnico se comunicará en las próximas horas.",¿Cuánto tiempo tarda en aplicarse este cambio?,neutral,5.27
1705,420,"Ya generé la solicitud, un técnico se comunicará en las próximas horas.","Entiendo, gracias por la información proporcionada",neutral,4.67
1706,531,"Ya generé la solicitud, un técnico se comunicará en las próximas horas.","Estoy realmente frustrado, nadie me da una solución definitiva",negative,1.63
1707,40,"Entiendo su situación, permítame revisar su cuenta para ayudarle.",Es indignante el tiempo que llevo esperando una respuesta,negative,15.67
1708,636,"Lamento el inconveniente, procedo a escalar su caso de inmediato.","Esto es inaceptable, llevo tres dias sin internet y nadie resuelve nada",negative,0.98
1709,307,"Entiendo su situación, permítame revisar su cuenta para ayudarle.","De acuerdo, esperaré la llamada del técnico",neutral,7.26
1710,114,"Gracias por contactarnos, en un momento verifico la información.",quedé muy satisfecho con la solución que me dieron,positive,11.69
1711,11,"Entiendo su situación, permítame revisar su cuenta para ayudarle.","Todo excelente, seguiré siendo cliente sin duda",positive,4.1
1712,712,"Con gusto le ayudo, ¿me confirma su número de cliente?","Estoy muy molesto, ya es la tercera vez que reporto lo mismo",negative,10.0
1713,134,"Su pago fue verificado correctamente, no hay ninguna irregularidad.","Está bien, quedo pendiente de la respuesta",neutral,9.17
1714,575,"Ya generé la solicitud, un técnico se comunicará en las próximas horas.",No puede ser que sigan cobrando mal después de tantos reclamos,negative,11.67
1715,216,"Gracias por contactarnos, en un momento verifico la información.","Estoy muy molesto, ya es la tercera vez que reporto lo mismo",negative,0.54
1716,330,"Ya generé la solicitud, un técnico se comunicará en las próximas horas.",¿Cuánto tiempo tarda en aplicarse este cambio?,neutral,6.37
1717,214,"Entiendo su situación, permítame revisar su cuenta para ayudarle.","Ok, entendido, voy a revisar la informacion enviada",neutral,11.95
1718,642,"Su pago fue verificado correctamente, no hay ninguna irregularidad.","Pesimo servicio, quiero hablar con un supervisor urgente",negative,8.4
1719,227,"Ya generé la solicitud, un técnico se comunicará en las próximas horas.","Necesito mas informacion sobre el proceso, por favor",neutral,1.7
1720,738,"Su pago fue verificado correctamente, no hay ninguna irregularidad.","Esto es inaceptable, llevo tres días sin internet y nadie resuelve nada",negative,5.79
1721,530,"Lamento el inconveniente, procedo a escalar su caso de inmediato.","Está bien, quedo pendiente de la respuesta!!",neutral,5.22
1722,673,"Con gusto le ayudo, ¿me confirma su número de cliente?",Me encantó la rapidez con la que atendieron mi caso,positive,7.18
1723,182,"Ya generé la solicitud, un técnico se comunicará en las próximas horas.",Me encantó la rapidez con la que atendieron mi caso,positive,0.55
1724,309,"Su pago fue verificado correctamente, no hay ninguna irregularidad.",Solo quería confirmar el estado de mi solicitud!!,neutral,3.3
1725,673,"Lamento el inconveniente, procedo a escalar su caso de inmediato.",¿Podrían confirmarme el horario de atención mañana?,neutral,1.3
1726,713,"Entiendo su situación, permítame revisar su cuenta para ayudarle.","De acuerdo, esperaré la llamada del técnico",neutral,2.9
1727,418,"Con gusto le ayudo, ¿me confirma su número de cliente?","Esto es inaceptable, llevo tres días sin internet y nadie resuelve nada",negative,1.34
1728,567,"Ya generé la solicitud, un técnico se comunicará en las próximas horas.","estoy muy molesto, ya es la tercera vez que reporto lo mismo",negative,12.74
1729,238,"Entiendo su situación, permítame revisar su cuenta para ayudarle.",Es la peor experiencia que he tenido con un proveedor de internet,negative,17.62
1730,16,"Gracias por contactarnos, en un momento verifico la información.","Muchas gracias, quedó todo resuelto perfectamente",positive,11.09
1731,261,"Entiendo su situación, permítame revisar su cuenta para ayudarle.","Está bien, quedo pendiente de la respuesta",neutral,13.82
1732,719,"Su pago fue verificado correctamente, no hay ninguna irregularidad.",¿Cuánto tiempo tarda en aplicarse este cambio?!!,neutral,2.49
1733,142,"Lamento el inconveniente, procedo a escalar su caso de inmediato.","Estoy muy molesto, ya es la tercera vez que reporto lo mismo",negative,11.21
1734,661,"Ya generé la solicitud, un técnico se comunicará en las próximas horas.",No puede ser que sigan cobrando mal después de tantos reclamos,negative,13.93
1735,549,"Ya generé la solicitud, un técnico se comunicará en las próximas horas.","Estoy muy molesto, ya es la tercera vez que reporto lo mismo!!",negative,2.62
1736,289,"Entiendo su situación, permítame revisar su cuenta para ayudarle.",¿Cuánto tiempo tarda en aplicarse este cambio?,neutral,5.59
1737,151,"Lamento el inconveniente, procedo a escalar su caso de inmediato.","De acuerdo, esperaré la llamada del técnico",neutral,35.11
1738,235,"Gracias por contactarnos, en un momento verifico la información.","Estoy muy molesto, ya es la tercera vez que reporto lo mismo",negative,4.24
1739,38,"Su pago fue verificado correctamente, no hay ninguna irregularidad.",Es indignante el tiempo que llevo esperando una respuesta,negative,23.22
1740,484,"Lamento el inconveniente, procedo a escalar su caso de inmediato.","Entiendo, gracias por la informacion proporcionada",neutral,2.65
1741,241,"Ya generé la solicitud, un técnico se comunicará en las próximas horas.","De acuerdo, esperare la llamada del tecnico!!",neutral,9.97
1742,108,"Entiendo su situación, permítame revisar su cuenta para ayudarle.","Estoy muy molesto, ya es la tercera vez que reporto lo mismo",negative,9.79
1743,586,"Ya generé la solicitud, un técnico se comunicará en las próximas horas.","Muchas gracias, quedó todo resuelto perfectamente",positive,16.64
1744,53,"Con gusto le ayudo, ¿me confirma su número de cliente?",no puede ser que sigan cobrando mal después de tantos reclamos,negative,4.11
1745,273,"Su pago fue verificado correctamente, no hay ninguna irregularidad.",¿Podrían confirmarme el horario de atención mañana?,neutral,3.42
1746,654,"Con gusto le ayudo, ¿me confirma su número de cliente?","Excelente atención, el problema se solucionó muy rápido",positive,9.99
1747,93,"Su pago fue verificado correctamente, no hay ninguna irregularidad.",quedé muy satisfecho con la solución que me dieron,positive,1.32
1748,3,"Con gusto le ayudo, ¿me confirma su número de cliente?","Esto es inaceptable, llevo tres días sin internet y nadie resuelve nada",negative,15.56
1749,407,"Gracias por contactarnos, en un momento verifico la información.","Está bien, quedo pendiente de la respuesta",neutral,1.4
1750,337,"Su pago fue verificado correctamente, no hay ninguna irregularidad.",Es indignante el tiempo que llevo esperando una respuesta,negative,9.01
1751,167,"Lamento el inconveniente, procedo a escalar su caso de inmediato.",Me encantó la rapidez con la que atendieron mi caso,positive,4.24
1752,428,"Con gusto le ayudo, ¿me confirma su número de cliente?","Entiendo, gracias por la información proporcionada",neutral,17.38
1753,289,"Lamento el inconveniente, procedo a escalar su caso de inmediato.",Quedé muy satisfecho con la solución que me dieron,positive,13.13
1754,50,"Entiendo su situación, permítame revisar su cuenta para ayudarle.","Necesito más información sobre el proceso, por favor",neutral,1.74
1755,265,"Entiendo su situación, permítame revisar su cuenta para ayudarle.",Me encantó la rapidez con la que atendieron mi caso,positive,13.67
1756,665,"Su pago fue verificado correctamente, no hay ninguna irregularidad.","Excelente atencion, el problema se soluciono muy rapido",positive,3.58
1757,799,"Su pago fue verificado correctamente, no hay ninguna irregularidad.","Muchas gracias, quedó todo resuelto perfectamente",positive,0.65
1758,454,"Con gusto le ayudo, ¿me confirma su número de cliente?","Estoy muy molesto, ya es la tercera vez que reporto lo mismo",negative,10.66
1759,203,"Entiendo su situación, permítame revisar su cuenta para ayudarle.",Quede muy satisfecho con la solucion que me dieron,positive,7.17
1760,290,"Ya generé la solicitud, un técnico se comunicará en las próximas horas.","Necesito mas informacion sobre el proceso, por favor!!",neutral,1.85
1761,581,"Entiendo su situación, permítame revisar su cuenta para ayudarle.","Entiendo, gracias por la información proporcionada",neutral,14.12
1762,579,"Con gusto le ayudo, ¿me confirma su número de cliente?","Todo excelente, seguiré siendo cliente sin duda",positive,5.62
1763,740,"Entiendo su situación, permítame revisar su cuenta para ayudarle.","Excelente atención, el problema se solucionó muy rápido",positive,4.09
1764,775,"Su pago fue verificado correctamente, no hay ninguna irregularidad.",No puede ser que sigan cobrando mal después de tantos reclamos,negative,15.75
1765,504,"Ya generé la solicitud, un técnico se comunicará en las próximas horas.",Es la peor experiencia que he tenido con un proveedor de internet,negative,23.75
1766,341,"Lamento el inconveniente, procedo a escalar su caso de inmediato.",Solo quería confirmar el estado de mi solicitud,neutral,11.48
1767,313,"Su pago fue verificado correctamente, no hay ninguna irregularidad.","Está bien, quedo pendiente de la respuesta",neutral,9.34
1768,544,"Lamento el inconveniente, procedo a escalar su caso de inmediato.","Está bien, quedo pendiente de la respuesta",neutral,6.99
1769,353,"Lamento el inconveniente, procedo a escalar su caso de inmediato.",Me encantó la rapidez con la que atendieron mi caso!!,positive,4.34
1770,170,"Ya generé la solicitud, un técnico se comunicará en las próximas horas.",Es indignante el tiempo que llevo esperando una respuesta,negative,2.7
1771,793,"Su pago fue verificado correctamente, no hay ninguna irregularidad.","Estoy realmente frustrado, nadie me da una solución definitiva",negative,0.72
1772,456,"Su pago fue verificado correctamente, no hay ninguna irregularidad.","muchas gracias, quedó todo resuelto perfectamente",positive,3.93
1773,413,"Entiendo su situación, permítame revisar su cuenta para ayudarle.",es la peor experiencia que he tenido con un proveedor de internet,negative,2.71
1774,766,"Su pago fue verificado correctamente, no hay ninguna irregularidad.",Es la peor experiencia que he tenido con un proveedor de internet,negative,7.64
1775,276,"Ya generé la solicitud, un técnico se comunicará en las próximas horas.",Quedé muy satisfecho con la solución que me dieron,positive,4.29
1776,759,"Entiendo su situación, permítame revisar su cuenta para ayudarle.",Me encanto la rapidez con la que atendieron mi caso,positive,4.12
1777,763,"Ya generé la solicitud, un técnico se comunicará en las próximas horas.","Muy buen servicio, el agente fue muy amable y resolvió todo",positive,4.35
1778,38,"Lamento el inconveniente, procedo a escalar su caso de inmediato.","Muchas gracias, quedó todo resuelto perfectamente",positive,2.32
1779,679,"Su pago fue verificado correctamente, no hay ninguna irregularidad.","Esto es inaceptable, llevo tres dias sin internet y nadie resuelve nada",negative,3.66
1780,797,"Lamento el inconveniente, procedo a escalar su caso de inmediato.",Me encantó la rapidez con la que atendieron mi caso,positive,1.69
1781,169,"Lamento el inconveniente, procedo a escalar su caso de inmediato.","Ya no aguanto más este servicio, quiero cancelar ya mismo",negative,1.71
1782,425,"Con gusto le ayudo, ¿me confirma su número de cliente?","entiendo, gracias por la información proporcionada",neutral,3.87
1783,510,"Gracias por contactarnos, en un momento verifico la información.","Todo excelente, seguiré siendo cliente sin duda",positive,6.88
1784,598,"Ya generé la solicitud, un técnico se comunicará en las próximas horas.","Necesito más información sobre el proceso, por favor",neutral,6.27
1785,424,"Lamento el inconveniente, procedo a escalar su caso de inmediato.","Ya no aguanto más este servicio, quiero cancelar ya mismo",negative,1.53
1786,542,"Entiendo su situación, permítame revisar su cuenta para ayudarle.",Solo quería confirmar el estado de mi solicitud,neutral,7.2
1787,345,"Su pago fue verificado correctamente, no hay ninguna irregularidad.","Ok, entendido, voy a revisar la información enviada!!",neutral,3.67
1788,746,"Con gusto le ayudo, ¿me confirma su número de cliente?","Está bien, quedo pendiente de la respuesta",neutral,11.38
1789,152,"Gracias por contactarnos, en un momento verifico la información.",Solo quería confirmar el estado de mi solicitud,neutral,9.09
1790,701,"Entiendo su situación, permítame revisar su cuenta para ayudarle.",Quedé muy satisfecho con la solución que me dieron,positive,0.83
1791,622,"Gracias por contactarnos, en un momento verifico la información.","Ya no aguanto más este servicio, quiero cancelar ya mismo",negative,16.83
1792,80,"Su pago fue verificado correctamente, no hay ninguna irregularidad.","Necesito más información sobre el proceso, por favor",neutral,3.57
1793,275,"Entiendo su situación, permítame revisar su cuenta para ayudarle.","Pésimo servicio, quiero hablar con un supervisor urgente",negative,9.96
1794,735,"Su pago fue verificado correctamente, no hay ninguna irregularidad.","Estoy realmente frustrado, nadie me da una solución definitiva",negative,26.09
1795,627,"Gracias por contactarnos, en un momento verifico la información.","Ya no aguanto más este servicio, quiero cancelar ya mismo",negative,6.78
1796,265,"Ya generé la solicitud, un técnico se comunicará en las próximas horas.","Todo excelente, seguire siendo cliente sin duda",positive,4.17
1797,29,"Lamento el inconveniente, procedo a escalar su caso de inmediato.",Solo quería confirmar el estado de mi solicitud,neutral,0.8
1798,527,"Entiendo su situación, permítame revisar su cuenta para ayudarle.",¿Cuánto tiempo tarda en aplicarse este cambio?,neutral,7.26
1799,338,"Gracias por contactarnos, en un momento verifico la información.","Perfecto, eso era justo lo que necesitaba, gracias",positive,3.35
1800,316,"Con gusto le ayudo, ¿me confirma su número de cliente?","Estoy muy molesto, ya es la tercera vez que reporto lo mismo",negative,3.65
